0,1,2,3,4,5,6,7
2.0,2.0,8.0,1980.0,24483906.0,2.0,1.0,529.3333333333334
1.0,1.0,10.0,1979.0,20549105.0,2.0,1.0,499.0
2.0,1.0,10.0,1979.0,13008508.0,2.0,1.0,504.6666666666667
2.0,2.0,4.0,1980.0,24483906.0,1.0,1.0,511.3333333333333
2.0,1.0,5.0,1980.0,12807606.0,2.0,1.0,531.3333333333334
1.0,1.0,2.0,1980.0,16928005.0,2.0,1.0,518.6666666666666
2.0,1.0,9.0,1980.0,21252207.0,1.0,1.0,495.6666666666667
1.0,1.0,4.0,1980.0,13008508.0,2.0,1.0,525.3333333333334
1.0,1.0,10.0,1979.0,13008508.0,1.0,1.0,463.0
1.0,2.0,7.0,1980.0,20549207.0,1.0,1.0,502.0
1.0,2.0,6.0,1980.0,16620305.0,2.0,1.0,507.6666666666667
1.0,1.0,6.0,1979.0,16928005.0,2.0,1.0,501.6666666666667
1.0,2.0,2.0,1980.0,24472707.0,1.0,1.0,530.6666666666666
1.0,2.0,8.0,1980.0,24472706.0,2.0,1.0,514.3333333333334
1.0,2.0,11.0,1979.0,20549207.0,1.0,1.0,530.3333333333334
1.0,2.0,7.0,1980.0,24474506.0,1.0,1.0,507.0
2.0,1.0,12.0,1979.0,16921904.0,1.0,1.0,518.0
2.0,1.0,7.0,1979.0,16922909.0,1.0,1.0,501.0
1.0,1.0,7.0,1979.0,24480105.0,1.0,1.0,493.6666666666667
2.0,1.0,1.0,1980.0,20548804.0,2.0,1.0,521.3333333333334
1.0,1.0,2.0,1980.0,26494510.0,2.0,1.0,521.0
1.0,1.0,2.0,1980.0,21252207.0,1.0,1.0,517.0
1.0,2.0,11.0,1979.0,21252207.0,1.0,1.0,505.0
1.0,1.0,6.0,1979.0,16620305.0,2.0,1.0,515.3333333333334
2.0,2.0,5.0,1980.0,24474506.0,1.0,1.0,510.3333333333333
1.0,1.0,4.0,1980.0,21252207.0,1.0,1.0,523.3333333333334
2.0,2.0,6.0,1980.0,16620305.0,1.0,1.0,500.6666666666667
1.0,2.0,10.0,1979.0,16922910.0,1.0,1.0,506.6666666666667
1.0,1.0,3.0,1979.0,11203805.0,1.0,1.0,512.0
2.0,2.0,3.0,1980.0,24483906.0,1.0,1.0,516.0
1.0,1.0,7.0,1980.0,24474506.0,2.0,1.0,511.6666666666667
1.0,1.0,10.0,1979.0,16620305.0,1.0,1.0,491.6666666666667
2.0,2.0,7.0,1980.0,24474506.0,1.0,1.0,497.3333333333333
1.0,2.0,8.0,1980.0,16928004.0,1.0,1.0,499.6666666666667
2.0,1.0,12.0,1979.0,20548805.0,2.0,1.0,524.6666666666666
2.0,1.0,5.0,1980.0,24480105.0,1.0,1.0,516.0
2.0,1.0,4.0,1980.0,18938205.0,1.0,1.0,519.6666666666666
1.0,2.0,11.0,1979.0,20549207.0,1.0,1.0,517.0
1.0,1.0,12.0,1979.0,16928004.0,1.0,1.0,531.3333333333334
2.0,1.0,10.0,1979.0,21252207.0,1.0,1.0,489.0
2.0,1.0,8.0,1980.0,24483104.0,1.0,1.0,506.3333333333333
1.0,1.0,4.0,1980.0,25790509.0,1.0,1.0,519.0
1.0,1.0,2.0,1980.0,24483104.0,1.0,1.0,492.0
2.0,1.0,8.0,1980.0,24483105.0,2.0,1.0,526.6666666666666
1.0,2.0,7.0,1980.0,18034410.0,1.0,1.0,507.0
1.0,1.0,10.0,1979.0,16620305.0,1.0,1.0,526.3333333333334
2.0,1.0,2.0,1980.0,11203805.0,1.0,1.0,474.0
1.0,2.0,3.0,1980.0,24480105.0,1.0,1.0,512.6666666666666
2.0,2.0,5.0,1980.0,16922909.0,1.0,1.0,524.0
1.0,1.0,6.0,1980.0,25790509.0,1.0,1.0,525.3333333333334
2.0,1.0,12.0,1979.0,21252207.0,1.0,1.0,506.3333333333333
1.0,1.0,7.0,1980.0,16928005.0,1.0,1.0,512.6666666666666
2.0,1.0,8.0,1979.0,12807606.0,1.0,1.0,516.3333333333334
1.0,1.0,6.0,1979.0,24474506.0,1.0,1.0,510.0
2.0,1.0,12.0,1979.0,13008508.0,2.0,1.0,515.3333333333334
1.0,1.0,12.0,1979.0,18034410.0,1.0,1.0,527.6666666666666
2.0,2.0,2.0,1980.0,20548805.0,2.0,1.0,509.6666666666667
2.0,1.0,6.0,1980.0,16620305.0,1.0,1.0,516.6666666666666
2.0,1.0,4.0,1979.0,16921904.0,1.0,1.0,516.3333333333334
2.0,1.0,9.0,1980.0,18034410.0,1.0,1.0,517.6666666666666
1.0,1.0,8.0,1980.0,16922910.0,2.0,1.0,526.3333333333334
2.0,5.0,2.0,1980.0,24480105.0,2.0,1.0,488.6666666666667
1.0,1.0,2.0,1980.0,16928005.0,1.0,1.0,497.0
1.0,2.0,1.0,1980.0,24480105.0,1.0,1.0,480.6666666666667
2.0,2.0,10.0,1979.0,16922910.0,2.0,1.0,502.3333333333333
2.0,1.0,10.0,1979.0,20548804.0,1.0,1.0,503.0
2.0,1.0,7.0,1978.0,16921904.0,1.0,1.0,510.3333333333333
1.0,1.0,4.0,1980.0,20548804.0,2.0,1.0,505.0
1.0,1.0,5.0,1980.0,26494509.0,2.0,1.0,513.6666666666666
2.0,2.0,7.0,1980.0,24472707.0,1.0,1.0,508.6666666666667
1.0,2.0,7.0,1980.0,24472707.0,2.0,1.0,531.0
1.0,1.0,8.0,1980.0,16922910.0,2.0,1.0,474.0
1.0,2.0,9.0,1979.0,16922908.0,1.0,1.0,492.0
2.0,1.0,4.0,1978.0,16922909.0,2.0,1.0,491.3333333333333
1.0,1.0,8.0,1980.0,21856205.0,2.0,1.0,517.0
1.0,2.0,4.0,1979.0,11203805.0,1.0,1.0,464.3333333333333
2.0,2.0,11.0,1979.0,20549207.0,1.0,1.0,515.6666666666666
2.0,1.0,9.0,1980.0,20548804.0,2.0,1.0,519.6666666666666
1.0,2.0,12.0,1979.0,11203805.0,2.0,1.0,501.0
1.0,2.0,9.0,1980.0,11203805.0,1.0,1.0,471.3333333333333
1.0,1.0,4.0,1980.0,20548804.0,1.0,1.0,516.0
2.0,1.0,9.0,1978.0,21856205.0,2.0,1.0,498.3333333333333
2.0,1.0,4.0,1980.0,18938205.0,2.0,1.0,524.3333333333334
2.0,1.0,9.0,1980.0,24483105.0,2.0,1.0,520.3333333333334
2.0,2.0,10.0,1980.0,24480105.0,1.0,1.0,470.3333333333333
2.0,1.0,2.0,1980.0,16620305.0,2.0,1.0,524.0
1.0,2.0,9.0,1980.0,11203805.0,1.0,1.0,531.0
2.0,1.0,9.0,1980.0,24474506.0,2.0,1.0,507.0
2.0,1.0,1.0,1979.0,25790508.0,2.0,1.0,500.6666666666667
2.0,2.0,8.0,1980.0,24472707.0,1.0,1.0,510.0
2.0,1.0,4.0,1980.0,24483104.0,1.0,1.0,528.6666666666666
2.0,2.0,4.0,1980.0,24480105.0,2.0,1.0,525.3333333333334
1.0,1.0,8.0,1979.0,20548805.0,2.0,1.0,521.6666666666666
1.0,1.0,6.0,1980.0,25790509.0,1.0,1.0,507.0
1.0,1.0,10.0,1979.0,20548804.0,2.0,1.0,487.0
2.0,2.0,10.0,1980.0,24483906.0,2.0,1.0,522.0
2.0,2.0,4.0,1980.0,20549207.0,1.0,1.0,520.0
1.0,2.0,3.0,1980.0,11203805.0,1.0,1.0,486.6666666666667
2.0,1.0,8.0,1980.0,21252207.0,2.0,1.0,501.6666666666667
1.0,2.0,1.0,1980.0,24472707.0,1.0,1.0,521.0
2.0,2.0,5.0,1980.0,16921904.0,1.0,1.0,504.3333333333333
1.0,1.0,7.0,1980.0,21252207.0,2.0,1.0,468.0
1.0,3.0,6.0,1980.0,24472706.0,2.0,1.0,520.6666666666666
2.0,2.0,2.0,1980.0,24483105.0,1.0,1.0,512.3333333333334
2.0,2.0,12.0,1979.0,16922910.0,2.0,1.0,527.3333333333334
1.0,1.0,2.0,1980.0,24480105.0,2.0,1.0,521.6666666666666
2.0,1.0,8.0,1979.0,12807604.0,1.0,1.0,517.0
1.0,2.0,4.0,1979.0,24474506.0,1.0,1.0,482.3333333333333
2.0,1.0,5.0,1980.0,24474506.0,2.0,1.0,503.3333333333333
1.0,1.0,2.0,1979.0,16928004.0,1.0,1.0,503.3333333333333
2.0,1.0,5.0,1979.0,24483104.0,1.0,1.0,510.0
1.0,1.0,4.0,1979.0,18034411.0,1.0,1.0,518.6666666666666
1.0,2.0,8.0,1979.0,24483105.0,1.0,1.0,526.6666666666666
2.0,1.0,5.0,1980.0,16419806.0,2.0,1.0,515.0
1.0,2.0,7.0,1980.0,24472311.0,1.0,1.0,511.6666666666667
1.0,2.0,9.0,1980.0,24479607.0,1.0,1.0,469.6666666666667
2.0,2.0,3.0,1979.0,24479607.0,1.0,1.0,502.6666666666667
1.0,2.0,11.0,1978.0,24472310.0,1.0,1.0,504.3333333333333
1.0,1.0,9.0,1980.0,22157406.0,2.0,1.0,517.3333333333334
1.0,1.0,7.0,1978.0,20144908.0,0.0,1.0,477.0
2.0,2.0,12.0,1978.0,24475511.0,1.0,1.0,491.3333333333333
1.0,2.0,7.0,1978.0,16923107.0,1.0,1.0,505.0
2.0,2.0,12.0,1979.0,20549006.0,1.0,1.0,475.0
2.0,2.0,11.0,1978.0,24475511.0,1.0,1.0,483.3333333333333
2.0,1.0,5.0,1978.0,20144907.0,1.0,1.0,503.3333333333333
1.0,1.0,8.0,1978.0,20850105.0,1.0,1.0,504.3333333333333
2.0,1.0,10.0,1978.0,19342306.0,1.0,1.0,455.3333333333333
1.0,1.0,11.0,1978.0,12807907.0,1.0,1.0,506.6666666666667
2.0,2.0,11.0,1978.0,24480610.0,1.0,1.0,513.0
1.0,1.0,12.0,1978.0,12807907.0,2.0,1.0,509.0
1.0,2.0,8.0,1979.0,24479607.0,1.0,1.0,510.3333333333333
2.0,2.0,1.0,1979.0,24470808.0,2.0,1.0,484.3333333333333
2.0,2.0,11.0,1979.0,20549006.0,1.0,1.0,513.3333333333334
1.0,2.0,4.0,1979.0,24474606.0,1.0,1.0,518.0
1.0,2.0,6.0,1979.0,24475514.0,1.0,1.0,510.3333333333333
1.0,2.0,6.0,1979.0,24475511.0,1.0,1.0,516.3333333333334
2.0,2.0,7.0,1979.0,24475511.0,1.0,1.0,508.0
2.0,2.0,2.0,1979.0,24478006.0,1.0,1.0,483.3333333333333
2.0,1.0,2.0,1979.0,25288505.0,1.0,1.0,488.3333333333333
2.0,2.0,10.0,1977.0,24470807.0,1.0,1.0,474.0
2.0,1.0,3.0,1979.0,19342306.0,1.0,1.0,496.0
1.0,2.0,10.0,1979.0,24477609.0,1.0,1.0,500.3333333333333
1.0,2.0,11.0,1979.0,24477411.0,1.0,1.0,516.6666666666666
1.0,2.0,11.0,1979.0,24470807.0,1.0,1.0,472.0
2.0,2.0,11.0,1979.0,24472805.0,1.0,1.0,495.6666666666667
2.0,2.0,12.0,1979.0,24478006.0,2.0,1.0,470.6666666666667
1.0,2.0,12.0,1979.0,24470808.0,2.0,1.0,495.0
2.0,2.0,12.0,1979.0,24477610.0,2.0,1.0,519.6666666666666
1.0,1.0,3.0,1979.0,18937805.0,1.0,1.0,514.3333333333334
1.0,1.0,4.0,1979.0,21553312.0,1.0,1.0,485.3333333333333
1.0,1.0,6.0,1979.0,23462806.0,1.0,1.0,497.0
2.0,1.0,6.0,1979.0,19342306.0,1.0,1.0,500.6666666666667
1.0,1.0,6.0,1979.0,22157110.0,1.0,1.0,464.3333333333333
1.0,2.0,6.0,1979.0,25288505.0,2.0,1.0,504.6666666666667
1.0,1.0,7.0,1979.0,12305606.0,1.0,1.0,511.0
1.0,1.0,6.0,1979.0,18937805.0,2.0,1.0,480.0
1.0,1.0,8.0,1979.0,12305606.0,1.0,1.0,514.3333333333334
1.0,1.0,8.0,1979.0,16923107.0,2.0,1.0,515.0
1.0,2.0,8.0,1979.0,22157111.0,1.0,1.0,487.0
1.0,1.0,9.0,1979.0,16923104.0,1.0,1.0,465.0
1.0,1.0,9.0,1979.0,16923104.0,1.0,1.0,502.6666666666667
2.0,1.0,8.0,1979.0,18939605.0,1.0,1.0,491.3333333333333
1.0,1.0,9.0,1979.0,19342305.0,1.0,1.0,463.6666666666667
2.0,1.0,10.0,1979.0,16218406.0,1.0,1.0,473.0
2.0,1.0,10.0,1979.0,26192707.0,2.0,1.0,507.0
2.0,2.0,11.0,1979.0,16923104.0,2.0,1.0,500.3333333333333
1.0,1.0,11.0,1979.0,12305606.0,2.0,1.0,490.6666666666667
2.0,2.0,10.0,1979.0,17331204.0,1.0,1.0,503.6666666666667
1.0,1.0,11.0,1979.0,19141104.0,1.0,1.0,494.0
1.0,1.0,11.0,1979.0,20850105.0,1.0,1.0,516.6666666666666
1.0,1.0,11.0,1979.0,19342306.0,1.0,1.0,452.0
1.0,1.0,11.0,1979.0,20850108.0,2.0,1.0,517.3333333333334
2.0,2.0,11.0,1979.0,19342204.0,1.0,1.0,463.0
1.0,1.0,12.0,1979.0,12807907.0,1.0,1.0,505.6666666666667
1.0,1.0,12.0,1979.0,20144909.0,1.0,1.0,500.3333333333333
2.0,1.0,12.0,1979.0,20345208.0,1.0,1.0,516.3333333333334
1.0,1.0,12.0,1979.0,22157110.0,1.0,1.0,508.6666666666667
1.0,1.0,12.0,1979.0,22157111.0,1.0,1.0,507.6666666666667
2.0,1.0,11.0,1979.0,23462806.0,2.0,1.0,516.0
2.0,2.0,12.0,1979.0,24476404.0,1.0,1.0,490.3333333333333
2.0,2.0,12.0,1979.0,24480609.0,1.0,1.0,504.0
1.0,2.0,12.0,1979.0,24478006.0,1.0,1.0,488.6666666666667
2.0,2.0,12.0,1979.0,25288505.0,1.0,1.0,497.3333333333333
1.0,1.0,11.0,1979.0,21653706.0,2.0,1.0,519.6666666666666
2.0,1.0,12.0,1979.0,25388806.0,2.0,1.0,499.3333333333333
2.0,1.0,12.0,1979.0,21653706.0,2.0,1.0,495.0
2.0,1.0,12.0,1979.0,22558506.0,2.0,1.0,512.0
1.0,2.0,12.0,1979.0,24478006.0,1.0,1.0,502.3333333333333
1.0,2.0,11.0,1979.0,24472804.0,1.0,1.0,494.0
1.0,2.0,12.0,1979.0,24472805.0,1.0,1.0,502.3333333333333
1.0,1.0,8.0,1979.0,25388806.0,2.0,1.0,496.3333333333333
1.0,1.0,5.0,1979.0,21553312.0,1.0,1.0,513.3333333333334
1.0,1.0,4.0,1979.0,25789909.0,2.0,1.0,514.3333333333334
1.0,1.0,12.0,1979.0,12807905.0,1.0,1.0,476.6666666666667
2.0,1.0,12.0,1979.0,23061206.0,2.0,1.0,513.3333333333334
2.0,2.0,1.0,1980.0,24478006.0,2.0,1.0,507.3333333333333
2.0,2.0,1.0,1980.0,24472804.0,1.0,1.0,468.0
1.0,2.0,1.0,1980.0,20549006.0,1.0,1.0,506.3333333333333
1.0,2.0,1.0,1980.0,24477411.0,1.0,1.0,492.6666666666667
1.0,1.0,1.0,1980.0,16419806.0,1.0,1.0,510.6666666666667
1.0,2.0,1.0,1980.0,24470807.0,1.0,1.0,483.6666666666667
1.0,2.0,7.0,1980.0,20549006.0,1.0,1.0,490.0
1.0,2.0,2.0,1980.0,24472311.0,1.0,1.0,510.6666666666667
2.0,2.0,2.0,1980.0,24475514.0,1.0,1.0,476.3333333333333
2.0,2.0,2.0,1980.0,24470807.0,1.0,1.0,465.0
1.0,2.0,2.0,1980.0,24470807.0,1.0,1.0,477.0
2.0,2.0,2.0,1980.0,24477610.0,1.0,1.0,483.3333333333333
2.0,2.0,2.0,1980.0,24477411.0,1.0,1.0,515.6666666666666
1.0,2.0,2.0,1980.0,24479607.0,1.0,1.0,504.3333333333333
2.0,2.0,2.0,1980.0,24479607.0,1.0,1.0,507.0
2.0,2.0,2.0,1980.0,24470807.0,1.0,1.0,504.3333333333333
2.0,2.0,1.0,1980.0,20549006.0,1.0,1.0,470.3333333333333
1.0,2.0,6.0,1980.0,20549006.0,1.0,1.0,506.6666666666667
2.0,2.0,7.0,1980.0,20549006.0,1.0,1.0,518.6666666666666
1.0,1.0,1.0,1980.0,26192709.0,2.0,1.0,467.6666666666667
2.0,2.0,3.0,1980.0,24475514.0,2.0,1.0,519.6666666666666
1.0,2.0,3.0,1980.0,24477609.0,1.0,1.0,512.0
1.0,2.0,3.0,1980.0,24475514.0,1.0,1.0,503.3333333333333
1.0,2.0,3.0,1980.0,24477411.0,1.0,1.0,505.3333333333333
2.0,2.0,3.0,1980.0,24480609.0,1.0,1.0,512.6666666666666
1.0,2.0,3.0,1980.0,24475514.0,1.0,1.0,478.6666666666667
1.0,2.0,1.0,1980.0,24478006.0,2.0,1.0,509.3333333333333
2.0,2.0,1.0,1980.0,24477411.0,1.0,1.0,486.0
1.0,1.0,2.0,1980.0,25991504.0,2.0,1.0,494.0
2.0,1.0,1.0,1980.0,26192709.0,2.0,1.0,507.6666666666667
2.0,2.0,4.0,1980.0,24470807.0,1.0,1.0,517.3333333333334
2.0,2.0,5.0,1980.0,24477610.0,1.0,1.0,484.3333333333333
1.0,1.0,2.0,1980.0,22157406.0,1.0,1.0,504.3333333333333
2.0,2.0,5.0,1980.0,24479607.0,1.0,1.0,499.3333333333333
1.0,2.0,5.0,1980.0,24476404.0,1.0,1.0,511.3333333333333
1.0,2.0,5.0,1980.0,24472311.0,1.0,1.0,497.6666666666667
2.0,2.0,5.0,1979.0,24478006.0,1.0,1.0,465.3333333333333
1.0,1.0,1.0,1980.0,18937805.0,2.0,1.0,513.6666666666666
2.0,2.0,6.0,1980.0,24478006.0,1.0,1.0,509.0
1.0,2.0,6.0,1980.0,24470808.0,2.0,1.0,477.3333333333333
1.0,2.0,6.0,1980.0,24469711.0,1.0,1.0,494.3333333333333
1.0,1.0,2.0,1980.0,20850108.0,1.0,1.0,480.3333333333333
1.0,2.0,6.0,1980.0,24478006.0,2.0,1.0,510.6666666666667
2.0,2.0,2.0,1980.0,15917111.0,1.0,1.0,509.6666666666667
1.0,2.0,6.0,1980.0,24470808.0,1.0,1.0,507.0
1.0,2.0,7.0,1980.0,24478006.0,1.0,1.0,470.3333333333333
1.0,2.0,7.0,1980.0,24478006.0,1.0,1.0,483.0
2.0,2.0,2.0,1980.0,24472804.0,1.0,1.0,500.6666666666667
2.0,2.0,7.0,1980.0,24479607.0,1.0,1.0,513.0
1.0,2.0,7.0,1980.0,24480609.0,1.0,1.0,486.3333333333333
1.0,2.0,7.0,1980.0,24470807.0,1.0,1.0,482.3333333333333
2.0,2.0,7.0,1980.0,24470808.0,1.0,1.0,507.6666666666667
1.0,2.0,8.0,1980.0,24470807.0,1.0,1.0,463.6666666666667
1.0,1.0,2.0,1980.0,25288505.0,1.0,1.0,489.6666666666667
1.0,2.0,8.0,1980.0,24477610.0,1.0,1.0,499.6666666666667
2.0,2.0,8.0,1980.0,24470807.0,1.0,1.0,468.6666666666667
1.0,1.0,2.0,1980.0,19342305.0,1.0,1.0,514.3333333333334
2.0,2.0,8.0,1980.0,24473606.0,1.0,1.0,515.3333333333334
2.0,2.0,8.0,1980.0,24472804.0,1.0,1.0,514.6666666666666
2.0,1.0,3.0,1980.0,16117607.0,2.0,1.0,499.6666666666667
1.0,1.0,3.0,1980.0,22157406.0,2.0,1.0,506.6666666666667
2.0,2.0,8.0,1980.0,24477409.0,1.0,1.0,501.0
2.0,2.0,3.0,1980.0,16923107.0,1.0,1.0,519.0
1.0,2.0,9.0,1980.0,24479607.0,1.0,1.0,498.3333333333333
2.0,2.0,9.0,1980.0,24477610.0,1.0,1.0,512.0
2.0,2.0,9.0,1980.0,24472804.0,1.0,1.0,462.6666666666667
2.0,2.0,1.0,1980.0,24473606.0,1.0,1.0,500.0
1.0,1.0,2.0,1980.0,18937805.0,2.0,1.0,507.3333333333333
2.0,2.0,9.0,1980.0,24480609.0,2.0,1.0,509.0
1.0,2.0,9.0,1980.0,24480609.0,1.0,1.0,518.0
1.0,2.0,9.0,1980.0,24470808.0,1.0,1.0,509.3333333333333
2.0,1.0,4.0,1980.0,25991505.0,1.0,1.0,478.3333333333333
1.0,1.0,3.0,1980.0,21653706.0,2.0,1.0,512.6666666666666
1.0,1.0,4.0,1980.0,19141104.0,1.0,1.0,496.0
1.0,1.0,4.0,1980.0,20951010.0,1.0,1.0,473.3333333333333
1.0,2.0,4.0,1980.0,20549006.0,1.0,1.0,515.6666666666666
2.0,1.0,4.0,1980.0,22157110.0,2.0,1.0,490.0
1.0,1.0,4.0,1980.0,23161605.0,1.0,1.0,469.3333333333333
1.0,1.0,4.0,1980.0,23161605.0,1.0,1.0,511.3333333333333
1.0,1.0,4.0,1980.0,16218406.0,1.0,1.0,500.3333333333333
2.0,2.0,1.0,1980.0,24479607.0,1.0,1.0,489.3333333333333
1.0,1.0,3.0,1980.0,25991505.0,1.0,1.0,517.0
1.0,2.0,3.0,1980.0,16923107.0,1.0,1.0,492.6666666666667
1.0,1.0,4.0,1980.0,19141104.0,1.0,1.0,509.3333333333333
2.0,1.0,4.0,1980.0,18939604.0,2.0,1.0,503.6666666666667
2.0,1.0,4.0,1980.0,23061206.0,1.0,1.0,511.0
2.0,2.0,5.0,1980.0,19342305.0,1.0,1.0,519.6666666666666
2.0,2.0,5.0,1980.0,15917111.0,1.0,1.0,498.3333333333333
2.0,1.0,5.0,1980.0,22157110.0,1.0,1.0,515.0
1.0,2.0,5.0,1980.0,22157110.0,1.0,1.0,505.0
2.0,2.0,5.0,1980.0,24477409.0,1.0,1.0,517.6666666666666
2.0,2.0,4.0,1980.0,24478006.0,1.0,1.0,480.6666666666667
2.0,1.0,6.0,1980.0,20850304.0,2.0,1.0,512.6666666666666
1.0,1.0,6.0,1980.0,25991505.0,2.0,1.0,499.0
2.0,1.0,6.0,1980.0,17632908.0,1.0,1.0,517.6666666666666
2.0,1.0,6.0,1980.0,22157111.0,2.0,1.0,498.6666666666667
2.0,1.0,6.0,1980.0,17331204.0,2.0,1.0,516.0
2.0,1.0,6.0,1980.0,17029508.0,1.0,1.0,503.6666666666667
1.0,1.0,6.0,1980.0,12807905.0,1.0,1.0,479.3333333333333
1.0,1.0,6.0,1980.0,20850304.0,1.0,1.0,502.6666666666667
2.0,1.0,6.0,1980.0,20850108.0,2.0,1.0,514.0
2.0,2.0,6.0,1980.0,15917110.0,1.0,1.0,476.3333333333333
2.0,1.0,6.0,1980.0,22157110.0,2.0,1.0,490.6666666666667
2.0,1.0,5.0,1980.0,26192707.0,2.0,1.0,517.6666666666666
1.0,1.0,6.0,1980.0,19342204.0,1.0,1.0,507.0
1.0,2.0,6.0,1980.0,24477610.0,1.0,1.0,488.3333333333333
2.0,2.0,5.0,1980.0,24472805.0,1.0,1.0,495.6666666666667
1.0,2.0,2.0,1980.0,24475511.0,1.0,1.0,512.0
2.0,1.0,7.0,1980.0,25991505.0,0.0,1.0,506.3333333333333
2.0,1.0,7.0,1980.0,16923104.0,2.0,1.0,482.0
2.0,1.0,6.0,1980.0,16923107.0,2.0,1.0,501.0
1.0,1.0,6.0,1980.0,18939605.0,1.0,1.0,503.6666666666667
2.0,1.0,7.0,1980.0,19141104.0,1.0,1.0,503.0
2.0,2.0,7.0,1980.0,21553312.0,1.0,1.0,508.6666666666667
2.0,1.0,7.0,1980.0,20345208.0,1.0,1.0,512.3333333333334
1.0,1.0,7.0,1980.0,16117607.0,2.0,1.0,503.0
1.0,2.0,7.0,1980.0,20549006.0,1.0,1.0,474.0
1.0,1.0,7.0,1980.0,20850108.0,1.0,1.0,487.6666666666667
2.0,1.0,7.0,1980.0,25991505.0,2.0,1.0,500.0
2.0,1.0,7.0,1980.0,22157111.0,2.0,1.0,493.3333333333333
1.0,1.0,7.0,1980.0,20850105.0,1.0,1.0,476.0
1.0,1.0,7.0,1980.0,15917110.0,1.0,1.0,492.6666666666667
1.0,1.0,7.0,1980.0,22157111.0,2.0,1.0,477.3333333333333
1.0,2.0,6.0,1980.0,22558508.0,2.0,1.0,492.3333333333333
1.0,1.0,7.0,1980.0,23161605.0,1.0,1.0,487.3333333333333
1.0,1.0,6.0,1980.0,18939605.0,1.0,1.0,508.3333333333333
1.0,2.0,7.0,1980.0,24477409.0,2.0,1.0,513.3333333333334
1.0,2.0,7.0,1980.0,24478006.0,1.0,1.0,479.3333333333333
1.0,2.0,7.0,1980.0,24472804.0,1.0,1.0,467.6666666666667
1.0,2.0,7.0,1980.0,24477409.0,1.0,1.0,502.3333333333333
1.0,2.0,4.0,1980.0,24472804.0,1.0,1.0,468.3333333333333
1.0,2.0,6.0,1980.0,24472805.0,1.0,1.0,495.3333333333333
1.0,1.0,8.0,1980.0,22157406.0,1.0,1.0,507.0
2.0,1.0,8.0,1980.0,16923104.0,2.0,1.0,478.6666666666667
1.0,1.0,7.0,1980.0,18937805.0,2.0,1.0,512.6666666666666
2.0,2.0,8.0,1980.0,22558506.0,2.0,1.0,501.3333333333333
1.0,1.0,8.0,1980.0,12807907.0,2.0,1.0,513.0
1.0,2.0,8.0,1980.0,20549006.0,1.0,1.0,501.3333333333333
1.0,2.0,8.0,1980.0,20549006.0,1.0,1.0,481.6666666666667
2.0,1.0,7.0,1980.0,19342204.0,2.0,1.0,506.0
2.0,2.0,7.0,1980.0,19342306.0,1.0,1.0,478.0
1.0,1.0,7.0,1980.0,22558506.0,2.0,1.0,513.6666666666666
1.0,1.0,7.0,1980.0,16118312.0,2.0,1.0,491.0
1.0,2.0,6.0,1980.0,23462807.0,1.0,1.0,513.3333333333334
1.0,2.0,5.0,1980.0,24480610.0,1.0,1.0,512.3333333333334
2.0,2.0,4.0,1980.0,24477609.0,1.0,1.0,510.3333333333333
1.0,2.0,1.0,1980.0,24473606.0,1.0,1.0,499.0
2.0,1.0,9.0,1980.0,12807907.0,2.0,1.0,513.0
1.0,1.0,9.0,1980.0,26192707.0,2.0,1.0,497.6666666666667
1.0,1.0,9.0,1980.0,16923107.0,2.0,1.0,489.3333333333333
2.0,2.0,9.0,1980.0,16923104.0,1.0,1.0,502.3333333333333
1.0,2.0,9.0,1980.0,16923107.0,1.0,1.0,517.0
2.0,1.0,9.0,1980.0,16923104.0,1.0,1.0,511.0
2.0,1.0,9.0,1980.0,19141104.0,1.0,1.0,470.0
1.0,1.0,9.0,1980.0,19141104.0,1.0,1.0,487.6666666666667
1.0,1.0,8.0,1980.0,18937805.0,2.0,1.0,493.6666666666667
1.0,1.0,9.0,1980.0,25991504.0,2.0,1.0,510.3333333333333
1.0,1.0,9.0,1980.0,15917111.0,1.0,1.0,488.0
1.0,1.0,9.0,1980.0,22157111.0,1.0,1.0,499.0
1.0,2.0,9.0,1980.0,22157111.0,1.0,1.0,516.6666666666666
1.0,1.0,8.0,1980.0,22558506.0,2.0,1.0,494.0
1.0,2.0,8.0,1980.0,22558508.0,2.0,1.0,513.6666666666666
2.0,2.0,9.0,1980.0,22860608.0,1.0,1.0,502.0
2.0,1.0,9.0,1980.0,23161605.0,1.0,1.0,471.3333333333333
1.0,2.0,9.0,1980.0,23061206.0,1.0,1.0,503.0
2.0,2.0,9.0,1980.0,24477411.0,1.0,1.0,499.3333333333333
2.0,2.0,7.0,1980.0,24475514.0,1.0,1.0,496.0
2.0,1.0,9.0,1980.0,23462807.0,2.0,1.0,514.6666666666666
1.0,1.0,9.0,1980.0,18939605.0,1.0,1.0,497.6666666666667
2.0,1.0,9.0,1980.0,22558508.0,2.0,1.0,491.6666666666667
2.0,1.0,9.0,1980.0,26192707.0,2.0,1.0,519.0
1.0,2.0,10.0,1981.0,24477610.0,2.0,1.0,501.0
2.0,2.0,9.0,1980.0,24469711.0,1.0,1.0,499.3333333333333
2.0,2.0,4.0,1980.0,24473606.0,1.0,1.0,515.3333333333334
1.0,1.0,8.0,1980.0,26192709.0,2.0,1.0,514.6666666666666
1.0,2.0,6.0,1980.0,24479607.0,1.0,1.0,500.3333333333333
1.0,1.0,1.0,1980.0,22157407.0,2.0,1.0,516.6666666666666
1.0,2.0,7.0,1980.0,24477610.0,2.0,1.0,516.6666666666666
2.0,2.0,10.0,1980.0,24470807.0,1.0,1.0,490.3333333333333
1.0,2.0,4.0,1980.0,24470808.0,2.0,1.0,494.3333333333333
2.0,2.0,3.0,1980.0,24480610.0,1.0,1.0,519.3333333333334
2.0,2.0,2.0,1980.0,24477411.0,1.0,1.0,489.6666666666667
1.0,2.0,3.0,1980.0,24472804.0,1.0,1.0,474.0
1.0,1.0,7.0,1980.0,18939604.0,2.0,1.0,453.3333333333333
1.0,2.0,6.0,1980.0,24470808.0,1.0,1.0,517.0
2.0,1.0,2.0,1980.0,23161605.0,2.0,1.0,512.3333333333334
2.0,3.0,11.0,1979.0,24472805.0,1.0,1.0,491.3333333333333
2.0,2.0,9.0,1980.0,24478006.0,1.0,1.0,498.3333333333333
2.0,2.0,6.0,1980.0,24477411.0,1.0,1.0,503.3333333333333
2.0,2.0,6.0,1980.0,24480609.0,1.0,1.0,504.3333333333333
2.0,2.0,7.0,1980.0,22157111.0,1.0,1.0,504.6666666666667
2.0,2.0,9.0,1980.0,24472804.0,1.0,1.0,475.3333333333333
2.0,1.0,4.0,1980.0,20850304.0,2.0,1.0,517.6666666666666
1.0,2.0,3.0,1980.0,20549006.0,1.0,1.0,519.3333333333334
1.0,2.0,5.0,1980.0,24470807.0,1.0,1.0,488.6666666666667
1.0,1.0,7.0,1979.0,22558508.0,2.0,1.0,519.0
1.0,1.0,2.0,1979.0,21553312.0,1.0,1.0,461.3333333333333
1.0,2.0,1.0,1979.0,24475511.0,1.0,1.0,517.0
1.0,1.0,7.0,1980.0,22558508.0,1.0,1.0,490.0
1.0,1.0,5.0,1980.0,25388806.0,1.0,1.0,508.3333333333333
1.0,2.0,2.0,1980.0,24480610.0,1.0,1.0,512.6666666666666
1.0,1.0,1.0,1980.0,25288505.0,2.0,1.0,513.0
2.0,2.0,5.0,1980.0,24477610.0,2.0,1.0,492.3333333333333
1.0,1.0,1.0,1980.0,16218406.0,1.0,1.0,515.3333333333334
2.0,1.0,4.0,1979.0,18939605.0,1.0,1.0,509.3333333333333
1.0,2.0,4.0,1980.0,12807907.0,1.0,1.0,489.6666666666667
1.0,2.0,6.0,1979.0,16923104.0,1.0,1.0,492.3333333333333
2.0,1.0,10.0,1979.0,16923104.0,1.0,1.0,515.6666666666666
1.0,1.0,1.0,1979.0,19342204.0,1.0,1.0,517.3333333333334
1.0,1.0,11.0,1979.0,19342306.0,1.0,1.0,489.3333333333333
1.0,1.0,12.0,1979.0,22157110.0,2.0,1.0,456.0
2.0,2.0,7.0,1980.0,24472804.0,1.0,1.0,491.3333333333333
2.0,2.0,12.0,1978.0,24475511.0,1.0,1.0,513.3333333333334
2.0,2.0,10.0,1979.0,24477411.0,1.0,1.0,519.3333333333334
2.0,1.0,7.0,1980.0,22558506.0,1.0,1.0,516.0
1.0,1.0,7.0,1980.0,22558506.0,2.0,1.0,502.3333333333333
2.0,2.0,12.0,1979.0,24477411.0,1.0,1.0,516.6666666666666
2.0,2.0,11.0,1979.0,24472311.0,1.0,1.0,495.0
2.0,2.0,10.0,1979.0,24479607.0,1.0,1.0,487.0
1.0,2.0,1.0,1980.0,24475511.0,1.0,1.0,493.3333333333333
1.0,1.0,4.0,1979.0,22558506.0,1.0,1.0,519.0
2.0,2.0,1.0,1980.0,24477409.0,1.0,1.0,499.0
2.0,2.0,7.0,1979.0,24473606.0,1.0,1.0,516.0
1.0,1.0,6.0,1980.0,26192709.0,1.0,1.0,496.3333333333333
1.0,1.0,2.0,1979.0,26192707.0,1.0,1.0,471.3333333333333
1.0,2.0,6.0,1980.0,24472310.0,1.0,1.0,494.6666666666667
2.0,2.0,9.0,1980.0,24472311.0,1.0,1.0,516.6666666666666
2.0,2.0,4.0,1980.0,24475514.0,1.0,1.0,510.0
2.0,2.0,7.0,1980.0,24470808.0,1.0,1.0,507.6666666666667
1.0,1.0,7.0,1979.0,12807905.0,1.0,1.0,509.6666666666667
2.0,1.0,4.0,1980.0,25991504.0,2.0,1.0,506.3333333333333
1.0,2.0,5.0,1980.0,24472804.0,1.0,1.0,471.3333333333333
1.0,2.0,2.0,1980.0,20549006.0,1.0,1.0,499.0
1.0,1.0,2.0,1979.0,19141104.0,1.0,1.0,479.6666666666667
1.0,2.0,2.0,1979.0,24477411.0,1.0,1.0,484.3333333333333
1.0,1.0,6.0,1980.0,23161605.0,2.0,1.0,501.3333333333333
1.0,2.0,11.0,1979.0,18939604.0,2.0,1.0,472.6666666666667
2.0,1.0,5.0,1980.0,16923107.0,2.0,1.0,513.6666666666666
2.0,2.0,9.0,1980.0,17331204.0,2.0,1.0,510.3333333333333
2.0,2.0,7.0,1979.0,24479607.0,1.0,1.0,513.0
2.0,2.0,9.0,1980.0,24477610.0,1.0,1.0,472.3333333333333
2.0,1.0,3.0,1980.0,22157406.0,1.0,1.0,509.6666666666667
1.0,2.0,10.0,1978.0,24470808.0,2.0,1.0,502.6666666666667
1.0,1.0,11.0,1979.0,16218406.0,1.0,1.0,516.0
1.0,2.0,1.0,1980.0,15917111.0,1.0,1.0,477.3333333333333
1.0,1.0,6.0,1980.0,16117607.0,2.0,1.0,505.3333333333333
1.0,2.0,12.0,1978.0,19342204.0,1.0,1.0,493.6666666666667
1.0,2.0,12.0,1978.0,24470807.0,1.0,1.0,495.0
2.0,1.0,8.0,1979.0,22558508.0,1.0,1.0,488.6666666666667
2.0,4.0,7.0,1978.0,12807905.0,2.0,1.0,512.3333333333334
1.0,1.0,7.0,1980.0,25789910.0,1.0,1.0,510.0
2.0,1.0,2.0,1980.0,20144909.0,1.0,1.0,507.0
2.0,1.0,1.0,1979.0,22157111.0,1.0,1.0,507.6666666666667
2.0,2.0,9.0,1980.0,24477610.0,1.0,1.0,484.6666666666667
2.0,1.0,3.0,1980.0,25789909.0,2.0,1.0,515.3333333333334
2.0,2.0,6.0,1980.0,24472311.0,1.0,1.0,501.0
1.0,1.0,7.0,1979.0,18939604.0,1.0,1.0,500.0
1.0,2.0,5.0,1980.0,24480610.0,1.0,1.0,505.3333333333333
2.0,1.0,9.0,1978.0,17632908.0,1.0,1.0,492.3333333333333
2.0,2.0,7.0,1980.0,24475514.0,1.0,1.0,480.0
1.0,2.0,6.0,1979.0,20850108.0,1.0,1.0,492.6666666666667
2.0,1.0,2.0,1979.0,20850108.0,1.0,1.0,474.6666666666667
2.0,1.0,12.0,1979.0,17632905.0,1.0,1.0,519.0
2.0,1.0,11.0,1979.0,17632908.0,1.0,1.0,509.6666666666667
1.0,2.0,11.0,1979.0,24480610.0,1.0,1.0,519.6666666666666
2.0,1.0,5.0,1980.0,17632905.0,1.0,1.0,508.0
1.0,1.0,6.0,1980.0,17632908.0,1.0,1.0,500.3333333333333
2.0,1.0,6.0,1980.0,17632905.0,1.0,1.0,498.0
1.0,1.0,4.0,1980.0,17632905.0,1.0,1.0,504.6666666666667
2.0,2.0,7.0,1980.0,24475511.0,1.0,1.0,515.0
1.0,1.0,6.0,1980.0,22558506.0,1.0,1.0,510.0
1.0,1.0,9.0,1980.0,25388806.0,2.0,1.0,491.3333333333333
2.0,1.0,1.0,1980.0,22558508.0,1.0,1.0,513.6666666666666
1.0,1.0,6.0,1980.0,20951010.0,2.0,1.0,496.6666666666667
1.0,1.0,9.0,1979.0,24477610.0,1.0,1.0,510.3333333333333
2.0,2.0,8.0,1980.0,24472805.0,1.0,1.0,500.6666666666667
1.0,1.0,5.0,1980.0,24480107.0,2.0,0.0,554.6666666666666
2.0,1.0,7.0,1980.0,16921908.0,2.0,0.0,588.6666666666666
1.0,2.0,8.0,1979.0,16922919.0,1.0,0.0,534.6666666666666
2.0,1.0,3.0,1979.0,18938207.0,2.0,0.0,517.0
2.0,2.0,8.0,1979.0,16922914.0,1.0,0.0,564.3333333333334
2.0,2.0,1.0,1979.0,16922917.0,1.0,0.0,502.0
2.0,1.0,3.0,1980.0,16519905.0,1.0,0.0,604.6666666666666
2.0,1.0,4.0,1980.0,24480107.0,2.0,0.0,500.0
1.0,1.0,1.0,1980.0,13008505.0,2.0,0.0,546.6666666666666
1.0,2.0,8.0,1980.0,24472705.0,2.0,0.0,500.3333333333333
1.0,1.0,10.0,1979.0,24483106.0,1.0,0.0,515.6666666666666
1.0,1.0,4.0,1980.0,24483106.0,2.0,0.0,531.3333333333334
1.0,1.0,9.0,1979.0,16519905.0,2.0,0.0,602.6666666666666
2.0,1.0,1.0,1980.0,25790513.0,2.0,0.0,596.3333333333334
1.0,1.0,12.0,1979.0,11203806.0,1.0,0.0,529.6666666666666
2.0,1.0,6.0,1980.0,18938207.0,2.0,0.0,520.6666666666666
1.0,2.0,11.0,1979.0,16921906.0,1.0,0.0,527.6666666666666
1.0,2.0,10.0,1979.0,20549206.0,1.0,0.0,495.3333333333333
1.0,2.0,1.0,1979.0,24480108.0,1.0,0.0,494.6666666666667
1.0,1.0,7.0,1980.0,16620306.0,1.0,0.0,530.6666666666666
1.0,1.0,9.0,1980.0,21252206.0,2.0,0.0,554.3333333333334
2.0,1.0,8.0,1980.0,18034408.0,2.0,0.0,518.6666666666666
2.0,2.0,2.0,1980.0,24480108.0,1.0,0.0,466.0
2.0,1.0,5.0,1980.0,18034408.0,2.0,0.0,583.6666666666666
2.0,2.0,1.0,1980.0,24472708.0,2.0,0.0,566.0
1.0,1.0,2.0,1979.0,21856207.0,1.0,0.0,493.0
2.0,2.0,11.0,1979.0,24479907.0,2.0,0.0,573.6666666666666
2.0,2.0,6.0,1980.0,24472705.0,1.0,0.0,507.6666666666667
2.0,1.0,5.0,1980.0,24480107.0,1.0,0.0,518.0
2.0,1.0,8.0,1980.0,25790511.0,2.0,0.0,507.3333333333333
2.0,2.0,8.0,1980.0,24483909.0,2.0,0.0,516.3333333333334
1.0,1.0,9.0,1979.0,16922914.0,2.0,0.0,639.0
2.0,1.0,9.0,1980.0,18034407.0,2.0,0.0,533.6666666666666
2.0,1.0,7.0,1979.0,21252206.0,1.0,0.0,530.0
1.0,2.0,1.0,1980.0,24480107.0,1.0,0.0,518.0
2.0,1.0,4.0,1980.0,21856207.0,2.0,0.0,600.6666666666666
2.0,1.0,9.0,1979.0,16922917.0,2.0,0.0,550.0
2.0,2.0,2.0,1980.0,24480108.0,2.0,0.0,518.0
1.0,2.0,2.0,1980.0,24472705.0,2.0,0.0,504.6666666666667
1.0,1.0,1.0,1980.0,24480107.0,2.0,0.0,528.6666666666666
2.0,2.0,2.0,1980.0,24472705.0,2.0,0.0,537.6666666666666
1.0,1.0,7.0,1980.0,16620306.0,1.0,0.0,497.0
1.0,2.0,9.0,1979.0,16921908.0,1.0,0.0,491.3333333333333
1.0,1.0,12.0,1979.0,25790511.0,2.0,0.0,591.3333333333334
2.0,1.0,7.0,1980.0,18034407.0,2.0,0.0,558.0
1.0,1.0,11.0,1979.0,16519905.0,1.0,0.0,541.6666666666666
2.0,1.0,12.0,1978.0,21252206.0,0.0,0.0,554.6666666666666
1.0,2.0,9.0,1979.0,24483908.0,1.0,0.0,485.6666666666667
2.0,1.0,9.0,1980.0,12807607.0,1.0,0.0,506.0
2.0,2.0,7.0,1980.0,24472708.0,2.0,0.0,572.6666666666666
2.0,1.0,1.0,1978.0,11203806.0,1.0,0.0,478.6666666666667
2.0,2.0,3.0,1980.0,24479907.0,2.0,0.0,509.6666666666667
1.0,1.0,12.0,1979.0,26494506.0,2.0,0.0,562.3333333333334
2.0,2.0,12.0,1979.0,24483909.0,2.0,0.0,598.6666666666666
1.0,1.0,4.0,1980.0,16921908.0,2.0,0.0,556.6666666666666
1.0,1.0,1.0,1980.0,18034407.0,2.0,0.0,562.3333333333334
1.0,1.0,6.0,1980.0,16921906.0,2.0,0.0,540.6666666666666
1.0,1.0,12.0,1979.0,26494506.0,2.0,0.0,522.0
1.0,2.0,5.0,1980.0,24472705.0,2.0,0.0,528.6666666666666
1.0,1.0,7.0,1980.0,24479907.0,2.0,0.0,550.3333333333334
1.0,2.0,9.0,1979.0,20549206.0,1.0,0.0,507.3333333333333
2.0,2.0,11.0,1979.0,11203806.0,1.0,0.0,492.6666666666667
2.0,1.0,7.0,1980.0,12807607.0,2.0,0.0,507.0
2.0,2.0,9.0,1980.0,24479906.0,1.0,0.0,501.0
1.0,2.0,8.0,1980.0,18034407.0,2.0,0.0,501.3333333333333
2.0,1.0,6.0,1980.0,13008505.0,2.0,0.0,505.6666666666667
1.0,1.0,3.0,1981.0,18938207.0,2.0,0.0,602.3333333333334
2.0,1.0,12.0,1978.0,18938206.0,1.0,0.0,497.6666666666667
2.0,1.0,3.0,1980.0,26293705.0,2.0,0.0,616.0
1.0,1.0,2.0,1980.0,24483907.0,2.0,0.0,520.3333333333334
2.0,2.0,1.0,1980.0,24483908.0,2.0,0.0,557.0
2.0,1.0,8.0,1980.0,13008505.0,2.0,0.0,566.6666666666666
2.0,2.0,6.0,1980.0,24479906.0,1.0,0.0,521.0
2.0,2.0,7.0,1980.0,24472705.0,2.0,0.0,535.3333333333334
2.0,1.0,3.0,1980.0,20548806.0,2.0,0.0,541.3333333333334
2.0,2.0,8.0,1980.0,24483908.0,1.0,0.0,510.3333333333333
1.0,1.0,2.0,1980.0,16620306.0,2.0,0.0,595.3333333333334
1.0,2.0,11.0,1978.0,24483908.0,1.0,0.0,494.3333333333333
1.0,1.0,6.0,1980.0,24474507.0,2.0,0.0,560.3333333333334
1.0,1.0,8.0,1979.0,25790513.0,2.0,0.0,502.6666666666667
1.0,1.0,9.0,1979.0,16620306.0,2.0,0.0,518.3333333333334
1.0,1.0,6.0,1980.0,24474507.0,1.0,0.0,561.3333333333334
1.0,2.0,2.0,1980.0,24479906.0,2.0,0.0,558.0
1.0,2.0,5.0,1980.0,18034407.0,1.0,0.0,502.6666666666667
1.0,1.0,2.0,1980.0,25790511.0,2.0,0.0,560.0
2.0,2.0,12.0,1979.0,16922919.0,2.0,0.0,567.3333333333334
2.0,1.0,7.0,1980.0,25790511.0,2.0,0.0,575.3333333333334
1.0,1.0,10.0,1979.0,16922919.0,2.0,0.0,587.6666666666666
1.0,2.0,2.0,1980.0,24483909.0,2.0,0.0,538.3333333333334
2.0,1.0,9.0,1979.0,16921908.0,2.0,0.0,525.0
2.0,2.0,1.0,1979.0,11203806.0,1.0,0.0,465.6666666666667
1.0,2.0,3.0,1980.0,24472708.0,1.0,0.0,485.0
2.0,1.0,12.0,1980.0,20549106.0,2.0,0.0,581.0
1.0,1.0,9.0,1980.0,16922917.0,2.0,0.0,558.6666666666666
2.0,2.0,7.0,1979.0,24472708.0,1.0,0.0,486.6666666666667
2.0,2.0,4.0,1980.0,24483908.0,2.0,0.0,537.6666666666666
1.0,2.0,7.0,1980.0,24474508.0,1.0,0.0,521.3333333333334
2.0,1.0,4.0,1980.0,16922916.0,2.0,0.0,531.0
2.0,2.0,3.0,1980.0,24483909.0,1.0,0.0,527.3333333333334
1.0,1.0,1.0,1980.0,16922917.0,1.0,0.0,527.3333333333334
2.0,1.0,4.0,1980.0,24480108.0,2.0,0.0,492.3333333333333
1.0,1.0,11.0,1979.0,16921906.0,2.0,0.0,604.3333333333334
2.0,1.0,3.0,1980.0,21856207.0,1.0,0.0,559.3333333333334
2.0,1.0,10.0,1979.0,24480107.0,2.0,0.0,504.6666666666667
1.0,2.0,4.0,1979.0,24479907.0,1.0,0.0,518.0
1.0,2.0,7.0,1979.0,16620306.0,1.0,0.0,506.0
1.0,1.0,5.0,1980.0,18034408.0,2.0,0.0,501.3333333333333
1.0,2.0,7.0,1980.0,24483907.0,2.0,0.0,551.6666666666666
1.0,1.0,3.0,1980.0,18034408.0,1.0,0.0,545.3333333333334
2.0,1.0,1.0,1980.0,24474508.0,2.0,0.0,538.6666666666666
2.0,2.0,7.0,1980.0,24474508.0,2.0,0.0,513.0
1.0,1.0,2.0,1980.0,25790511.0,2.0,0.0,615.6666666666666
2.0,2.0,1.0,1979.0,16921908.0,1.0,0.0,474.6666666666667
1.0,2.0,6.0,1980.0,24479906.0,2.0,0.0,507.3333333333333
2.0,2.0,1.0,1980.0,24479906.0,1.0,0.0,546.6666666666666
2.0,1.0,9.0,1980.0,26494506.0,2.0,0.0,563.3333333333334
2.0,3.0,1.0,1980.0,24480107.0,2.0,0.0,541.0
1.0,1.0,7.0,1980.0,21856207.0,2.0,0.0,520.6666666666666
1.0,1.0,12.0,1979.0,18034408.0,2.0,0.0,547.3333333333334
2.0,1.0,12.0,1979.0,24480108.0,2.0,0.0,550.6666666666666
1.0,2.0,3.0,1980.0,24483106.0,1.0,0.0,527.3333333333334
1.0,1.0,5.0,1980.0,16519905.0,2.0,0.0,519.6666666666666
1.0,1.0,8.0,1979.0,18034407.0,2.0,0.0,543.6666666666666
1.0,1.0,4.0,1980.0,18938206.0,2.0,0.0,559.6666666666666
2.0,1.0,9.0,1979.0,18034407.0,0.0,0.0,508.6666666666667
2.0,2.0,6.0,1980.0,16922911.0,1.0,0.0,521.6666666666666
2.0,1.0,5.0,1980.0,18938206.0,2.0,0.0,583.3333333333334
2.0,1.0,12.0,1979.0,16922914.0,2.0,0.0,580.3333333333334
1.0,1.0,8.0,1980.0,11203806.0,1.0,0.0,498.6666666666667
1.0,2.0,7.0,1980.0,24480107.0,2.0,0.0,501.3333333333333
1.0,2.0,2.0,1980.0,25790513.0,2.0,0.0,573.6666666666666
2.0,1.0,12.0,1979.0,16922917.0,2.0,0.0,502.6666666666667
2.0,2.0,6.0,1980.0,24483908.0,1.0,0.0,518.3333333333334
2.0,2.0,10.0,1979.0,11203806.0,2.0,0.0,491.0
1.0,2.0,1.0,1979.0,20549206.0,1.0,0.0,531.0
1.0,1.0,11.0,1979.0,25790511.0,2.0,0.0,583.6666666666666
1.0,2.0,4.0,1980.0,20549206.0,1.0,0.0,501.0
2.0,2.0,12.0,1979.0,24483106.0,1.0,0.0,504.0
1.0,1.0,12.0,1979.0,18938207.0,2.0,0.0,553.3333333333334
2.0,1.0,11.0,1979.0,13008505.0,2.0,0.0,595.3333333333334
2.0,2.0,11.0,1979.0,24483909.0,2.0,0.0,597.3333333333334
1.0,1.0,9.0,1980.0,12807607.0,2.0,0.0,517.3333333333334
2.0,2.0,1.0,1980.0,24483908.0,1.0,0.0,520.0
1.0,1.0,11.0,1979.0,18034408.0,2.0,0.0,543.6666666666666
2.0,1.0,12.0,1980.0,25790511.0,0.0,0.0,539.3333333333334
2.0,2.0,6.0,1980.0,24483907.0,2.0,0.0,502.6666666666667
2.0,2.0,9.0,1980.0,20549206.0,1.0,0.0,517.3333333333334
1.0,1.0,7.0,1979.0,16922914.0,2.0,0.0,549.0
2.0,1.0,10.0,1979.0,16519905.0,2.0,0.0,630.3333333333334
1.0,2.0,8.0,1979.0,24480107.0,1.0,0.0,494.0
2.0,1.0,4.0,1980.0,18938206.0,1.0,0.0,519.6666666666666
2.0,1.0,12.0,1978.0,21856207.0,2.0,0.0,514.6666666666666
2.0,1.0,10.0,1979.0,13008505.0,2.0,0.0,588.6666666666666
2.0,1.0,12.0,1979.0,16620306.0,1.0,0.0,528.6666666666666
1.0,1.0,9.0,1980.0,16519905.0,2.0,0.0,543.6666666666666
1.0,1.0,0.0,0.0,25790513.0,2.0,0.0,588.0
2.0,1.0,1.0,1980.0,16928006.0,1.0,0.0,532.0
1.0,1.0,10.0,1979.0,11203806.0,2.0,0.0,511.3333333333333
2.0,1.0,11.0,1979.0,18938207.0,2.0,0.0,544.3333333333334
1.0,1.0,9.0,1980.0,18938207.0,2.0,0.0,582.3333333333334
1.0,2.0,6.0,1979.0,11203806.0,1.0,0.0,551.0
1.0,1.0,2.0,1980.0,18938207.0,2.0,0.0,567.0
1.0,1.0,8.0,1979.0,16922916.0,2.0,0.0,526.3333333333334
2.0,1.0,5.0,1980.0,18034408.0,2.0,0.0,569.0
1.0,1.0,9.0,1979.0,12807607.0,2.0,0.0,543.3333333333334
2.0,1.0,5.0,1980.0,16921906.0,2.0,0.0,519.3333333333334
2.0,2.0,4.0,1980.0,24472708.0,2.0,0.0,562.3333333333334
2.0,1.0,8.0,1980.0,16921906.0,2.0,0.0,550.3333333333334
2.0,1.0,1.0,1980.0,20549206.0,2.0,0.0,524.3333333333334
2.0,2.0,4.0,1980.0,24479906.0,2.0,0.0,525.6666666666666
2.0,1.0,8.0,1980.0,16921908.0,2.0,0.0,547.0
2.0,2.0,1.0,1980.0,24474508.0,1.0,0.0,495.0
1.0,2.0,5.0,1980.0,16921906.0,1.0,0.0,514.6666666666666
2.0,2.0,8.0,1980.0,18034408.0,1.0,0.0,555.0
2.0,1.0,5.0,1980.0,13008505.0,2.0,0.0,618.0
2.0,1.0,12.0,1979.0,26293705.0,2.0,0.0,604.6666666666666
1.0,1.0,8.0,1980.0,25790513.0,2.0,0.0,541.0
1.0,2.0,6.0,1980.0,20549206.0,1.0,0.0,501.6666666666667
1.0,1.0,7.0,1979.0,26293705.0,2.0,0.0,595.6666666666666
1.0,2.0,10.0,1979.0,24483908.0,1.0,0.0,491.6666666666667
2.0,1.0,8.0,1979.0,16921908.0,2.0,0.0,522.3333333333334
1.0,1.0,8.0,1978.0,21856207.0,1.0,0.0,514.0
2.0,1.0,5.0,1980.0,24483106.0,2.0,0.0,544.3333333333334
2.0,1.0,5.0,1980.0,25790511.0,1.0,0.0,542.0
1.0,2.0,6.0,1980.0,16922914.0,1.0,0.0,559.0
1.0,1.0,9.0,1980.0,24474507.0,1.0,0.0,541.0
1.0,1.0,5.0,1980.0,21252206.0,2.0,0.0,551.6666666666666
2.0,2.0,1.0,1980.0,24472705.0,2.0,0.0,540.3333333333334
1.0,2.0,9.0,1980.0,16922914.0,1.0,0.0,528.6666666666666
2.0,2.0,5.0,1980.0,24483907.0,2.0,0.0,591.0
1.0,1.0,11.0,1979.0,12807607.0,2.0,0.0,520.0
1.0,1.0,4.0,1980.0,26494506.0,2.0,0.0,520.6666666666666
1.0,2.0,1.0,1980.0,18034408.0,1.0,0.0,527.3333333333334
1.0,2.0,9.0,1979.0,16922911.0,1.0,0.0,516.0
1.0,2.0,3.0,1979.0,16922911.0,2.0,0.0,552.3333333333334
1.0,1.0,4.0,1980.0,16922917.0,2.0,0.0,561.6666666666666
2.0,1.0,8.0,1979.0,20549206.0,1.0,0.0,486.3333333333333
1.0,2.0,1.0,1979.0,16922916.0,1.0,0.0,484.6666666666667
2.0,1.0,4.0,1980.0,16928006.0,1.0,0.0,555.0
2.0,1.0,8.0,1980.0,20548806.0,2.0,0.0,513.0
1.0,1.0,11.0,1979.0,13008505.0,1.0,0.0,572.0
1.0,2.0,10.0,1980.0,24483907.0,1.0,0.0,573.3333333333334
2.0,1.0,6.0,1980.0,24474507.0,2.0,0.0,537.3333333333334
1.0,1.0,5.0,1980.0,16922911.0,2.0,0.0,567.3333333333334
2.0,1.0,6.0,1980.0,25790511.0,2.0,0.0,590.3333333333334
1.0,1.0,7.0,1980.0,18938206.0,2.0,0.0,578.6666666666666
1.0,2.0,9.0,1978.0,24472708.0,1.0,0.0,527.6666666666666
2.0,1.0,11.0,1979.0,13008505.0,2.0,0.0,580.3333333333334
2.0,1.0,3.0,1980.0,20548806.0,2.0,0.0,529.3333333333334
1.0,1.0,10.0,1979.0,18034408.0,2.0,0.0,525.6666666666666
1.0,2.0,7.0,1978.0,24483106.0,1.0,0.0,545.0
1.0,1.0,12.0,1979.0,16922916.0,2.0,0.0,550.6666666666666
2.0,1.0,8.0,1980.0,16922911.0,2.0,0.0,526.3333333333334
1.0,1.0,9.0,1979.0,21856207.0,2.0,0.0,558.6666666666666
1.0,1.0,8.0,1980.0,26293705.0,2.0,0.0,556.0
1.0,1.0,8.0,1980.0,24474507.0,2.0,0.0,523.3333333333334
1.0,1.0,7.0,1979.0,16922919.0,2.0,0.0,518.0
1.0,1.0,8.0,1980.0,24474508.0,1.0,0.0,525.3333333333334
1.0,1.0,1.0,1980.0,18034408.0,2.0,0.0,558.0
1.0,5.0,7.0,1980.0,16922911.0,2.0,0.0,505.0
1.0,1.0,8.0,1979.0,26293705.0,2.0,0.0,554.3333333333334
1.0,1.0,7.0,1980.0,16928006.0,2.0,0.0,575.0
1.0,1.0,7.0,1979.0,24480108.0,1.0,0.0,514.3333333333334
1.0,1.0,3.0,1980.0,26293705.0,2.0,0.0,527.0
2.0,2.0,2.0,1980.0,24480108.0,1.0,0.0,486.0
2.0,1.0,12.0,1979.0,16921908.0,2.0,0.0,598.6666666666666
1.0,2.0,2.0,1980.0,24472708.0,2.0,0.0,579.6666666666666
2.0,2.0,2.0,1980.0,24483907.0,2.0,0.0,503.0
1.0,1.0,9.0,1979.0,16928006.0,1.0,0.0,554.6666666666666
1.0,2.0,6.0,1980.0,24474508.0,1.0,0.0,501.3333333333333
1.0,2.0,7.0,1980.0,24479907.0,1.0,0.0,523.3333333333334
1.0,2.0,12.0,1978.0,24474507.0,1.0,0.0,503.3333333333333
2.0,1.0,8.0,1979.0,13008505.0,2.0,0.0,568.0
2.0,1.0,12.0,1979.0,13008505.0,2.0,0.0,552.0
2.0,1.0,1.0,1979.0,20548806.0,1.0,0.0,531.0
2.0,2.0,9.0,1979.0,20549206.0,1.0,0.0,531.3333333333334
2.0,1.0,12.0,1979.0,21252206.0,1.0,0.0,510.0
1.0,1.0,2.0,1981.0,20548806.0,2.0,0.0,521.0
1.0,1.0,9.0,1980.0,18938206.0,2.0,0.0,530.0
2.0,1.0,6.0,1980.0,18034408.0,2.0,0.0,568.0
2.0,2.0,12.0,1978.0,16922911.0,1.0,0.0,543.3333333333334
1.0,2.0,3.0,1980.0,18034407.0,2.0,0.0,537.6666666666666
2.0,2.0,5.0,1980.0,24479907.0,1.0,0.0,564.3333333333334
2.0,1.0,5.0,1980.0,16519905.0,2.0,0.0,558.6666666666666
1.0,1.0,4.0,1980.0,16620306.0,1.0,0.0,505.0
1.0,1.0,11.0,1979.0,26494506.0,2.0,0.0,551.3333333333334
1.0,1.0,9.0,1980.0,11203806.0,1.0,0.0,490.3333333333333
1.0,2.0,12.0,1979.0,18034408.0,1.0,0.0,499.6666666666667
2.0,1.0,12.0,1979.0,18938206.0,2.0,0.0,529.0
2.0,1.0,1.0,1980.0,26494506.0,2.0,0.0,582.0
1.0,2.0,12.0,1979.0,16922916.0,2.0,0.0,507.0
2.0,2.0,7.0,1980.0,24472705.0,1.0,0.0,531.6666666666666
2.0,1.0,6.0,1979.0,21252206.0,1.0,0.0,521.6666666666666
2.0,1.0,7.0,1980.0,16922914.0,2.0,0.0,577.0
1.0,1.0,5.0,1979.0,12807607.0,2.0,0.0,492.3333333333333
2.0,2.0,6.0,1980.0,24479906.0,2.0,0.0,553.0
1.0,1.0,12.0,1979.0,16620306.0,1.0,0.0,481.0
2.0,1.0,10.0,1978.0,11203806.0,2.0,0.0,506.3333333333333
2.0,2.0,3.0,1980.0,24472708.0,2.0,0.0,548.6666666666666
2.0,2.0,11.0,1979.0,24480108.0,1.0,0.0,543.3333333333334
2.0,2.0,8.0,1980.0,16921906.0,2.0,0.0,566.0
2.0,1.0,1.0,1980.0,24480108.0,2.0,0.0,504.3333333333333
1.0,1.0,11.0,1979.0,16921906.0,2.0,0.0,532.6666666666666
1.0,2.0,2.0,1980.0,24483907.0,2.0,0.0,546.6666666666666
2.0,1.0,9.0,1980.0,24480107.0,2.0,0.0,511.3333333333333
1.0,1.0,3.0,1980.0,16922914.0,2.0,0.0,567.3333333333334
1.0,1.0,7.0,1979.0,16922917.0,2.0,0.0,506.3333333333333
2.0,1.0,9.0,1979.0,16921906.0,2.0,0.0,590.6666666666666
1.0,2.0,5.0,1980.0,18034408.0,1.0,0.0,502.3333333333333
2.0,1.0,3.0,1980.0,16620306.0,1.0,0.0,466.0
2.0,1.0,5.0,1980.0,16921908.0,2.0,0.0,558.0
2.0,1.0,11.0,1979.0,16928006.0,1.0,0.0,569.6666666666666
2.0,2.0,5.0,1980.0,16620306.0,1.0,0.0,515.6666666666666
1.0,1.0,3.0,1979.0,12807607.0,2.0,0.0,529.6666666666666
1.0,2.0,9.0,1980.0,24483907.0,1.0,0.0,539.0
1.0,2.0,6.0,1980.0,11203806.0,2.0,0.0,466.6666666666667
2.0,1.0,7.0,1980.0,16620306.0,1.0,0.0,517.0
2.0,1.0,12.0,1980.0,13008505.0,2.0,0.0,526.3333333333334
1.0,1.0,8.0,1979.0,20548806.0,1.0,0.0,536.6666666666666
1.0,1.0,9.0,1980.0,16922914.0,2.0,0.0,613.3333333333334
2.0,1.0,1.0,1980.0,26293705.0,2.0,0.0,565.0
2.0,1.0,6.0,1980.0,16922919.0,2.0,0.0,602.3333333333334
2.0,2.0,12.0,1979.0,24479906.0,1.0,0.0,509.0
2.0,1.0,11.0,1979.0,18938207.0,2.0,0.0,557.6666666666666
2.0,2.0,12.0,1979.0,24472708.0,1.0,0.0,546.0
1.0,1.0,6.0,1979.0,18938206.0,2.0,0.0,580.0
2.0,1.0,7.0,1980.0,18938207.0,2.0,0.0,597.3333333333334
2.0,1.0,1.0,1980.0,16620306.0,1.0,0.0,514.6666666666666
1.0,2.0,11.0,1979.0,24480108.0,1.0,0.0,488.3333333333333
1.0,1.0,3.0,1980.0,25790513.0,2.0,0.0,494.6666666666667
1.0,2.0,9.0,1980.0,11203806.0,1.0,0.0,511.3333333333333
2.0,1.0,9.0,1980.0,13008505.0,2.0,0.0,553.3333333333334
1.0,1.0,9.0,1980.0,24483909.0,2.0,0.0,563.6666666666666
1.0,1.0,6.0,1980.0,21252206.0,1.0,0.0,541.0
1.0,1.0,4.0,1980.0,24474508.0,2.0,0.0,463.3333333333333
2.0,2.0,10.0,1979.0,16922914.0,1.0,0.0,506.0
2.0,2.0,12.0,1979.0,24483908.0,2.0,0.0,545.3333333333334
1.0,2.0,9.0,1980.0,24479907.0,2.0,0.0,529.3333333333334
1.0,1.0,6.0,1980.0,21252206.0,2.0,0.0,523.0
1.0,2.0,5.0,1980.0,24480108.0,2.0,0.0,492.6666666666667
2.0,1.0,8.0,1980.0,24474507.0,2.0,0.0,508.3333333333333
2.0,1.0,10.0,1980.0,12807607.0,2.0,0.0,524.6666666666666
1.0,2.0,7.0,1980.0,24472705.0,2.0,0.0,525.6666666666666
2.0,1.0,11.0,1979.0,24483106.0,2.0,0.0,467.6666666666667
1.0,1.0,5.0,1980.0,18938207.0,2.0,0.0,523.6666666666666
1.0,1.0,11.0,1979.0,16928006.0,2.0,0.0,552.0
1.0,1.0,5.0,1980.0,20549106.0,2.0,0.0,602.3333333333334
1.0,2.0,5.0,1980.0,24483907.0,1.0,0.0,551.0
2.0,2.0,9.0,1980.0,24474507.0,2.0,0.0,526.3333333333334
1.0,2.0,6.0,1980.0,16922919.0,2.0,0.0,517.6666666666666
1.0,2.0,7.0,1980.0,24483106.0,2.0,0.0,489.6666666666667
1.0,2.0,10.0,1980.0,24479907.0,1.0,0.0,519.3333333333334
1.0,2.0,11.0,1979.0,18034408.0,1.0,0.0,484.3333333333333
2.0,1.0,9.0,1980.0,16928006.0,2.0,0.0,600.3333333333334
2.0,2.0,2.0,1979.0,24474507.0,1.0,0.0,530.6666666666666
1.0,5.0,2.0,1979.0,16922911.0,2.0,0.0,534.0
2.0,2.0,12.0,1978.0,24480108.0,1.0,0.0,509.3333333333333
2.0,1.0,12.0,1979.0,24474508.0,1.0,0.0,481.6666666666667
1.0,2.0,4.0,1980.0,24472708.0,1.0,0.0,526.3333333333334
1.0,2.0,9.0,1980.0,16921906.0,1.0,0.0,456.3333333333333
1.0,2.0,1.0,1979.0,11203806.0,1.0,0.0,486.3333333333333
1.0,1.0,1.0,1980.0,20549106.0,2.0,0.0,543.3333333333334
1.0,1.0,4.0,1980.0,16928006.0,2.0,0.0,592.0
2.0,2.0,3.0,1980.0,24474507.0,1.0,0.0,538.6666666666666
2.0,1.0,5.0,1980.0,21252206.0,1.0,0.0,559.3333333333334
2.0,1.0,3.0,1980.0,16519905.0,2.0,0.0,590.6666666666666
1.0,2.0,9.0,1979.0,20549206.0,1.0,0.0,507.3333333333333
2.0,1.0,2.0,1980.0,25790513.0,2.0,0.0,621.3333333333334
2.0,2.0,1.0,1980.0,16519905.0,2.0,0.0,556.6666666666666
1.0,1.0,5.0,1980.0,25790513.0,1.0,0.0,605.3333333333334
2.0,1.0,5.0,1980.0,18034407.0,2.0,0.0,527.6666666666666
1.0,1.0,8.0,1980.0,18938207.0,2.0,0.0,530.3333333333334
2.0,1.0,7.0,1979.0,16620306.0,1.0,0.0,533.0
1.0,1.0,3.0,1980.0,25790511.0,2.0,0.0,610.0
1.0,2.0,7.0,1980.0,24483106.0,1.0,0.0,513.0
2.0,2.0,3.0,1980.0,25790511.0,1.0,0.0,592.0
2.0,1.0,11.0,1979.0,25790511.0,1.0,0.0,587.3333333333334
1.0,1.0,7.0,1980.0,12807607.0,2.0,0.0,537.6666666666666
2.0,1.0,9.0,1980.0,13008505.0,2.0,0.0,547.0
1.0,2.0,1.0,1980.0,16922919.0,1.0,0.0,537.3333333333334
1.0,1.0,12.0,1978.0,11203806.0,1.0,0.0,541.0
1.0,1.0,8.0,1979.0,21252206.0,1.0,0.0,543.3333333333334
1.0,1.0,8.0,1979.0,16519905.0,1.0,0.0,582.3333333333334
1.0,1.0,8.0,1979.0,12807607.0,1.0,0.0,497.3333333333333
1.0,1.0,10.0,1979.0,20548806.0,2.0,0.0,510.0
2.0,1.0,2.0,1980.0,26293705.0,2.0,0.0,577.0
2.0,1.0,11.0,1979.0,26494506.0,2.0,0.0,503.3333333333333
2.0,2.0,7.0,1980.0,24480107.0,1.0,0.0,496.0
2.0,1.0,2.0,1980.0,24474508.0,2.0,0.0,494.0
2.0,1.0,8.0,1980.0,21252206.0,1.0,0.0,576.3333333333334
1.0,1.0,3.0,1980.0,26494506.0,2.0,0.0,578.0
1.0,1.0,2.0,1980.0,18938206.0,2.0,0.0,562.3333333333334
2.0,1.0,9.0,1979.0,16922919.0,0.0,0.0,495.6666666666667
2.0,1.0,1.0,1980.0,24480107.0,2.0,0.0,552.0
2.0,1.0,2.0,1980.0,26494506.0,2.0,0.0,588.6666666666666
1.0,2.0,12.0,1979.0,24483909.0,1.0,0.0,529.3333333333334
2.0,2.0,5.0,1979.0,16922919.0,1.0,0.0,539.6666666666666
1.0,1.0,7.0,1980.0,16922919.0,2.0,0.0,594.0
2.0,2.0,2.0,1980.0,24472705.0,1.0,0.0,513.6666666666666
2.0,1.0,3.0,1980.0,26293705.0,2.0,0.0,594.0
2.0,1.0,5.0,1980.0,24474507.0,1.0,0.0,548.0
2.0,1.0,6.0,1980.0,26494506.0,2.0,0.0,594.3333333333334
1.0,2.0,12.0,1979.0,20549206.0,1.0,0.0,556.6666666666666
2.0,2.0,9.0,1980.0,24472708.0,2.0,0.0,586.6666666666666
2.0,1.0,5.0,1980.0,11203806.0,2.0,0.0,478.3333333333333
1.0,1.0,4.0,1979.0,13008505.0,1.0,0.0,585.0
2.0,1.0,5.0,1980.0,21856207.0,1.0,0.0,581.6666666666666
2.0,2.0,11.0,1979.0,24480107.0,2.0,0.0,542.3333333333334
2.0,1.0,9.0,1979.0,16922916.0,1.0,0.0,542.3333333333334
1.0,1.0,11.0,1979.0,18938207.0,2.0,0.0,611.6666666666666
1.0,2.0,7.0,1979.0,18034407.0,1.0,0.0,518.6666666666666
2.0,1.0,6.0,1979.0,25790511.0,1.0,0.0,535.3333333333334
2.0,2.0,8.0,1980.0,24479906.0,2.0,0.0,534.6666666666666
1.0,1.0,8.0,1980.0,20548806.0,1.0,0.0,524.3333333333334
2.0,2.0,10.0,1980.0,16922914.0,1.0,0.0,566.3333333333334
1.0,2.0,7.0,1980.0,24480108.0,1.0,0.0,507.6666666666667
1.0,1.0,1.0,1980.0,16928006.0,1.0,0.0,619.0
1.0,1.0,11.0,1979.0,16620306.0,1.0,0.0,502.0
1.0,2.0,11.0,1979.0,24474508.0,1.0,0.0,508.3333333333333
1.0,1.0,11.0,1979.0,16922914.0,2.0,0.0,581.6666666666666
2.0,2.0,11.0,1979.0,24472705.0,1.0,0.0,498.3333333333333
1.0,1.0,8.0,1979.0,16922917.0,2.0,0.0,550.6666666666666
2.0,1.0,4.0,1979.0,11203806.0,2.0,0.0,534.3333333333334
1.0,1.0,2.0,1980.0,16922911.0,1.0,0.0,611.3333333333334
1.0,2.0,7.0,1980.0,16922916.0,2.0,0.0,508.6666666666667
1.0,1.0,9.0,1979.0,26293705.0,2.0,0.0,600.0
1.0,2.0,11.0,1979.0,24479906.0,2.0,0.0,544.3333333333334
1.0,2.0,11.0,1979.0,24474508.0,2.0,0.0,527.6666666666666
1.0,2.0,7.0,1980.0,24483909.0,1.0,0.0,610.0
1.0,1.0,2.0,1980.0,16922919.0,2.0,0.0,538.0
1.0,2.0,2.0,1980.0,16922919.0,1.0,0.0,533.0
1.0,1.0,8.0,1979.0,18938207.0,2.0,0.0,549.0
1.0,2.0,9.0,1980.0,24483907.0,2.0,0.0,556.6666666666666
1.0,2.0,9.0,1979.0,24483106.0,2.0,0.0,533.0
1.0,2.0,2.0,1979.0,16922914.0,1.0,0.0,554.3333333333334
1.0,2.0,7.0,1979.0,16922917.0,1.0,0.0,466.6666666666667
1.0,2.0,6.0,1980.0,16620306.0,2.0,0.0,526.6666666666666
2.0,2.0,1.0,1980.0,24483908.0,2.0,0.0,553.6666666666666
2.0,2.0,8.0,1980.0,24474508.0,1.0,0.0,509.6666666666667
1.0,2.0,10.0,1979.0,24483907.0,1.0,0.0,479.6666666666667
1.0,2.0,5.0,1980.0,24472708.0,2.0,0.0,576.6666666666666
2.0,2.0,2.0,1980.0,24483909.0,1.0,0.0,571.6666666666666
1.0,2.0,5.0,1979.0,16922911.0,1.0,0.0,510.6666666666667
2.0,1.0,8.0,1980.0,25790513.0,2.0,0.0,560.6666666666666
2.0,1.0,2.0,1978.0,25790513.0,1.0,0.0,524.3333333333334
2.0,1.0,3.0,1980.0,18938206.0,2.0,0.0,524.0
1.0,2.0,2.0,1980.0,24483908.0,2.0,0.0,592.0
2.0,2.0,7.0,1980.0,24483909.0,2.0,0.0,592.0
1.0,1.0,2.0,1979.0,13008505.0,2.0,0.0,552.3333333333334
2.0,1.0,6.0,1980.0,16922911.0,2.0,0.0,541.6666666666666
2.0,1.0,9.0,1980.0,24474507.0,1.0,0.0,531.6666666666666
1.0,1.0,4.0,1980.0,25790513.0,1.0,0.0,565.3333333333334
1.0,2.0,9.0,1980.0,24479906.0,2.0,0.0,531.0
1.0,1.0,2.0,1979.0,11203806.0,1.0,0.0,483.0
1.0,1.0,11.0,1979.0,24474508.0,0.0,0.0,539.0
2.0,1.0,2.0,1980.0,25790511.0,2.0,0.0,649.6666666666666
2.0,1.0,3.0,1980.0,26494506.0,2.0,0.0,610.0
1.0,1.0,7.0,1980.0,20548806.0,2.0,0.0,510.3333333333333
1.0,2.0,8.0,1980.0,24480107.0,1.0,0.0,499.0
1.0,1.0,7.0,1980.0,26494506.0,2.0,0.0,584.3333333333334
1.0,2.0,12.0,1979.0,20549206.0,1.0,0.0,572.0
2.0,2.0,1.0,1980.0,24483106.0,2.0,0.0,536.6666666666666
2.0,1.0,8.0,1980.0,18938207.0,2.0,0.0,537.0
1.0,2.0,9.0,1979.0,16922919.0,1.0,0.0,508.3333333333333
2.0,1.0,7.0,1980.0,24480108.0,2.0,0.0,558.0
2.0,1.0,11.0,1979.0,16921908.0,2.0,0.0,572.0
1.0,1.0,6.0,1979.0,26494506.0,1.0,0.0,545.3333333333334
2.0,2.0,9.0,1980.0,24479906.0,2.0,0.0,539.6666666666666
2.0,1.0,5.0,1980.0,12807607.0,2.0,0.0,546.6666666666666
2.0,2.0,3.0,1980.0,20549206.0,1.0,0.0,531.3333333333334
1.0,1.0,11.0,1979.0,26293705.0,2.0,0.0,535.0
2.0,1.0,11.0,1979.0,18034408.0,2.0,0.0,615.6666666666666
2.0,1.0,12.0,1979.0,16921908.0,2.0,0.0,610.6666666666666
2.0,1.0,2.0,1980.0,18938207.0,2.0,0.0,572.0
1.0,1.0,10.0,1979.0,24483106.0,2.0,0.0,504.0
1.0,1.0,10.0,1980.0,16519905.0,2.0,0.0,550.6666666666666
1.0,2.0,8.0,1979.0,24480107.0,1.0,0.0,442.0
1.0,1.0,10.0,1979.0,16922916.0,2.0,0.0,488.0
1.0,1.0,5.0,1980.0,16922917.0,1.0,0.0,582.3333333333334
1.0,1.0,11.0,1979.0,26494506.0,2.0,0.0,579.6666666666666
2.0,2.0,7.0,1979.0,20549206.0,1.0,0.0,529.3333333333334
1.0,1.0,5.0,1980.0,26293705.0,2.0,0.0,598.0
1.0,1.0,2.0,1980.0,18938206.0,2.0,0.0,585.3333333333334
1.0,1.0,8.0,1980.0,18938207.0,2.0,0.0,538.3333333333334
2.0,2.0,5.0,1980.0,24480107.0,1.0,0.0,507.3333333333333
2.0,1.0,3.0,1980.0,16922911.0,2.0,0.0,524.0
1.0,2.0,1.0,1980.0,24483907.0,2.0,0.0,535.0
2.0,1.0,11.0,1979.0,20549206.0,1.0,0.0,527.0
2.0,1.0,1.0,1980.0,25790513.0,2.0,0.0,616.6666666666666
2.0,2.0,4.0,1980.0,16928006.0,2.0,0.0,542.0
2.0,1.0,6.0,1980.0,16921908.0,2.0,0.0,533.6666666666666
2.0,1.0,11.0,1979.0,18938207.0,2.0,0.0,546.0
2.0,1.0,8.0,1980.0,16928006.0,2.0,0.0,555.0
1.0,2.0,9.0,1980.0,24483908.0,1.0,0.0,498.3333333333333
1.0,1.0,6.0,1980.0,18034407.0,2.0,0.0,528.3333333333334
1.0,1.0,7.0,1979.0,25790511.0,1.0,0.0,540.3333333333334
1.0,1.0,11.0,1979.0,21856207.0,2.0,0.0,585.3333333333334
2.0,1.0,9.0,1980.0,21856207.0,1.0,0.0,579.6666666666666
1.0,1.0,2.0,1980.0,21856207.0,2.0,0.0,584.0
2.0,1.0,8.0,1980.0,26494506.0,2.0,0.0,547.3333333333334
1.0,2.0,11.0,1979.0,24472705.0,1.0,0.0,516.0
2.0,1.0,5.0,1979.0,26293705.0,2.0,0.0,517.0
1.0,2.0,5.0,1980.0,24483909.0,2.0,0.0,562.3333333333334
2.0,1.0,3.0,1980.0,18938206.0,2.0,0.0,560.3333333333334
2.0,2.0,10.0,1979.0,24479907.0,1.0,0.0,547.3333333333334
2.0,1.0,1.0,1980.0,21252206.0,2.0,0.0,519.0
1.0,2.0,6.0,1979.0,16922919.0,2.0,0.0,606.3333333333334
2.0,1.0,11.0,1979.0,12807607.0,2.0,0.0,533.6666666666666
2.0,2.0,6.0,1980.0,24483907.0,2.0,0.0,533.3333333333334
2.0,1.0,4.0,1980.0,16922917.0,2.0,0.0,542.6666666666666
2.0,2.0,7.0,1980.0,24483907.0,2.0,0.0,542.6666666666666
1.0,1.0,4.0,1980.0,25790511.0,2.0,0.0,572.3333333333334
2.0,1.0,4.0,1980.0,18034408.0,1.0,0.0,524.0
1.0,1.0,5.0,1980.0,13008505.0,2.0,0.0,556.0
1.0,1.0,11.0,1978.0,16922917.0,1.0,0.0,475.0
1.0,2.0,11.0,1978.0,16928006.0,1.0,0.0,527.6666666666666
1.0,2.0,6.0,1980.0,11203806.0,1.0,0.0,534.6666666666666
2.0,2.0,6.0,1979.0,16922914.0,1.0,0.0,602.3333333333334
1.0,2.0,3.0,1980.0,24483908.0,1.0,0.0,503.0
1.0,1.0,1.0,1980.0,26494506.0,2.0,0.0,577.3333333333334
1.0,1.0,4.0,1980.0,18034407.0,2.0,0.0,532.0
2.0,2.0,3.0,1980.0,18034408.0,2.0,0.0,535.6666666666666
1.0,1.0,2.0,1979.0,26293705.0,2.0,0.0,554.3333333333334
2.0,1.0,10.0,1979.0,16928006.0,2.0,0.0,586.3333333333334
1.0,2.0,9.0,1980.0,24479906.0,2.0,0.0,523.3333333333334
1.0,1.0,1.0,1980.0,11203806.0,1.0,0.0,469.6666666666667
2.0,1.0,9.0,1980.0,20549106.0,2.0,0.0,612.0
1.0,1.0,8.0,1980.0,16519905.0,2.0,0.0,515.6666666666666
1.0,4.0,3.0,1980.0,16922911.0,2.0,0.0,480.6666666666667
1.0,1.0,2.0,1980.0,21252206.0,2.0,0.0,565.0
2.0,1.0,3.0,1979.0,26494506.0,2.0,0.0,510.6666666666667
2.0,1.0,4.0,1980.0,24483106.0,2.0,0.0,508.3333333333333
2.0,2.0,12.0,1979.0,24483106.0,1.0,0.0,550.3333333333334
1.0,2.0,5.0,1979.0,21856207.0,1.0,0.0,547.3333333333334
2.0,2.0,10.0,1979.0,24483907.0,2.0,0.0,531.3333333333334
2.0,1.0,10.0,1979.0,16519905.0,2.0,0.0,590.3333333333334
2.0,1.0,12.0,1979.0,26494506.0,2.0,0.0,553.3333333333334
1.0,1.0,8.0,1979.0,20549106.0,2.0,0.0,550.3333333333334
1.0,1.0,12.0,1979.0,18034407.0,2.0,0.0,525.0
2.0,1.0,9.0,1979.0,26293705.0,2.0,0.0,638.0
1.0,1.0,8.0,1979.0,26293705.0,2.0,0.0,567.0
2.0,1.0,6.0,1980.0,21252206.0,1.0,0.0,541.0
2.0,2.0,5.0,1980.0,24472708.0,2.0,0.0,517.0
2.0,1.0,7.0,1980.0,20548806.0,2.0,0.0,535.6666666666666
2.0,2.0,9.0,1980.0,24472705.0,2.0,0.0,557.0
1.0,1.0,12.0,1979.0,16519905.0,2.0,0.0,523.6666666666666
2.0,1.0,4.0,1980.0,16928006.0,2.0,0.0,570.0
2.0,1.0,5.0,1979.0,24483106.0,2.0,0.0,517.0
1.0,2.0,7.0,1980.0,24480107.0,1.0,0.0,492.0
2.0,1.0,7.0,1979.0,20549106.0,1.0,0.0,549.3333333333334
1.0,1.0,5.0,1980.0,25789906.0,2.0,0.0,514.0
2.0,2.0,4.0,1979.0,24469708.0,1.0,0.0,512.6666666666666
1.0,2.0,2.0,1979.0,24477614.0,1.0,0.0,516.3333333333334
2.0,1.0,11.0,1979.0,16419804.0,1.0,0.0,507.3333333333333
2.0,1.0,11.0,1979.0,17632906.0,1.0,0.0,490.6666666666667
2.0,1.0,7.0,1979.0,20345704.0,1.0,0.0,535.3333333333334
1.0,2.0,10.0,1979.0,24476405.0,1.0,0.0,510.6666666666667
1.0,1.0,6.0,1980.0,17632906.0,1.0,0.0,549.0
2.0,2.0,8.0,1980.0,24472308.0,1.0,0.0,513.3333333333334
1.0,2.0,9.0,1979.0,24469708.0,1.0,0.0,511.3333333333333
2.0,1.0,11.0,1978.0,25288506.0,2.0,0.0,635.3333333333334
1.0,1.0,9.0,1980.0,16419804.0,2.0,0.0,523.3333333333334
1.0,1.0,6.0,1979.0,25789906.0,2.0,0.0,533.6666666666666
1.0,1.0,3.0,1979.0,16118307.0,1.0,0.0,496.3333333333333
1.0,1.0,8.0,1979.0,21653703.0,1.0,0.0,515.3333333333334
1.0,1.0,10.0,1979.0,19342309.0,0.0,0.0,496.3333333333333
1.0,1.0,11.0,1978.0,20345704.0,2.0,0.0,584.6666666666666
2.0,1.0,9.0,1979.0,25288506.0,1.0,0.0,519.0
1.0,1.0,1.0,1979.0,20345704.0,1.0,0.0,529.3333333333334
1.0,1.0,1.0,1979.0,20345704.0,1.0,0.0,528.6666666666666
1.0,1.0,9.0,1979.0,16117605.0,2.0,0.0,501.3333333333333
2.0,1.0,9.0,1980.0,16117605.0,2.0,0.0,579.0
2.0,1.0,8.0,1980.0,17331206.0,2.0,0.0,567.0
2.0,1.0,3.0,1980.0,26192708.0,2.0,0.0,534.3333333333334
2.0,1.0,4.0,1980.0,22558507.0,2.0,0.0,541.3333333333334
1.0,2.0,6.0,1980.0,24475513.0,1.0,0.0,511.6666666666667
2.0,1.0,7.0,1980.0,16118307.0,0.0,0.0,585.3333333333334
2.0,2.0,8.0,1980.0,22157109.0,2.0,0.0,539.6666666666666
2.0,1.0,5.0,1980.0,17029506.0,1.0,0.0,501.6666666666667
2.0,1.0,7.0,1979.0,20144913.0,0.0,0.0,465.3333333333333
2.0,2.0,7.0,1980.0,24472306.0,1.0,0.0,508.3333333333333
2.0,2.0,9.0,1979.0,24480614.0,1.0,0.0,536.3333333333334
2.0,2.0,12.0,1979.0,24479605.0,1.0,0.0,540.3333333333334
2.0,2.0,11.0,1979.0,24479605.0,1.0,0.0,542.6666666666666
1.0,1.0,1.0,1980.0,19342309.0,0.0,0.0,495.0
1.0,2.0,9.0,1979.0,24472306.0,1.0,0.0,468.0
2.0,2.0,7.0,1979.0,24470811.0,1.0,0.0,488.3333333333333
2.0,2.0,3.0,1980.0,15917107.0,1.0,0.0,505.3333333333333
2.0,1.0,2.0,1980.0,17331205.0,2.0,0.0,573.0
2.0,1.0,9.0,1979.0,20144913.0,2.0,0.0,555.6666666666666
2.0,1.0,1.0,1980.0,21653704.0,2.0,0.0,548.3333333333334
1.0,1.0,2.0,1980.0,20345210.0,2.0,0.0,544.0
2.0,1.0,7.0,1979.0,16923106.0,2.0,0.0,562.6666666666666
2.0,1.0,11.0,1978.0,20850107.0,2.0,0.0,561.3333333333334
1.0,1.0,8.0,1980.0,16118308.0,1.0,0.0,534.6666666666666
1.0,1.0,2.0,1979.0,19342206.0,1.0,0.0,502.3333333333333
1.0,2.0,7.0,1980.0,24472308.0,1.0,0.0,468.3333333333333
1.0,2.0,8.0,1980.0,24480612.0,1.0,0.0,527.0
1.0,1.0,2.0,1980.0,12305604.0,1.0,0.0,597.3333333333334
2.0,1.0,1.0,1980.0,19342309.0,1.0,0.0,550.0
2.0,1.0,12.0,1979.0,21653703.0,1.0,0.0,565.3333333333334
1.0,2.0,10.0,1980.0,24479606.0,1.0,0.0,504.0
2.0,2.0,9.0,1980.0,24477614.0,2.0,0.0,459.3333333333333
2.0,2.0,5.0,1979.0,24479606.0,1.0,0.0,509.3333333333333
2.0,1.0,4.0,1979.0,17331205.0,2.0,0.0,555.6666666666666
2.0,2.0,8.0,1980.0,24477613.0,1.0,0.0,502.3333333333333
1.0,2.0,12.0,1978.0,24472308.0,1.0,0.0,518.3333333333334
2.0,2.0,11.0,1979.0,24472308.0,1.0,0.0,502.6666666666667
1.0,2.0,4.0,1980.0,16923108.0,1.0,0.0,480.0
1.0,2.0,6.0,1980.0,23462808.0,1.0,0.0,538.0
1.0,2.0,9.0,1979.0,24472306.0,1.0,0.0,505.0
2.0,1.0,8.0,1980.0,16117605.0,2.0,0.0,530.3333333333334
2.0,2.0,9.0,1979.0,16923108.0,1.0,0.0,488.6666666666667
1.0,1.0,11.0,1978.0,25288506.0,1.0,0.0,566.6666666666666
2.0,1.0,6.0,1980.0,16218405.0,1.0,0.0,511.6666666666667
1.0,2.0,11.0,1977.0,24477406.0,1.0,0.0,482.0
2.0,1.0,2.0,1979.0,20144913.0,1.0,0.0,549.6666666666666
2.0,1.0,7.0,1980.0,16117605.0,2.0,0.0,535.6666666666666
1.0,1.0,7.0,1980.0,16117605.0,2.0,0.0,568.0
1.0,1.0,12.0,1979.0,20144913.0,1.0,0.0,563.3333333333334
1.0,2.0,9.0,1979.0,24470811.0,1.0,0.0,479.0
1.0,2.0,7.0,1978.0,24474605.0,1.0,0.0,545.6666666666666
1.0,1.0,1.0,1978.0,25789907.0,1.0,0.0,520.3333333333334
1.0,2.0,7.0,1978.0,24480613.0,1.0,0.0,468.6666666666667
1.0,2.0,8.0,1978.0,24478004.0,1.0,0.0,503.0
2.0,2.0,9.0,1978.0,24477408.0,1.0,0.0,485.6666666666667
1.0,2.0,9.0,1978.0,24473605.0,1.0,0.0,519.0
1.0,2.0,10.0,1978.0,24477406.0,1.0,0.0,473.3333333333333
2.0,2.0,11.0,1978.0,24472306.0,1.0,0.0,504.0
1.0,2.0,12.0,1978.0,24473605.0,1.0,0.0,501.0
1.0,2.0,12.0,1978.0,24477406.0,1.0,0.0,496.3333333333333
1.0,2.0,7.0,1980.0,24476405.0,1.0,0.0,513.3333333333334
1.0,2.0,11.0,1978.0,24479605.0,1.0,0.0,579.0
1.0,1.0,7.0,1978.0,16118307.0,1.0,0.0,551.6666666666666
2.0,2.0,7.0,1978.0,22157109.0,1.0,0.0,515.0
1.0,2.0,10.0,1978.0,22860605.0,1.0,0.0,510.3333333333333
2.0,1.0,8.0,1978.0,16923106.0,1.0,0.0,494.3333333333333
2.0,1.0,12.0,1978.0,21653703.0,1.0,0.0,559.3333333333334
1.0,1.0,9.0,1978.0,23061204.0,1.0,0.0,559.6666666666666
2.0,2.0,9.0,1978.0,22157109.0,1.0,0.0,505.0
1.0,1.0,10.0,1979.0,23462811.0,1.0,0.0,529.3333333333334
1.0,1.0,11.0,1978.0,16923106.0,1.0,0.0,553.0
1.0,2.0,11.0,1978.0,16923108.0,2.0,0.0,578.6666666666666
1.0,1.0,11.0,1978.0,12807906.0,1.0,0.0,522.6666666666666
1.0,1.0,11.0,1978.0,20850107.0,1.0,0.0,490.6666666666667
2.0,1.0,11.0,1979.0,20144912.0,1.0,0.0,517.0
2.0,1.0,11.0,1978.0,25288506.0,2.0,0.0,562.0
2.0,1.0,12.0,1978.0,23462811.0,1.0,0.0,607.6666666666666
2.0,2.0,12.0,1978.0,20144912.0,2.0,0.0,545.6666666666666
1.0,2.0,12.0,1978.0,25288506.0,2.0,0.0,600.6666666666666
1.0,1.0,12.0,1978.0,12807906.0,1.0,0.0,536.3333333333334
1.0,1.0,12.0,1978.0,20850107.0,2.0,0.0,525.3333333333334
2.0,1.0,12.0,1978.0,25288508.0,1.0,0.0,530.0
2.0,2.0,12.0,1979.0,22157107.0,1.0,0.0,458.3333333333333
2.0,1.0,12.0,1978.0,23462808.0,1.0,0.0,550.3333333333334
1.0,1.0,11.0,1978.0,22558507.0,1.0,0.0,500.3333333333333
1.0,1.0,12.0,1978.0,20850107.0,2.0,0.0,535.3333333333334
2.0,2.0,12.0,1978.0,24480612.0,1.0,0.0,525.0
2.0,1.0,1.0,1979.0,12807906.0,0.0,0.0,529.0
1.0,2.0,1.0,1979.0,22157107.0,1.0,0.0,506.0
1.0,2.0,1.0,1979.0,16923106.0,1.0,0.0,529.6666666666666
2.0,2.0,11.0,1979.0,24480613.0,1.0,0.0,561.3333333333334
1.0,2.0,2.0,1979.0,24473604.0,1.0,0.0,463.3333333333333
1.0,2.0,2.0,1979.0,24473604.0,1.0,0.0,514.3333333333334
1.0,2.0,2.0,1979.0,24470811.0,1.0,0.0,481.3333333333333
1.0,2.0,9.0,1979.0,24474605.0,1.0,0.0,510.6666666666667
2.0,2.0,3.0,1979.0,24472806.0,1.0,0.0,489.3333333333333
2.0,1.0,1.0,1979.0,21553310.0,1.0,0.0,583.0
2.0,2.0,3.0,1979.0,24470810.0,1.0,0.0,518.3333333333334
1.0,2.0,11.0,1979.0,24474605.0,1.0,0.0,572.6666666666666
1.0,1.0,3.0,1979.0,16821405.0,2.0,0.0,533.0
1.0,1.0,12.0,1979.0,25789906.0,1.0,0.0,555.3333333333334
1.0,1.0,8.0,1979.0,20345209.0,2.0,0.0,588.0
2.0,2.0,4.0,1979.0,24472306.0,1.0,0.0,507.6666666666667
1.0,2.0,10.0,1979.0,24474605.0,1.0,0.0,560.3333333333334
2.0,1.0,1.0,1979.0,25288508.0,2.0,0.0,546.3333333333334
1.0,2.0,4.0,1979.0,24475513.0,1.0,0.0,467.3333333333333
2.0,2.0,4.0,1979.0,24474605.0,1.0,0.0,514.6666666666666
1.0,2.0,4.0,1979.0,24477407.0,1.0,0.0,507.3333333333333
1.0,2.0,4.0,1979.0,24470810.0,1.0,0.0,472.0
1.0,2.0,11.0,1979.0,20549005.0,1.0,0.0,608.3333333333334
1.0,2.0,4.0,1979.0,24477613.0,1.0,0.0,507.3333333333333
1.0,1.0,2.0,1979.0,23462811.0,2.0,0.0,504.0
1.0,1.0,1.0,1979.0,16821405.0,2.0,0.0,582.0
1.0,2.0,11.0,1980.0,20549005.0,1.0,0.0,645.6666666666666
2.0,2.0,12.0,1979.0,20549005.0,1.0,0.0,562.6666666666666
2.0,1.0,12.0,1979.0,16118308.0,2.0,0.0,567.3333333333334
2.0,2.0,12.0,1979.0,20549005.0,1.0,0.0,546.3333333333334
1.0,1.0,1.0,1979.0,20345210.0,2.0,0.0,528.6666666666666
1.0,2.0,12.0,1979.0,20549005.0,1.0,0.0,590.0
1.0,2.0,5.0,1979.0,24470810.0,1.0,0.0,458.3333333333333
2.0,2.0,12.0,1979.0,24474605.0,1.0,0.0,514.0
2.0,2.0,5.0,1979.0,24477408.0,1.0,0.0,476.3333333333333
2.0,1.0,2.0,1979.0,16923106.0,1.0,0.0,505.3333333333333
1.0,2.0,5.0,1979.0,24480614.0,1.0,0.0,510.3333333333333
1.0,2.0,6.0,1978.0,24480613.0,1.0,0.0,452.0
1.0,2.0,6.0,1979.0,24480614.0,1.0,0.0,508.0
1.0,2.0,2.0,1979.0,20144913.0,1.0,0.0,536.0
2.0,2.0,6.0,1979.0,24477406.0,1.0,0.0,467.6666666666667
2.0,2.0,6.0,1979.0,24472306.0,1.0,0.0,483.3333333333333
1.0,2.0,6.0,1979.0,24470811.0,1.0,0.0,487.3333333333333
2.0,2.0,6.0,1979.0,24477408.0,1.0,0.0,485.0
1.0,1.0,2.0,1979.0,20850107.0,2.0,0.0,519.6666666666666
1.0,2.0,7.0,1979.0,24480613.0,1.0,0.0,474.6666666666667
1.0,2.0,7.0,1979.0,24480612.0,2.0,0.0,507.6666666666667
1.0,2.0,7.0,1979.0,24480614.0,1.0,0.0,511.6666666666667
1.0,2.0,7.0,1979.0,24473604.0,1.0,0.0,485.6666666666667
1.0,2.0,7.0,1979.0,24479605.0,1.0,0.0,497.0
2.0,2.0,7.0,1979.0,24473604.0,1.0,0.0,494.3333333333333
1.0,2.0,7.0,1979.0,24474605.0,1.0,0.0,475.6666666666667
2.0,2.0,8.0,1979.0,24480613.0,1.0,0.0,463.6666666666667
1.0,1.0,2.0,1979.0,21653703.0,2.0,0.0,499.0
1.0,1.0,3.0,1979.0,25388804.0,2.0,0.0,489.6666666666667
1.0,1.0,3.0,1979.0,18937808.0,2.0,0.0,539.3333333333334
1.0,2.0,10.0,1980.0,24477613.0,1.0,0.0,487.6666666666667
2.0,1.0,3.0,1979.0,20345209.0,1.0,0.0,562.0
1.0,1.0,3.0,1979.0,15917109.0,1.0,0.0,498.0
1.0,2.0,11.0,1979.0,24474605.0,1.0,0.0,537.0
2.0,2.0,10.0,1979.0,24475513.0,2.0,0.0,509.3333333333333
1.0,2.0,11.0,1979.0,24477407.0,1.0,0.0,534.6666666666666
2.0,2.0,11.0,1979.0,24470810.0,1.0,0.0,504.3333333333333
2.0,2.0,11.0,1979.0,24469710.0,1.0,0.0,531.3333333333334
1.0,2.0,3.0,1979.0,24479605.0,1.0,0.0,518.6666666666666
2.0,2.0,11.0,1979.0,24479606.0,1.0,0.0,515.0
1.0,2.0,11.0,1979.0,24479606.0,1.0,0.0,514.6666666666666
2.0,2.0,11.0,1979.0,24480614.0,1.0,0.0,511.0
1.0,2.0,11.0,1979.0,24475513.0,1.0,0.0,535.6666666666666
2.0,1.0,3.0,1979.0,25288508.0,0.0,0.0,578.3333333333334
1.0,2.0,12.0,1979.0,24479606.0,1.0,0.0,488.3333333333333
2.0,2.0,12.0,1980.0,24477613.0,1.0,0.0,498.6666666666667
2.0,2.0,12.0,1979.0,24477406.0,1.0,0.0,492.6666666666667
1.0,1.0,3.0,1979.0,12305604.0,1.0,0.0,498.3333333333333
1.0,2.0,12.0,1979.0,24478004.0,1.0,0.0,551.6666666666666
2.0,1.0,4.0,1979.0,12807906.0,0.0,0.0,528.6666666666666
2.0,2.0,12.0,1979.0,24472806.0,1.0,0.0,517.3333333333334
1.0,1.0,4.0,1979.0,16117605.0,2.0,0.0,487.6666666666667
1.0,1.0,4.0,1979.0,23161606.0,1.0,0.0,561.0
1.0,1.0,4.0,1979.0,23462811.0,2.0,0.0,513.3333333333334
2.0,2.0,12.0,1979.0,24480612.0,1.0,0.0,519.0
2.0,1.0,9.0,1979.0,19342206.0,1.0,0.0,515.0
1.0,2.0,4.0,1979.0,16923106.0,1.0,0.0,538.3333333333334
1.0,1.0,3.0,1979.0,20144912.0,2.0,0.0,532.6666666666666
1.0,1.0,4.0,1979.0,20144913.0,1.0,0.0,556.6666666666666
1.0,1.0,4.0,1979.0,20345704.0,2.0,0.0,577.3333333333334
1.0,1.0,4.0,1979.0,21653703.0,1.0,0.0,493.0
2.0,1.0,4.0,1979.0,21653703.0,2.0,0.0,489.3333333333333
1.0,1.0,4.0,1979.0,22157107.0,1.0,0.0,513.0
1.0,2.0,3.0,1979.0,23462808.0,1.0,0.0,547.3333333333334
1.0,1.0,3.0,1979.0,23462811.0,1.0,0.0,565.0
2.0,2.0,8.0,1979.0,24476405.0,1.0,0.0,514.6666666666666
1.0,1.0,3.0,1979.0,25789907.0,1.0,0.0,510.0
1.0,1.0,5.0,1979.0,16821405.0,1.0,0.0,527.3333333333334
1.0,1.0,4.0,1979.0,17331205.0,1.0,0.0,563.6666666666666
1.0,1.0,4.0,1979.0,17331206.0,2.0,0.0,505.3333333333333
1.0,1.0,5.0,1979.0,17632906.0,1.0,0.0,549.3333333333334
2.0,1.0,5.0,1979.0,20144912.0,2.0,0.0,505.3333333333333
2.0,1.0,5.0,1979.0,19342206.0,1.0,0.0,503.6666666666667
2.0,1.0,5.0,1979.0,19342206.0,1.0,0.0,481.6666666666667
1.0,1.0,5.0,1979.0,19342309.0,2.0,0.0,540.3333333333334
2.0,1.0,12.0,1979.0,21553307.0,1.0,0.0,522.6666666666666
2.0,1.0,5.0,1979.0,26192708.0,1.0,0.0,521.0
1.0,1.0,3.0,1979.0,18937808.0,1.0,0.0,536.3333333333334
2.0,1.0,5.0,1979.0,21653704.0,1.0,0.0,510.3333333333333
2.0,1.0,6.0,1979.0,16821405.0,1.0,0.0,546.3333333333334
1.0,1.0,6.0,1979.0,25991506.0,1.0,0.0,547.6666666666666
1.0,2.0,5.0,1979.0,17331205.0,1.0,0.0,500.0
1.0,1.0,6.0,1979.0,20345704.0,2.0,0.0,540.3333333333334
2.0,1.0,6.0,1979.0,21653703.0,1.0,0.0,555.0
1.0,1.0,7.0,1979.0,19141106.0,1.0,0.0,524.0
1.0,1.0,7.0,1979.0,20144912.0,1.0,0.0,537.0
1.0,1.0,10.0,1979.0,19342308.0,2.0,0.0,574.6666666666666
1.0,1.0,7.0,1979.0,20345210.0,1.0,0.0,507.6666666666667
1.0,2.0,7.0,1979.0,15917107.0,1.0,0.0,563.0
2.0,2.0,7.0,1979.0,22157107.0,1.0,0.0,519.0
1.0,1.0,7.0,1979.0,17632906.0,1.0,0.0,525.6666666666666
2.0,2.0,4.0,1979.0,24477613.0,1.0,0.0,504.3333333333333
1.0,1.0,7.0,1979.0,21653704.0,2.0,0.0,496.0
2.0,1.0,9.0,1980.0,21653704.0,2.0,0.0,537.3333333333334
1.0,2.0,8.0,1979.0,16923106.0,1.0,0.0,533.6666666666666
2.0,1.0,8.0,1979.0,17632906.0,2.0,0.0,523.3333333333334
1.0,1.0,8.0,1979.0,19342309.0,1.0,0.0,547.3333333333334
1.0,2.0,8.0,1979.0,19342308.0,2.0,0.0,532.0
2.0,1.0,8.0,1979.0,19342309.0,2.0,0.0,459.6666666666667
2.0,1.0,8.0,1979.0,21553307.0,2.0,0.0,573.6666666666666
1.0,1.0,8.0,1979.0,19342308.0,2.0,0.0,600.3333333333334
1.0,1.0,8.0,1979.0,17029506.0,2.0,0.0,537.6666666666666
2.0,1.0,7.0,1979.0,23061204.0,1.0,0.0,564.6666666666666
2.0,2.0,8.0,1979.0,22157107.0,1.0,0.0,481.3333333333333
1.0,1.0,8.0,1979.0,22558507.0,1.0,0.0,489.6666666666667
1.0,1.0,5.0,1979.0,22558507.0,2.0,0.0,556.6666666666666
2.0,1.0,8.0,1979.0,22860605.0,2.0,0.0,564.6666666666666
1.0,1.0,8.0,1979.0,26192708.0,2.0,0.0,552.6666666666666
1.0,1.0,8.0,1979.0,21653703.0,2.0,0.0,526.6666666666666
2.0,1.0,8.0,1979.0,25789907.0,1.0,0.0,499.3333333333333
1.0,1.0,9.0,1979.0,22157405.0,1.0,0.0,526.0
1.0,1.0,9.0,1979.0,12807906.0,0.0,0.0,545.6666666666666
1.0,1.0,9.0,1979.0,16923108.0,1.0,0.0,561.0
1.0,1.0,9.0,1979.0,16923106.0,1.0,0.0,557.6666666666666
1.0,1.0,9.0,1979.0,20144912.0,1.0,0.0,536.3333333333334
2.0,1.0,9.0,1979.0,22157405.0,2.0,0.0,554.0
1.0,1.0,9.0,1979.0,20144912.0,2.0,0.0,559.6666666666666
2.0,1.0,9.0,1979.0,17331205.0,2.0,0.0,580.6666666666666
1.0,1.0,9.0,1979.0,18937808.0,2.0,0.0,501.0
2.0,1.0,9.0,1979.0,22157109.0,1.0,0.0,482.6666666666667
1.0,1.0,9.0,1979.0,20951009.0,2.0,0.0,475.0
1.0,2.0,9.0,1979.0,21553310.0,1.0,0.0,557.3333333333334
1.0,1.0,9.0,1979.0,21553310.0,1.0,0.0,525.6666666666666
1.0,1.0,9.0,1979.0,15917109.0,2.0,0.0,512.0
2.0,2.0,9.0,1979.0,21553310.0,1.0,0.0,541.3333333333334
2.0,1.0,9.0,1980.0,21553307.0,2.0,0.0,565.6666666666666
1.0,1.0,9.0,1979.0,15917107.0,1.0,0.0,525.0
1.0,1.0,9.0,1979.0,19342308.0,2.0,0.0,579.3333333333334
2.0,1.0,9.0,1979.0,20951007.0,2.0,0.0,504.6666666666667
1.0,1.0,9.0,1979.0,22157107.0,2.0,0.0,573.0
1.0,1.0,9.0,1979.0,22860605.0,2.0,0.0,581.3333333333334
2.0,1.0,9.0,1979.0,23462808.0,2.0,0.0,579.0
1.0,2.0,9.0,1979.0,24472308.0,1.0,0.0,524.6666666666666
2.0,2.0,8.0,1979.0,24477613.0,1.0,0.0,518.3333333333334
1.0,1.0,9.0,1979.0,22157405.0,2.0,0.0,541.0
2.0,1.0,9.0,1979.0,25288506.0,1.0,0.0,501.6666666666667
2.0,1.0,9.0,1979.0,25789906.0,1.0,0.0,530.0
2.0,1.0,9.0,1979.0,26192706.0,2.0,0.0,524.6666666666666
2.0,1.0,10.0,1979.0,12807906.0,0.0,0.0,554.0
1.0,1.0,10.0,1979.0,16117605.0,1.0,0.0,496.0
2.0,1.0,10.0,1979.0,16821405.0,2.0,0.0,556.3333333333334
2.0,1.0,10.0,1979.0,12305604.0,2.0,0.0,576.3333333333334
2.0,1.0,10.0,1979.0,26192706.0,2.0,0.0,583.3333333333334
1.0,1.0,10.0,1979.0,25789907.0,1.0,0.0,453.6666666666667
2.0,1.0,12.0,1979.0,21653704.0,2.0,0.0,561.6666666666666
2.0,1.0,9.0,1979.0,18937808.0,2.0,0.0,541.6666666666666
1.0,1.0,10.0,1979.0,20850107.0,2.0,0.0,466.6666666666667
1.0,1.0,10.0,1979.0,19342309.0,2.0,0.0,558.6666666666666
2.0,1.0,10.0,1979.0,19342309.0,2.0,0.0,583.6666666666666
1.0,1.0,10.0,1979.0,22157107.0,2.0,0.0,597.3333333333334
1.0,1.0,10.0,1979.0,22860605.0,2.0,0.0,600.0
2.0,1.0,10.0,1979.0,22860605.0,2.0,0.0,542.3333333333334
2.0,1.0,10.0,1979.0,21653704.0,2.0,0.0,607.3333333333334
2.0,1.0,9.0,1979.0,21653703.0,0.0,0.0,557.0
2.0,1.0,10.0,1979.0,21653704.0,1.0,0.0,535.3333333333334
1.0,1.0,10.0,1979.0,25789907.0,2.0,0.0,541.6666666666666
1.0,1.0,11.0,1979.0,25991506.0,2.0,0.0,532.3333333333334
1.0,1.0,10.0,1979.0,26192708.0,2.0,0.0,589.0
1.0,2.0,11.0,1979.0,23462808.0,2.0,0.0,556.6666666666666
1.0,1.0,10.0,1979.0,25789906.0,2.0,0.0,563.6666666666666
1.0,1.0,11.0,1979.0,16117605.0,1.0,0.0,556.6666666666666
2.0,1.0,11.0,1979.0,16419804.0,1.0,0.0,538.0
1.0,1.0,11.0,1979.0,26192706.0,2.0,0.0,532.3333333333334
1.0,1.0,11.0,1979.0,20144912.0,2.0,0.0,543.0
1.0,1.0,11.0,1979.0,17029506.0,1.0,0.0,600.3333333333334
2.0,1.0,11.0,1979.0,17331205.0,2.0,0.0,601.6666666666666
1.0,1.0,10.0,1979.0,25789907.0,2.0,0.0,552.0
1.0,1.0,11.0,1979.0,25789907.0,2.0,0.0,508.0
2.0,1.0,11.0,1979.0,20345704.0,2.0,0.0,606.3333333333334
2.0,1.0,10.0,1979.0,18939606.0,2.0,0.0,567.0
2.0,1.0,11.0,1979.0,19141106.0,1.0,0.0,504.6666666666667
1.0,1.0,10.0,1979.0,19141106.0,1.0,0.0,496.6666666666667
2.0,1.0,11.0,1979.0,20345210.0,2.0,0.0,589.0
2.0,1.0,11.0,1979.0,20144912.0,1.0,0.0,579.6666666666666
1.0,1.0,11.0,1979.0,20144913.0,2.0,0.0,569.3333333333334
2.0,1.0,10.0,1979.0,20144912.0,2.0,0.0,542.6666666666666
2.0,1.0,11.0,1979.0,20345704.0,1.0,0.0,559.3333333333334
1.0,1.0,11.0,1979.0,20345209.0,2.0,0.0,572.0
1.0,1.0,11.0,1979.0,16117605.0,1.0,0.0,611.6666666666666
1.0,1.0,11.0,1979.0,20850306.0,2.0,0.0,565.3333333333334
1.0,1.0,11.0,1979.0,20850107.0,2.0,0.0,550.0
2.0,1.0,11.0,1979.0,20850107.0,2.0,0.0,580.6666666666666
1.0,1.0,11.0,1979.0,20850306.0,2.0,0.0,576.0
2.0,1.0,11.0,1979.0,23061204.0,2.0,0.0,500.0
2.0,2.0,11.0,1979.0,19342308.0,1.0,0.0,526.0
2.0,1.0,11.0,1979.0,21553310.0,0.0,0.0,627.0
1.0,1.0,11.0,1979.0,21553310.0,2.0,0.0,591.6666666666666
2.0,1.0,11.0,1979.0,19342309.0,0.0,0.0,538.3333333333334
1.0,1.0,10.0,1979.0,21553310.0,1.0,0.0,602.6666666666666
2.0,1.0,11.0,1979.0,19342309.0,0.0,0.0,512.3333333333334
2.0,1.0,11.0,1979.0,23061204.0,2.0,0.0,604.6666666666666
2.0,1.0,11.0,1979.0,21553310.0,2.0,0.0,606.0
1.0,1.0,11.0,1979.0,15917107.0,2.0,0.0,532.6666666666666
2.0,1.0,11.0,1979.0,15917109.0,1.0,0.0,543.0
1.0,1.0,11.0,1979.0,19342206.0,2.0,0.0,566.3333333333334
2.0,1.0,10.0,1979.0,17029506.0,2.0,0.0,647.3333333333334
2.0,1.0,11.0,1979.0,22157405.0,2.0,0.0,544.6666666666666
1.0,1.0,11.0,1979.0,22157109.0,2.0,0.0,557.0
1.0,2.0,11.0,1979.0,22157107.0,2.0,0.0,480.6666666666667
1.0,1.0,10.0,1979.0,22157107.0,2.0,0.0,506.6666666666667
1.0,1.0,11.0,1979.0,22860605.0,2.0,0.0,602.0
2.0,2.0,11.0,1979.0,22860605.0,2.0,0.0,551.6666666666666
2.0,1.0,11.0,1979.0,26192708.0,2.0,0.0,547.3333333333334
1.0,1.0,10.0,1979.0,23161606.0,1.0,0.0,570.0
1.0,1.0,10.0,1979.0,26192706.0,1.0,0.0,558.0
1.0,1.0,10.0,1979.0,23462808.0,2.0,0.0,569.6666666666666
2.0,2.0,11.0,1979.0,24473605.0,1.0,0.0,513.3333333333334
1.0,2.0,11.0,1979.0,24473604.0,1.0,0.0,516.3333333333334
1.0,2.0,6.0,1979.0,24477406.0,1.0,0.0,470.0
1.0,1.0,10.0,1979.0,25789906.0,2.0,0.0,562.3333333333334
1.0,1.0,11.0,1979.0,21653704.0,2.0,0.0,611.6666666666666
2.0,1.0,11.0,1979.0,21653704.0,2.0,0.0,580.3333333333334
2.0,1.0,11.0,1979.0,25789907.0,2.0,0.0,530.6666666666666
2.0,1.0,11.0,1979.0,25789907.0,1.0,0.0,524.0
1.0,1.0,11.0,1979.0,22860605.0,2.0,0.0,543.0
1.0,1.0,11.0,1979.0,22157405.0,2.0,0.0,583.6666666666666
1.0,1.0,11.0,1979.0,22157405.0,2.0,0.0,542.0
1.0,1.0,10.0,1979.0,12305604.0,1.0,0.0,500.0
1.0,1.0,12.0,1979.0,16118307.0,1.0,0.0,576.6666666666666
1.0,1.0,11.0,1979.0,16419804.0,2.0,0.0,559.0
2.0,2.0,12.0,1979.0,16419804.0,1.0,0.0,496.0
1.0,1.0,12.0,1979.0,26192708.0,2.0,0.0,566.6666666666666
2.0,1.0,12.0,1979.0,16821405.0,2.0,0.0,569.0
1.0,1.0,12.0,1979.0,16821405.0,2.0,0.0,563.0
1.0,1.0,12.0,1979.0,12305604.0,2.0,0.0,551.6666666666666
1.0,2.0,12.0,1979.0,16923108.0,1.0,0.0,532.0
2.0,1.0,12.0,1979.0,20144913.0,0.0,0.0,511.3333333333333
1.0,1.0,12.0,1979.0,26192706.0,2.0,0.0,503.3333333333333
1.0,1.0,12.0,1979.0,17331205.0,2.0,0.0,570.3333333333334
1.0,1.0,11.0,1979.0,17331206.0,2.0,0.0,555.6666666666666
1.0,2.0,11.0,1979.0,17331206.0,1.0,0.0,480.6666666666667
2.0,1.0,12.0,1979.0,12305604.0,1.0,0.0,533.0
2.0,1.0,12.0,1979.0,25789906.0,2.0,0.0,520.6666666666666
1.0,1.0,12.0,1979.0,20345704.0,1.0,0.0,558.6666666666666
1.0,1.0,11.0,1979.0,18939606.0,1.0,0.0,538.6666666666666
1.0,1.0,11.0,1979.0,18939606.0,2.0,0.0,591.3333333333334
1.0,1.0,12.0,1979.0,20144912.0,2.0,0.0,516.0
2.0,1.0,12.0,1979.0,20345209.0,2.0,0.0,544.0
1.0,2.0,12.0,1979.0,20549005.0,1.0,0.0,569.3333333333334
2.0,1.0,12.0,1979.0,25991506.0,1.0,0.0,592.3333333333334
1.0,1.0,12.0,1979.0,20951009.0,2.0,0.0,474.0
1.0,1.0,12.0,1979.0,20850107.0,2.0,0.0,564.0
2.0,1.0,12.0,1979.0,20951009.0,1.0,0.0,527.0
1.0,1.0,12.0,1979.0,23061204.0,1.0,0.0,583.3333333333334
1.0,2.0,12.0,1980.0,22157107.0,1.0,0.0,480.3333333333333
1.0,1.0,11.0,1979.0,20951007.0,1.0,0.0,496.3333333333333
2.0,1.0,12.0,1979.0,19342206.0,1.0,0.0,516.0
2.0,1.0,12.0,1979.0,21553310.0,1.0,0.0,579.6666666666666
1.0,1.0,12.0,1979.0,19342308.0,1.0,0.0,498.0
2.0,1.0,11.0,1979.0,15917109.0,1.0,0.0,510.0
1.0,1.0,12.0,1979.0,22157107.0,1.0,0.0,479.0
1.0,1.0,12.0,1979.0,22157109.0,2.0,0.0,559.3333333333334
1.0,1.0,12.0,1979.0,22157107.0,1.0,0.0,498.3333333333333
2.0,2.0,12.0,1979.0,17331206.0,1.0,0.0,552.6666666666666
2.0,1.0,11.0,1979.0,22860605.0,1.0,0.0,543.0
1.0,1.0,12.0,1979.0,23161606.0,1.0,0.0,475.6666666666667
1.0,1.0,12.0,1979.0,26192708.0,2.0,0.0,529.3333333333334
2.0,1.0,12.0,1979.0,16218405.0,1.0,0.0,597.6666666666666
1.0,1.0,12.0,1979.0,23462811.0,1.0,0.0,528.3333333333334
1.0,1.0,12.0,1979.0,12305604.0,1.0,0.0,524.0
2.0,2.0,12.0,1979.0,24473605.0,1.0,0.0,566.6666666666666
2.0,2.0,12.0,1979.0,24469708.0,1.0,0.0,530.0
1.0,2.0,12.0,1979.0,24477408.0,1.0,0.0,478.0
2.0,2.0,12.0,1979.0,24477613.0,1.0,0.0,503.3333333333333
2.0,2.0,9.0,1979.0,24472306.0,1.0,0.0,492.0
1.0,1.0,12.0,1979.0,21653704.0,1.0,0.0,550.3333333333334
1.0,1.0,12.0,1979.0,25288508.0,2.0,0.0,546.0
2.0,1.0,11.0,1979.0,21653703.0,2.0,0.0,510.3333333333333
1.0,1.0,11.0,1979.0,25288508.0,2.0,0.0,550.3333333333334
1.0,1.0,11.0,1979.0,21653703.0,2.0,0.0,621.0
2.0,1.0,1.0,1979.0,25288506.0,2.0,0.0,576.6666666666666
2.0,2.0,12.0,1979.0,24472806.0,1.0,0.0,518.3333333333334
2.0,1.0,12.0,1979.0,25789907.0,1.0,0.0,532.3333333333334
2.0,1.0,12.0,1979.0,25388804.0,2.0,0.0,579.3333333333334
2.0,1.0,12.0,1979.0,26192706.0,1.0,0.0,559.6666666666666
1.0,2.0,12.0,1979.0,25288508.0,1.0,0.0,551.6666666666666
2.0,2.0,12.0,1979.0,25288508.0,1.0,0.0,504.0
1.0,1.0,12.0,1979.0,21653703.0,2.0,0.0,572.3333333333334
2.0,1.0,12.0,1979.0,25388804.0,2.0,0.0,613.0
1.0,1.0,12.0,1979.0,16923106.0,2.0,0.0,541.3333333333334
2.0,1.0,12.0,1979.0,18937808.0,2.0,0.0,519.6666666666666
1.0,1.0,12.0,1979.0,18939606.0,2.0,0.0,531.6666666666666
1.0,1.0,11.0,1979.0,20345704.0,2.0,0.0,611.6666666666666
1.0,1.0,11.0,1979.0,18939606.0,2.0,0.0,572.3333333333334
2.0,2.0,12.0,1979.0,17029506.0,1.0,0.0,511.6666666666667
1.0,1.0,12.0,1979.0,21553307.0,2.0,0.0,485.6666666666667
1.0,1.0,12.0,1979.0,19141106.0,2.0,0.0,612.0
1.0,1.0,12.0,1979.0,20850107.0,2.0,0.0,597.3333333333334
1.0,2.0,7.0,1979.0,24478004.0,1.0,0.0,493.3333333333333
1.0,1.0,11.0,1979.0,20951009.0,1.0,0.0,479.0
1.0,2.0,1.0,1978.0,24473604.0,1.0,0.0,496.3333333333333
2.0,1.0,12.0,1979.0,21553310.0,2.0,0.0,634.3333333333334
1.0,1.0,4.0,1979.0,19141106.0,1.0,0.0,481.6666666666667
1.0,2.0,8.0,1979.0,24474605.0,1.0,0.0,477.3333333333333
1.0,2.0,11.0,1979.0,24477614.0,1.0,0.0,489.0
2.0,2.0,11.0,1979.0,24470811.0,1.0,0.0,523.0
2.0,2.0,12.0,1979.0,24470811.0,1.0,0.0,523.0
2.0,1.0,5.0,1979.0,20951007.0,2.0,0.0,478.3333333333333
2.0,1.0,5.0,1979.0,25789906.0,1.0,0.0,533.6666666666666
2.0,2.0,12.0,1979.0,24469710.0,1.0,0.0,543.0
1.0,2.0,4.0,1979.0,24470811.0,1.0,0.0,483.6666666666667
2.0,2.0,9.0,1979.0,24477408.0,1.0,0.0,497.3333333333333
2.0,2.0,12.0,1979.0,24480612.0,1.0,0.0,536.6666666666666
2.0,1.0,8.0,1979.0,20850107.0,1.0,0.0,517.3333333333334
1.0,2.0,12.0,1979.0,24470810.0,1.0,0.0,504.0
1.0,2.0,12.0,1979.0,24473605.0,1.0,0.0,495.6666666666667
1.0,2.0,12.0,1979.0,24477406.0,1.0,0.0,496.6666666666667
2.0,2.0,1.0,1980.0,24480614.0,1.0,0.0,499.0
1.0,2.0,1.0,1980.0,24478004.0,1.0,0.0,494.6666666666667
2.0,2.0,1.0,1980.0,20549005.0,1.0,0.0,545.0
2.0,1.0,1.0,1980.0,16118307.0,1.0,0.0,518.6666666666666
2.0,1.0,1.0,1980.0,16118308.0,1.0,0.0,604.0
2.0,1.0,11.0,1980.0,16419804.0,2.0,0.0,592.3333333333334
1.0,2.0,1.0,1980.0,24477613.0,1.0,0.0,495.3333333333333
1.0,2.0,1.0,1980.0,24472806.0,1.0,0.0,481.6666666666667
1.0,2.0,1.0,1980.0,24469708.0,1.0,0.0,525.3333333333334
1.0,2.0,1.0,1980.0,24479605.0,1.0,0.0,486.6666666666667
2.0,1.0,1.0,1980.0,20144913.0,2.0,0.0,583.6666666666666
2.0,2.0,1.0,1980.0,24475513.0,1.0,0.0,487.0
2.0,2.0,1.0,1980.0,16923108.0,1.0,0.0,602.6666666666666
1.0,1.0,1.0,1980.0,25991506.0,1.0,0.0,493.3333333333333
1.0,2.0,1.0,1980.0,24477614.0,1.0,0.0,490.0
2.0,2.0,1.0,1980.0,24477407.0,1.0,0.0,484.0
1.0,2.0,1.0,1980.0,16923106.0,2.0,0.0,580.3333333333334
1.0,2.0,1.0,1980.0,24477407.0,1.0,0.0,496.3333333333333
2.0,2.0,6.0,1980.0,15917107.0,1.0,0.0,548.3333333333334
2.0,2.0,1.0,1980.0,24478004.0,1.0,0.0,533.6666666666666
1.0,2.0,3.0,1980.0,20549005.0,1.0,0.0,540.3333333333334
1.0,2.0,1.0,1980.0,24472806.0,2.0,0.0,511.0
2.0,1.0,1.0,1980.0,17029506.0,2.0,0.0,561.0
2.0,1.0,3.0,1980.0,16117605.0,1.0,0.0,538.6666666666666
2.0,2.0,1.0,1980.0,24473604.0,2.0,0.0,545.3333333333334
1.0,1.0,4.0,1980.0,20345209.0,1.0,0.0,526.3333333333334
2.0,2.0,1.0,1980.0,24472306.0,1.0,0.0,522.3333333333334
2.0,2.0,1.0,1980.0,24477407.0,1.0,0.0,495.3333333333333
2.0,2.0,2.0,1980.0,24477407.0,1.0,0.0,497.6666666666667
2.0,1.0,3.0,1980.0,26192708.0,2.0,0.0,564.0
2.0,1.0,1.0,1980.0,20345209.0,1.0,0.0,526.6666666666666
2.0,1.0,1.0,1980.0,20345209.0,1.0,0.0,497.6666666666667
2.0,1.0,1.0,1980.0,19141106.0,1.0,0.0,481.3333333333333
1.0,1.0,1.0,1980.0,20345704.0,1.0,0.0,606.0
2.0,2.0,2.0,1980.0,24474605.0,1.0,0.0,543.6666666666666
1.0,1.0,1.0,1980.0,18937808.0,2.0,0.0,541.3333333333334
2.0,1.0,4.0,1980.0,16118308.0,2.0,0.0,631.0
1.0,2.0,2.0,1980.0,24478004.0,1.0,0.0,466.0
1.0,2.0,2.0,1980.0,24480613.0,2.0,0.0,478.6666666666667
2.0,2.0,5.0,1980.0,24474605.0,1.0,0.0,511.0
1.0,1.0,1.0,1980.0,17029506.0,1.0,0.0,555.6666666666666
2.0,2.0,1.0,1980.0,20144912.0,1.0,0.0,492.0
1.0,1.0,1.0,1980.0,20345209.0,2.0,0.0,568.0
1.0,1.0,1.0,1980.0,16118308.0,2.0,0.0,620.3333333333334
1.0,2.0,5.0,1980.0,20549005.0,1.0,0.0,604.6666666666666
1.0,1.0,1.0,1980.0,23462808.0,2.0,0.0,552.0
2.0,2.0,2.0,1980.0,24476405.0,1.0,0.0,524.6666666666666
1.0,2.0,5.0,1980.0,20549005.0,1.0,0.0,577.0
2.0,1.0,1.0,1980.0,16118308.0,1.0,0.0,576.0
1.0,1.0,1.0,1980.0,12807906.0,0.0,0.0,552.3333333333334
1.0,2.0,2.0,1980.0,24480612.0,1.0,0.0,513.3333333333334
1.0,1.0,1.0,1980.0,20850306.0,1.0,0.0,579.6666666666666
2.0,1.0,1.0,1980.0,20850107.0,2.0,0.0,566.0
2.0,1.0,1.0,1980.0,22157107.0,1.0,0.0,562.0
1.0,1.0,1.0,1980.0,20850306.0,2.0,0.0,552.0
2.0,1.0,1.0,1980.0,20850306.0,2.0,0.0,494.3333333333333
1.0,2.0,6.0,1980.0,20549005.0,1.0,0.0,538.0
1.0,1.0,1.0,1980.0,19342206.0,2.0,0.0,524.3333333333334
2.0,2.0,1.0,1980.0,15917107.0,1.0,0.0,570.3333333333334
2.0,2.0,3.0,1980.0,24470811.0,1.0,0.0,484.3333333333333
2.0,1.0,1.0,1980.0,15917109.0,2.0,0.0,562.0
1.0,1.0,1.0,1980.0,23061204.0,2.0,0.0,575.6666666666666
1.0,1.0,1.0,1980.0,22157109.0,2.0,0.0,493.0
1.0,1.0,1.0,1980.0,20951007.0,2.0,0.0,587.3333333333334
2.0,1.0,1.0,1980.0,22157109.0,2.0,0.0,515.6666666666666
2.0,1.0,1.0,1980.0,20951007.0,2.0,0.0,554.6666666666666
1.0,3.0,1.0,1980.0,22157109.0,2.0,0.0,530.0
1.0,2.0,1.0,1980.0,22157109.0,1.0,0.0,501.0
2.0,1.0,4.0,1980.0,22558507.0,2.0,0.0,565.0
2.0,2.0,1.0,1980.0,22860605.0,1.0,0.0,570.0
1.0,2.0,1.0,1980.0,22860605.0,1.0,0.0,564.6666666666666
2.0,1.0,1.0,1980.0,22860605.0,2.0,0.0,586.3333333333334
1.0,1.0,1.0,1980.0,23161606.0,2.0,0.0,579.6666666666666
2.0,1.0,1.0,1980.0,23161606.0,2.0,0.0,593.3333333333334
2.0,1.0,1.0,1980.0,23161606.0,1.0,0.0,589.3333333333334
2.0,2.0,7.0,1980.0,24470811.0,1.0,0.0,466.0
1.0,1.0,7.0,1980.0,16118308.0,2.0,0.0,554.3333333333334
1.0,2.0,3.0,1980.0,24477614.0,1.0,0.0,488.3333333333333
2.0,1.0,6.0,1980.0,21653703.0,2.0,0.0,563.6666666666666
2.0,1.0,9.0,1980.0,20345210.0,1.0,0.0,494.3333333333333
1.0,2.0,3.0,1980.0,24480614.0,1.0,0.0,517.3333333333334
1.0,2.0,3.0,1980.0,24473605.0,1.0,0.0,526.0
1.0,2.0,3.0,1980.0,24473605.0,1.0,0.0,542.0
1.0,1.0,7.0,1980.0,22558507.0,1.0,0.0,498.6666666666667
1.0,2.0,1.0,1980.0,24477407.0,1.0,0.0,481.0
2.0,2.0,1.0,1980.0,24469710.0,2.0,0.0,553.6666666666666
2.0,1.0,1.0,1980.0,20951009.0,2.0,0.0,600.0
2.0,2.0,4.0,1980.0,24477407.0,2.0,0.0,551.0
1.0,2.0,1.0,1980.0,24476405.0,1.0,0.0,583.0
2.0,1.0,8.0,1980.0,26192708.0,0.0,0.0,523.3333333333334
1.0,2.0,8.0,1980.0,24473604.0,0.0,0.0,481.3333333333333
1.0,2.0,4.0,1980.0,24479606.0,1.0,0.0,517.0
1.0,2.0,4.0,1980.0,24469710.0,1.0,0.0,510.3333333333333
1.0,2.0,4.0,1980.0,24469710.0,1.0,0.0,505.6666666666667
2.0,2.0,4.0,1980.0,24480614.0,1.0,0.0,504.0
2.0,1.0,2.0,1980.0,25991506.0,2.0,0.0,572.0
2.0,1.0,1.0,1980.0,12807906.0,2.0,0.0,631.6666666666666
2.0,1.0,1.0,1980.0,19342206.0,2.0,0.0,537.6666666666666
2.0,1.0,1.0,1980.0,21653704.0,2.0,0.0,563.0
2.0,2.0,4.0,1980.0,24479606.0,1.0,0.0,529.6666666666666
2.0,1.0,1.0,1980.0,25789906.0,2.0,0.0,551.0
1.0,1.0,1.0,1980.0,25388804.0,1.0,0.0,530.0
2.0,1.0,1.0,1980.0,26192706.0,2.0,0.0,604.3333333333334
2.0,2.0,1.0,1980.0,22157107.0,2.0,0.0,522.6666666666666
2.0,1.0,1.0,1980.0,22157405.0,2.0,0.0,536.3333333333334
2.0,2.0,4.0,1980.0,24475513.0,1.0,0.0,575.6666666666666
1.0,2.0,4.0,1980.0,24475513.0,1.0,0.0,503.6666666666667
2.0,2.0,4.0,1980.0,24478004.0,1.0,0.0,516.0
2.0,2.0,4.0,1980.0,24480613.0,1.0,0.0,488.3333333333333
2.0,2.0,4.0,1980.0,24472308.0,1.0,0.0,506.3333333333333
1.0,1.0,2.0,1980.0,16419804.0,2.0,0.0,500.6666666666667
2.0,1.0,2.0,1980.0,16821405.0,2.0,0.0,574.3333333333334
1.0,1.0,2.0,1980.0,12305604.0,1.0,0.0,499.3333333333333
1.0,2.0,5.0,1980.0,24475513.0,1.0,0.0,540.3333333333334
2.0,2.0,5.0,1980.0,24478004.0,1.0,0.0,484.3333333333333
2.0,1.0,2.0,1980.0,26192706.0,2.0,0.0,594.3333333333334
1.0,2.0,5.0,1980.0,24477406.0,1.0,0.0,474.0
1.0,2.0,2.0,1980.0,16923106.0,2.0,0.0,554.3333333333334
1.0,2.0,5.0,1980.0,24472308.0,1.0,0.0,476.3333333333333
1.0,1.0,2.0,1980.0,20951007.0,2.0,0.0,567.6666666666666
2.0,2.0,5.0,1980.0,24479606.0,1.0,0.0,504.3333333333333
1.0,1.0,2.0,1980.0,22558507.0,2.0,0.0,502.0
2.0,2.0,5.0,1980.0,24479606.0,1.0,0.0,516.0
2.0,2.0,5.0,1980.0,24478004.0,1.0,0.0,480.6666666666667
1.0,2.0,5.0,1980.0,24480612.0,2.0,0.0,564.6666666666666
2.0,1.0,2.0,1980.0,20144913.0,2.0,0.0,577.3333333333334
1.0,1.0,2.0,1980.0,20144913.0,2.0,0.0,577.6666666666666
1.0,1.0,2.0,1980.0,17331206.0,2.0,0.0,620.6666666666666
2.0,2.0,5.0,1980.0,24480612.0,1.0,0.0,488.6666666666667
2.0,1.0,2.0,1980.0,17331205.0,1.0,0.0,503.3333333333333
1.0,1.0,2.0,1980.0,19141106.0,1.0,0.0,491.3333333333333
1.0,1.0,2.0,1980.0,20345210.0,1.0,0.0,530.3333333333334
2.0,2.0,6.0,1980.0,24479606.0,1.0,0.0,556.0
2.0,2.0,5.0,1980.0,24477406.0,1.0,0.0,469.6666666666667
1.0,2.0,5.0,1980.0,24477408.0,1.0,0.0,494.6666666666667
2.0,2.0,5.0,1980.0,24470810.0,1.0,0.0,519.6666666666666
2.0,2.0,5.0,1980.0,24472806.0,1.0,0.0,502.3333333333333
1.0,1.0,2.0,1980.0,18937808.0,2.0,0.0,557.0
2.0,2.0,5.0,1980.0,24480614.0,2.0,0.0,525.3333333333334
1.0,1.0,2.0,1980.0,18937808.0,2.0,0.0,525.0
2.0,1.0,2.0,1980.0,18939606.0,2.0,0.0,542.0
1.0,1.0,1.0,1980.0,18939606.0,1.0,0.0,516.3333333333334
2.0,2.0,6.0,1980.0,24476405.0,1.0,0.0,587.0
1.0,1.0,2.0,1980.0,19141106.0,2.0,0.0,572.3333333333334
2.0,2.0,6.0,1980.0,24479606.0,1.0,0.0,526.0
1.0,2.0,2.0,1980.0,20144912.0,1.0,0.0,493.6666666666667
2.0,1.0,2.0,1980.0,20345210.0,1.0,0.0,546.3333333333334
2.0,2.0,6.0,1980.0,24470811.0,1.0,0.0,539.3333333333334
2.0,1.0,2.0,1980.0,12807906.0,0.0,0.0,527.3333333333334
1.0,2.0,2.0,1980.0,20549005.0,1.0,0.0,555.3333333333334
1.0,2.0,6.0,1980.0,24473604.0,1.0,0.0,468.6666666666667
1.0,2.0,6.0,1980.0,24469708.0,1.0,0.0,494.3333333333333
1.0,2.0,6.0,1980.0,24469710.0,1.0,0.0,526.6666666666666
2.0,2.0,6.0,1980.0,24472308.0,1.0,0.0,486.0
2.0,2.0,6.0,1980.0,24473605.0,1.0,0.0,529.6666666666666
1.0,1.0,2.0,1980.0,20850306.0,2.0,0.0,562.0
1.0,1.0,2.0,1980.0,20850306.0,2.0,0.0,554.6666666666666
1.0,1.0,2.0,1980.0,20850107.0,2.0,0.0,553.0
1.0,1.0,6.0,1980.0,20850306.0,1.0,0.0,544.6666666666666
2.0,1.0,2.0,1980.0,20850107.0,1.0,0.0,574.3333333333334
1.0,1.0,1.0,1980.0,20850306.0,1.0,0.0,486.6666666666667
1.0,1.0,2.0,1980.0,20951007.0,2.0,0.0,537.6666666666666
2.0,1.0,2.0,1980.0,20951009.0,2.0,0.0,581.3333333333334
1.0,2.0,6.0,1980.0,24477408.0,1.0,0.0,492.3333333333333
1.0,2.0,6.0,1980.0,24480614.0,2.0,0.0,481.6666666666667
2.0,1.0,2.0,1980.0,19342308.0,2.0,0.0,524.3333333333334
2.0,1.0,2.0,1980.0,19342308.0,2.0,0.0,514.3333333333334
2.0,2.0,6.0,1980.0,24480612.0,2.0,0.0,542.3333333333334
1.0,1.0,2.0,1980.0,15917107.0,2.0,0.0,562.6666666666666
2.0,1.0,2.0,1980.0,19342206.0,2.0,0.0,600.6666666666666
1.0,2.0,6.0,1980.0,24472806.0,1.0,0.0,490.6666666666667
2.0,1.0,2.0,1980.0,15917109.0,2.0,0.0,530.6666666666666
2.0,2.0,2.0,1980.0,15917109.0,1.0,0.0,523.6666666666666
1.0,2.0,8.0,1980.0,24474605.0,1.0,0.0,502.3333333333333
1.0,2.0,6.0,1980.0,24477408.0,1.0,0.0,439.3333333333333
1.0,2.0,2.0,1980.0,15917109.0,1.0,0.0,510.6666666666667
2.0,2.0,6.0,1980.0,24480612.0,1.0,0.0,505.0
1.0,1.0,2.0,1980.0,21553307.0,2.0,0.0,577.0
1.0,1.0,1.0,1980.0,19342206.0,1.0,0.0,519.0
2.0,1.0,2.0,1980.0,20951007.0,2.0,0.0,526.0
2.0,1.0,2.0,1980.0,23061204.0,2.0,0.0,572.6666666666666
1.0,1.0,2.0,1980.0,22157109.0,2.0,0.0,565.6666666666666
1.0,1.0,2.0,1980.0,23061204.0,1.0,0.0,532.0
1.0,1.0,2.0,1980.0,22157405.0,2.0,0.0,507.3333333333333
1.0,1.0,2.0,1980.0,20951007.0,2.0,0.0,613.6666666666666
1.0,1.0,2.0,1980.0,17331205.0,2.0,0.0,607.3333333333334
2.0,2.0,7.0,1980.0,24474605.0,1.0,0.0,514.6666666666666
2.0,1.0,2.0,1980.0,16218405.0,1.0,0.0,575.0
1.0,1.0,2.0,1980.0,23161606.0,2.0,0.0,565.3333333333334
1.0,2.0,7.0,1980.0,24480612.0,1.0,0.0,527.0
2.0,1.0,2.0,1980.0,26192708.0,2.0,0.0,565.6666666666666
2.0,1.0,1.0,1980.0,26192706.0,2.0,0.0,543.3333333333334
1.0,2.0,7.0,1980.0,24477613.0,1.0,0.0,482.6666666666667
1.0,2.0,7.0,1980.0,24469710.0,1.0,0.0,513.3333333333334
2.0,2.0,7.0,1980.0,24477613.0,1.0,0.0,555.6666666666666
1.0,2.0,2.0,1980.0,24469708.0,1.0,0.0,517.6666666666666
1.0,1.0,3.0,1980.0,25991506.0,2.0,0.0,516.3333333333334
1.0,2.0,3.0,1980.0,24474605.0,1.0,0.0,539.3333333333334
2.0,2.0,2.0,1981.0,24476405.0,1.0,0.0,506.3333333333333
2.0,2.0,7.0,1980.0,24480614.0,2.0,0.0,543.3333333333334
2.0,2.0,7.0,1980.0,24480614.0,2.0,0.0,538.0
1.0,2.0,7.0,1980.0,24472306.0,1.0,0.0,528.6666666666666
2.0,2.0,7.0,1980.0,24477407.0,2.0,0.0,534.0
2.0,2.0,2.0,1980.0,24472308.0,1.0,0.0,542.3333333333334
1.0,2.0,7.0,1980.0,24480612.0,1.0,0.0,536.6666666666666
2.0,2.0,7.0,1980.0,24473605.0,1.0,0.0,498.6666666666667
1.0,2.0,7.0,1980.0,24479606.0,1.0,0.0,486.6666666666667
2.0,2.0,7.0,1980.0,24480613.0,2.0,0.0,487.6666666666667
1.0,2.0,7.0,1980.0,24477614.0,1.0,0.0,468.0
1.0,2.0,7.0,1980.0,24473604.0,1.0,0.0,496.6666666666667
1.0,2.0,7.0,1980.0,24480612.0,2.0,0.0,531.3333333333334
1.0,2.0,7.0,1980.0,24472308.0,1.0,0.0,504.3333333333333
1.0,2.0,7.0,1980.0,24470810.0,1.0,0.0,480.0
2.0,2.0,1.0,1980.0,24477407.0,1.0,0.0,489.6666666666667
1.0,2.0,7.0,1980.0,24473605.0,1.0,0.0,507.0
2.0,2.0,8.0,1980.0,24472306.0,1.0,0.0,506.6666666666667
2.0,2.0,8.0,1980.0,24474605.0,1.0,0.0,571.0
1.0,1.0,2.0,1980.0,25288506.0,1.0,0.0,481.6666666666667
2.0,1.0,2.0,1980.0,25288508.0,1.0,0.0,548.3333333333334
1.0,2.0,1.0,1980.0,25288506.0,1.0,0.0,505.0
2.0,1.0,1.0,1980.0,25288508.0,2.0,0.0,561.0
1.0,1.0,1.0,1980.0,25288506.0,2.0,0.0,502.3333333333333
2.0,1.0,1.0,1980.0,25288506.0,2.0,0.0,520.3333333333334
1.0,1.0,1.0,1980.0,21653704.0,2.0,0.0,562.6666666666666
2.0,1.0,1.0,1980.0,21653703.0,2.0,0.0,546.6666666666666
2.0,2.0,8.0,1979.0,24469710.0,1.0,0.0,487.6666666666667
2.0,2.0,8.0,1980.0,24470810.0,1.0,0.0,497.6666666666667
2.0,2.0,8.0,1980.0,24479606.0,1.0,0.0,502.6666666666667
2.0,2.0,8.0,1980.0,24477614.0,1.0,0.0,534.0
2.0,2.0,8.0,1980.0,24474605.0,1.0,0.0,500.0
2.0,1.0,2.0,1980.0,25789907.0,2.0,0.0,560.6666666666666
1.0,2.0,8.0,1980.0,24470810.0,1.0,0.0,468.0
2.0,1.0,3.0,1980.0,25789907.0,2.0,0.0,516.6666666666666
2.0,1.0,1.0,1980.0,25388804.0,2.0,0.0,546.3333333333334
2.0,2.0,8.0,1980.0,24469708.0,1.0,0.0,487.6666666666667
2.0,1.0,2.0,1980.0,21653704.0,2.0,0.0,610.3333333333334
1.0,2.0,8.0,1980.0,24480612.0,1.0,0.0,481.3333333333333
2.0,1.0,3.0,1980.0,12807906.0,1.0,0.0,506.6666666666667
2.0,2.0,8.0,1980.0,24478004.0,1.0,0.0,461.0
2.0,1.0,3.0,1980.0,16419804.0,2.0,0.0,613.3333333333334
2.0,1.0,3.0,1980.0,16419804.0,1.0,0.0,504.0
2.0,1.0,3.0,1980.0,16821405.0,2.0,0.0,560.3333333333334
2.0,1.0,3.0,1980.0,12305604.0,2.0,0.0,571.6666666666666
2.0,1.0,3.0,1980.0,23462808.0,2.0,0.0,573.0
2.0,2.0,8.0,1980.0,24480613.0,1.0,0.0,472.0
2.0,1.0,3.0,1980.0,20144912.0,2.0,0.0,529.3333333333334
1.0,2.0,8.0,1980.0,24477408.0,1.0,0.0,476.3333333333333
1.0,2.0,9.0,1980.0,24473604.0,1.0,0.0,471.6666666666667
2.0,1.0,3.0,1980.0,23061204.0,2.0,0.0,566.3333333333334
2.0,1.0,3.0,1980.0,17331205.0,2.0,0.0,613.0
2.0,2.0,9.0,1980.0,24473604.0,1.0,0.0,470.6666666666667
1.0,1.0,3.0,1980.0,17331205.0,2.0,0.0,616.0
2.0,1.0,3.0,1980.0,17331206.0,2.0,0.0,576.0
1.0,1.0,3.0,1980.0,20345210.0,2.0,0.0,522.3333333333334
1.0,1.0,3.0,1980.0,20345209.0,1.0,0.0,602.6666666666666
1.0,1.0,3.0,1980.0,20345704.0,1.0,0.0,613.6666666666666
1.0,1.0,3.0,1980.0,20345704.0,1.0,0.0,500.3333333333333
2.0,2.0,9.0,1980.0,24480614.0,2.0,0.0,537.0
2.0,2.0,9.0,1980.0,24480612.0,1.0,0.0,538.0
2.0,1.0,3.0,1980.0,18937808.0,2.0,0.0,541.3333333333334
2.0,1.0,2.0,1980.0,18939606.0,1.0,0.0,567.6666666666666
1.0,1.0,2.0,1980.0,23462808.0,2.0,0.0,595.3333333333334
1.0,2.0,9.0,1980.0,24477614.0,1.0,0.0,506.6666666666667
2.0,2.0,9.0,1980.0,24470811.0,1.0,0.0,491.3333333333333
2.0,2.0,9.0,1980.0,24472806.0,1.0,0.0,539.6666666666666
1.0,2.0,9.0,1980.0,24480614.0,1.0,0.0,466.6666666666667
1.0,1.0,3.0,1980.0,17029506.0,1.0,0.0,498.3333333333333
2.0,1.0,3.0,1980.0,20144913.0,1.0,0.0,534.0
2.0,1.0,3.0,1980.0,20345209.0,2.0,0.0,530.6666666666666
2.0,2.0,9.0,1980.0,24474605.0,1.0,0.0,494.6666666666667
1.0,2.0,9.0,1980.0,24480613.0,1.0,0.0,515.3333333333334
1.0,1.0,3.0,1980.0,12807906.0,2.0,0.0,468.0
1.0,1.0,3.0,1980.0,12807906.0,0.0,0.0,513.0
2.0,2.0,3.0,1980.0,20549005.0,1.0,0.0,560.3333333333334
2.0,1.0,3.0,1980.0,20850306.0,1.0,0.0,506.3333333333333
1.0,2.0,3.0,1980.0,15917107.0,1.0,0.0,505.6666666666667
1.0,2.0,3.0,1980.0,15917109.0,1.0,0.0,535.0
2.0,2.0,3.0,1980.0,15917107.0,1.0,0.0,540.0
1.0,1.0,4.0,1980.0,25991506.0,2.0,0.0,507.6666666666667
2.0,1.0,3.0,1980.0,19342308.0,2.0,0.0,553.6666666666666
1.0,1.0,2.0,1980.0,15917109.0,2.0,0.0,583.0
1.0,1.0,2.0,1980.0,19342309.0,2.0,0.0,508.6666666666667
2.0,1.0,3.0,1980.0,20951009.0,1.0,0.0,497.6666666666667
2.0,1.0,3.0,1980.0,22157107.0,2.0,0.0,471.0
2.0,1.0,3.0,1980.0,20951007.0,2.0,0.0,593.3333333333334
2.0,1.0,3.0,1980.0,22157107.0,2.0,0.0,510.3333333333333
2.0,1.0,3.0,1980.0,22558507.0,2.0,0.0,527.0
1.0,1.0,2.0,1980.0,22558507.0,2.0,0.0,565.0
2.0,1.0,1.0,1980.0,22558507.0,2.0,0.0,538.0
2.0,1.0,3.0,1980.0,22860605.0,2.0,0.0,534.3333333333334
1.0,1.0,3.0,1980.0,23161606.0,2.0,0.0,619.0
2.0,1.0,2.0,1980.0,23061204.0,1.0,0.0,502.0
2.0,1.0,3.0,1980.0,23462808.0,2.0,0.0,542.3333333333334
2.0,1.0,3.0,1980.0,23462808.0,2.0,0.0,548.0
2.0,1.0,2.0,1980.0,23462811.0,1.0,0.0,563.3333333333334
2.0,1.0,2.0,1980.0,23462811.0,2.0,0.0,523.6666666666666
1.0,2.0,3.0,1980.0,24479606.0,1.0,0.0,492.0
2.0,2.0,3.0,1980.0,24476405.0,1.0,0.0,508.0
2.0,2.0,11.0,1979.0,24477614.0,1.0,0.0,486.0
1.0,2.0,3.0,1980.0,24472308.0,1.0,0.0,538.6666666666666
2.0,2.0,5.0,1980.0,24480612.0,1.0,0.0,500.0
1.0,1.0,2.0,1980.0,26192706.0,2.0,0.0,494.6666666666667
1.0,1.0,4.0,1980.0,18937808.0,1.0,0.0,495.3333333333333
2.0,2.0,12.0,1979.0,24477406.0,1.0,0.0,522.3333333333334
2.0,1.0,4.0,1980.0,16821405.0,2.0,0.0,573.3333333333334
1.0,1.0,4.0,1980.0,16821405.0,1.0,0.0,572.0
1.0,1.0,4.0,1980.0,20144913.0,2.0,0.0,535.3333333333334
2.0,2.0,12.0,1979.0,24477407.0,1.0,0.0,511.0
2.0,2.0,4.0,1980.0,16923106.0,1.0,0.0,512.6666666666666
2.0,1.0,4.0,1980.0,26192706.0,2.0,0.0,536.3333333333334
2.0,1.0,4.0,1980.0,20144912.0,2.0,0.0,575.6666666666666
1.0,2.0,12.0,1979.0,24477407.0,1.0,0.0,508.0
2.0,2.0,12.0,1979.0,24473605.0,1.0,0.0,533.6666666666666
2.0,1.0,4.0,1980.0,22157405.0,2.0,0.0,547.6666666666666
2.0,1.0,4.0,1980.0,17331206.0,1.0,0.0,497.3333333333333
1.0,1.0,4.0,1980.0,17331206.0,2.0,0.0,529.0
2.0,1.0,3.0,1980.0,17331205.0,2.0,0.0,542.6666666666666
1.0,1.0,3.0,1980.0,17331206.0,2.0,0.0,551.6666666666666
2.0,1.0,4.0,1980.0,17632906.0,1.0,0.0,572.3333333333334
2.0,1.0,4.0,1980.0,20345704.0,2.0,0.0,523.3333333333334
1.0,1.0,4.0,1980.0,18937808.0,2.0,0.0,572.0
1.0,1.0,4.0,1980.0,18939606.0,2.0,0.0,542.3333333333334
2.0,1.0,4.0,1980.0,12305604.0,1.0,0.0,528.6666666666666
1.0,1.0,4.0,1980.0,20144912.0,1.0,0.0,519.6666666666666
1.0,1.0,4.0,1980.0,20144913.0,1.0,0.0,477.3333333333333
1.0,1.0,4.0,1980.0,20144913.0,2.0,0.0,561.3333333333334
2.0,1.0,4.0,1980.0,20144913.0,2.0,0.0,582.0
2.0,1.0,4.0,1980.0,20345210.0,1.0,0.0,535.6666666666666
1.0,1.0,4.0,1980.0,20345209.0,2.0,0.0,609.3333333333334
1.0,1.0,4.0,1980.0,20345210.0,2.0,0.0,502.6666666666667
2.0,3.0,4.0,1980.0,20345209.0,2.0,0.0,567.3333333333334
1.0,2.0,4.0,1980.0,20549005.0,1.0,0.0,566.6666666666666
1.0,2.0,4.0,1980.0,20549005.0,1.0,0.0,550.6666666666666
2.0,1.0,4.0,1980.0,20850306.0,2.0,0.0,529.6666666666666
2.0,1.0,4.0,1980.0,25991506.0,2.0,0.0,550.3333333333334
2.0,1.0,4.0,1980.0,25991506.0,1.0,0.0,470.6666666666667
1.0,1.0,4.0,1980.0,25991506.0,2.0,0.0,530.3333333333334
1.0,1.0,4.0,1980.0,20850306.0,2.0,0.0,531.0
2.0,1.0,3.0,1980.0,19342206.0,1.0,0.0,501.3333333333333
1.0,2.0,3.0,1980.0,21553307.0,1.0,0.0,458.0
1.0,2.0,3.0,1980.0,19342206.0,2.0,0.0,540.0
1.0,1.0,3.0,1980.0,21553310.0,2.0,0.0,614.0
1.0,1.0,3.0,1980.0,19342309.0,2.0,0.0,548.3333333333334
1.0,1.0,3.0,1980.0,22157405.0,2.0,0.0,556.3333333333334
2.0,1.0,3.0,1980.0,19342309.0,0.0,0.0,527.6666666666666
2.0,1.0,3.0,1980.0,19342206.0,2.0,0.0,557.0
1.0,2.0,4.0,1980.0,15917107.0,1.0,0.0,522.0
1.0,2.0,1.0,1980.0,15917109.0,1.0,0.0,497.3333333333333
2.0,2.0,3.0,1980.0,15917109.0,1.0,0.0,524.0
1.0,2.0,4.0,1980.0,22157107.0,2.0,0.0,488.0
2.0,1.0,4.0,1980.0,22157405.0,2.0,0.0,510.6666666666667
1.0,1.0,4.0,1980.0,22157107.0,1.0,0.0,499.0
2.0,1.0,4.0,1980.0,22558507.0,1.0,0.0,512.6666666666666
1.0,1.0,3.0,1980.0,22558507.0,2.0,0.0,504.3333333333333
2.0,1.0,3.0,1980.0,22558507.0,2.0,0.0,514.6666666666666
1.0,1.0,4.0,1980.0,22860605.0,2.0,0.0,592.6666666666666
1.0,1.0,4.0,1980.0,23061204.0,1.0,0.0,523.0
1.0,1.0,4.0,1980.0,26192706.0,2.0,0.0,606.6666666666666
2.0,1.0,4.0,1980.0,16218405.0,1.0,0.0,580.6666666666666
1.0,1.0,3.0,1980.0,26192706.0,2.0,0.0,536.0
2.0,1.0,4.0,1980.0,23462811.0,1.0,0.0,552.6666666666666
1.0,1.0,3.0,1980.0,23462811.0,1.0,0.0,532.6666666666666
1.0,1.0,5.0,1980.0,21653704.0,2.0,0.0,527.3333333333334
1.0,2.0,4.0,1980.0,24477614.0,0.0,0.0,446.0
2.0,2.0,4.0,1980.0,24477614.0,0.0,0.0,553.6666666666666
2.0,2.0,4.0,1980.0,24477614.0,1.0,0.0,483.3333333333333
2.0,2.0,4.0,1980.0,24469710.0,1.0,0.0,514.3333333333334
2.0,2.0,4.0,1980.0,24472806.0,1.0,0.0,507.0
2.0,2.0,4.0,1980.0,24477406.0,1.0,0.0,516.6666666666666
2.0,2.0,4.0,1980.0,24477614.0,1.0,0.0,492.6666666666667
2.0,2.0,4.0,1980.0,24477406.0,1.0,0.0,489.6666666666667
1.0,2.0,3.0,1980.0,24480614.0,2.0,0.0,503.0
1.0,2.0,3.0,1980.0,24477407.0,1.0,0.0,509.3333333333333
2.0,2.0,2.0,1980.0,24473604.0,1.0,0.0,480.0
2.0,2.0,4.0,1980.0,25288506.0,1.0,0.0,471.6666666666667
1.0,1.0,4.0,1980.0,25789907.0,2.0,0.0,511.3333333333333
1.0,1.0,4.0,1980.0,25388804.0,2.0,0.0,529.0
2.0,1.0,3.0,1980.0,22860605.0,1.0,0.0,526.0
1.0,1.0,4.0,1980.0,25288508.0,2.0,0.0,569.3333333333334
2.0,1.0,5.0,1980.0,16118307.0,2.0,0.0,569.6666666666666
1.0,1.0,5.0,1980.0,16118308.0,2.0,0.0,582.6666666666666
2.0,1.0,5.0,1980.0,16118307.0,2.0,0.0,586.3333333333334
2.0,1.0,5.0,1980.0,16118308.0,2.0,0.0,614.3333333333334
1.0,1.0,5.0,1980.0,16419804.0,2.0,0.0,531.6666666666666
2.0,1.0,5.0,1980.0,16419804.0,2.0,0.0,543.3333333333334
1.0,1.0,4.0,1980.0,16419804.0,2.0,0.0,540.3333333333334
2.0,1.0,5.0,1980.0,16821405.0,2.0,0.0,522.6666666666666
2.0,1.0,5.0,1980.0,16821405.0,2.0,0.0,612.0
2.0,1.0,5.0,1980.0,16821405.0,2.0,0.0,606.3333333333334
1.0,1.0,5.0,1980.0,16821405.0,2.0,0.0,604.0
2.0,1.0,5.0,1980.0,21653704.0,2.0,0.0,555.0
1.0,1.0,5.0,1980.0,20951007.0,2.0,0.0,508.6666666666667
2.0,1.0,5.0,1980.0,21653703.0,2.0,0.0,591.6666666666666
2.0,2.0,3.0,1980.0,16923106.0,1.0,0.0,502.3333333333333
2.0,1.0,5.0,1980.0,25991506.0,2.0,0.0,501.0
1.0,1.0,5.0,1980.0,20345704.0,2.0,0.0,564.0
2.0,1.0,5.0,1980.0,20345210.0,1.0,0.0,514.3333333333334
2.0,1.0,5.0,1980.0,20345210.0,2.0,0.0,556.6666666666666
1.0,1.0,4.0,1980.0,18939606.0,2.0,0.0,538.6666666666666
2.0,1.0,5.0,1980.0,16218405.0,2.0,0.0,634.3333333333334
2.0,1.0,5.0,1980.0,20345209.0,2.0,0.0,580.6666666666666
2.0,2.0,5.0,1980.0,20345704.0,1.0,0.0,525.0
2.0,2.0,5.0,1980.0,20549005.0,1.0,0.0,550.0
2.0,1.0,5.0,1980.0,23462811.0,2.0,0.0,527.6666666666666
1.0,1.0,5.0,1980.0,12807906.0,2.0,0.0,605.6666666666666
2.0,1.0,5.0,1980.0,20850107.0,2.0,0.0,600.3333333333334
2.0,1.0,5.0,1980.0,25991506.0,1.0,0.0,473.3333333333333
2.0,1.0,5.0,1980.0,25991506.0,2.0,0.0,576.6666666666666
1.0,1.0,5.0,1980.0,20951007.0,2.0,0.0,493.3333333333333
2.0,1.0,4.0,1980.0,20951009.0,1.0,0.0,578.0
1.0,1.0,5.0,1980.0,21553307.0,2.0,0.0,499.3333333333333
1.0,1.0,5.0,1980.0,19342309.0,2.0,0.0,537.3333333333334
1.0,1.0,5.0,1980.0,21553307.0,2.0,0.0,570.3333333333334
2.0,2.0,5.0,1980.0,21553310.0,1.0,0.0,575.3333333333334
2.0,1.0,4.0,1980.0,19342309.0,2.0,0.0,556.6666666666666
1.0,2.0,4.0,1980.0,19342309.0,0.0,0.0,504.3333333333333
1.0,1.0,4.0,1980.0,21553307.0,2.0,0.0,562.3333333333334
1.0,1.0,5.0,1980.0,21553310.0,2.0,0.0,610.3333333333334
1.0,1.0,5.0,1980.0,19342206.0,1.0,0.0,542.3333333333334
1.0,1.0,5.0,1980.0,15917109.0,2.0,0.0,527.6666666666666
1.0,1.0,5.0,1980.0,17029506.0,2.0,0.0,568.3333333333334
1.0,2.0,5.0,1980.0,15917107.0,1.0,0.0,518.0
1.0,1.0,5.0,1980.0,17029506.0,2.0,0.0,507.0
1.0,1.0,5.0,1980.0,21553310.0,1.0,0.0,581.3333333333334
1.0,1.0,5.0,1980.0,15917109.0,1.0,0.0,522.0
2.0,1.0,5.0,1980.0,19342206.0,2.0,0.0,531.3333333333334
1.0,1.0,5.0,1980.0,15917109.0,2.0,0.0,574.3333333333334
1.0,1.0,4.0,1980.0,15917109.0,2.0,0.0,605.0
2.0,1.0,4.0,1980.0,17029506.0,2.0,0.0,617.0
1.0,1.0,4.0,1980.0,15917107.0,2.0,0.0,586.0
1.0,1.0,5.0,1980.0,20951009.0,2.0,0.0,501.0
2.0,1.0,5.0,1980.0,20951009.0,2.0,0.0,549.3333333333334
1.0,1.0,5.0,1980.0,20850107.0,2.0,0.0,544.3333333333334
1.0,1.0,5.0,1980.0,17632906.0,1.0,0.0,581.6666666666666
2.0,1.0,5.0,1980.0,23161606.0,1.0,0.0,617.3333333333334
2.0,1.0,5.0,1980.0,16218405.0,2.0,0.0,555.6666666666666
1.0,1.0,5.0,1980.0,26192708.0,2.0,0.0,531.0
2.0,1.0,4.0,1981.0,23462808.0,2.0,0.0,531.6666666666666
1.0,1.0,5.0,1980.0,12305604.0,1.0,0.0,570.3333333333334
2.0,2.0,5.0,1980.0,24480614.0,1.0,0.0,495.0
2.0,2.0,5.0,1980.0,24472308.0,1.0,0.0,497.0
2.0,1.0,4.0,1980.0,23061204.0,2.0,0.0,564.0
1.0,2.0,4.0,1980.0,24469708.0,1.0,0.0,521.3333333333334
2.0,2.0,1.0,1980.0,24475513.0,1.0,0.0,541.6666666666666
2.0,1.0,5.0,1980.0,25288508.0,2.0,0.0,539.0
1.0,1.0,5.0,1980.0,25288508.0,2.0,0.0,556.6666666666666
1.0,1.0,5.0,1980.0,21653704.0,2.0,0.0,536.3333333333334
1.0,1.0,5.0,1979.0,25789907.0,1.0,0.0,521.0
1.0,1.0,5.0,1980.0,25388804.0,2.0,0.0,604.6666666666666
2.0,1.0,5.0,1980.0,25789906.0,1.0,0.0,543.6666666666666
1.0,1.0,5.0,1980.0,25789907.0,1.0,0.0,497.0
1.0,1.0,4.0,1980.0,25789907.0,2.0,0.0,521.0
1.0,1.0,5.0,1980.0,21653703.0,2.0,0.0,541.6666666666666
2.0,1.0,6.0,1980.0,16118308.0,2.0,0.0,598.6666666666666
1.0,1.0,5.0,1980.0,16117605.0,1.0,0.0,560.3333333333334
1.0,1.0,6.0,1980.0,16218405.0,1.0,0.0,568.0
1.0,1.0,6.0,1980.0,16821405.0,1.0,0.0,596.0
2.0,1.0,6.0,1980.0,20850306.0,2.0,0.0,523.6666666666666
1.0,1.0,6.0,1980.0,20850306.0,2.0,0.0,512.6666666666666
2.0,1.0,6.0,1980.0,16821405.0,1.0,0.0,551.0
1.0,1.0,6.0,1980.0,25288506.0,2.0,0.0,576.6666666666666
2.0,1.0,6.0,1980.0,16923106.0,1.0,0.0,497.3333333333333
1.0,1.0,6.0,1980.0,20144912.0,2.0,0.0,600.6666666666666
2.0,1.0,6.0,1980.0,19342206.0,2.0,0.0,548.6666666666666
2.0,1.0,6.0,1980.0,17331206.0,1.0,0.0,520.6666666666666
1.0,1.0,6.0,1980.0,20345704.0,2.0,0.0,561.6666666666666
1.0,1.0,6.0,1980.0,20345210.0,1.0,0.0,537.6666666666666
2.0,1.0,5.0,1980.0,23462808.0,2.0,0.0,569.0
1.0,1.0,7.0,1980.0,25789907.0,2.0,0.0,543.3333333333334
2.0,1.0,5.0,1980.0,18939606.0,2.0,0.0,537.6666666666666
1.0,1.0,6.0,1980.0,20345704.0,1.0,0.0,553.0
2.0,1.0,6.0,1980.0,16218405.0,2.0,0.0,567.3333333333334
1.0,1.0,6.0,1980.0,20345209.0,1.0,0.0,543.6666666666666
1.0,1.0,6.0,1980.0,12807906.0,0.0,0.0,570.6666666666666
2.0,1.0,6.0,1980.0,16118308.0,2.0,0.0,565.0
1.0,2.0,6.0,1980.0,20549005.0,1.0,0.0,553.0
1.0,2.0,6.0,1980.0,24473604.0,1.0,0.0,506.0
2.0,1.0,6.0,1980.0,20850306.0,1.0,0.0,558.0
2.0,1.0,5.0,1980.0,22157109.0,1.0,0.0,499.0
1.0,1.0,6.0,1980.0,20951007.0,1.0,0.0,572.3333333333334
1.0,1.0,6.0,1980.0,21553310.0,2.0,0.0,630.6666666666666
2.0,1.0,6.0,1980.0,21553310.0,2.0,0.0,587.0
2.0,1.0,6.0,1980.0,19342308.0,2.0,0.0,566.6666666666666
1.0,1.0,6.0,1980.0,17331206.0,2.0,0.0,559.0
2.0,2.0,6.0,1980.0,15917107.0,1.0,0.0,526.0
1.0,1.0,6.0,1980.0,17029506.0,2.0,0.0,602.6666666666666
1.0,1.0,6.0,1980.0,22157405.0,2.0,0.0,536.0
1.0,2.0,6.0,1980.0,22157109.0,1.0,0.0,513.0
2.0,1.0,6.0,1980.0,20951007.0,2.0,0.0,549.0
1.0,1.0,6.0,1980.0,22558507.0,2.0,0.0,570.3333333333334
2.0,1.0,5.0,1980.0,22558507.0,2.0,0.0,526.3333333333334
1.0,1.0,5.0,1980.0,22558507.0,2.0,0.0,466.6666666666667
1.0,1.0,5.0,1980.0,26192708.0,2.0,0.0,508.3333333333333
2.0,2.0,6.0,1980.0,24479605.0,1.0,0.0,496.0
2.0,2.0,6.0,1980.0,24477613.0,1.0,0.0,488.0
2.0,2.0,6.0,1980.0,24472806.0,1.0,0.0,485.3333333333333
2.0,1.0,7.0,1980.0,22860605.0,2.0,0.0,559.6666666666666
1.0,2.0,6.0,1980.0,24477614.0,1.0,0.0,492.6666666666667
2.0,2.0,5.0,1980.0,24477408.0,1.0,0.0,471.0
2.0,2.0,5.0,1980.0,24477613.0,1.0,0.0,496.0
2.0,2.0,5.0,1980.0,24469710.0,1.0,0.0,523.6666666666666
1.0,2.0,5.0,1980.0,24477408.0,1.0,0.0,505.0
1.0,2.0,4.0,1980.0,24477614.0,1.0,0.0,467.0
1.0,2.0,2.0,1980.0,24469710.0,1.0,0.0,601.6666666666666
1.0,1.0,6.0,1980.0,25288508.0,2.0,0.0,496.6666666666667
1.0,1.0,6.0,1980.0,21653704.0,2.0,0.0,559.0
2.0,1.0,6.0,1980.0,25288508.0,2.0,0.0,523.3333333333334
1.0,1.0,8.0,1980.0,25991506.0,1.0,0.0,494.0
2.0,1.0,6.0,1980.0,25288506.0,1.0,0.0,501.6666666666667
1.0,1.0,6.0,1980.0,25288506.0,2.0,0.0,622.6666666666666
2.0,1.0,5.0,1980.0,12305604.0,2.0,0.0,518.0
1.0,1.0,6.0,1980.0,25388804.0,2.0,0.0,511.0
2.0,1.0,6.0,1980.0,25789906.0,1.0,0.0,517.3333333333334
1.0,1.0,6.0,1980.0,25789906.0,2.0,0.0,535.0
2.0,1.0,6.0,1980.0,25789907.0,2.0,0.0,603.3333333333334
1.0,1.0,6.0,1980.0,25388804.0,2.0,0.0,520.6666666666666
2.0,1.0,6.0,1980.0,25388804.0,2.0,0.0,582.0
1.0,1.0,6.0,1980.0,25288506.0,2.0,0.0,513.3333333333334
1.0,1.0,7.0,1980.0,16118308.0,2.0,0.0,585.3333333333334
1.0,1.0,7.0,1980.0,16117605.0,1.0,0.0,504.0
2.0,1.0,7.0,1980.0,16218405.0,1.0,0.0,495.3333333333333
2.0,1.0,7.0,1980.0,16419804.0,2.0,0.0,539.6666666666666
1.0,1.0,7.0,1980.0,12305604.0,2.0,0.0,518.3333333333334
2.0,1.0,7.0,1980.0,12305604.0,2.0,0.0,533.3333333333334
2.0,1.0,7.0,1980.0,20144913.0,2.0,0.0,563.3333333333334
2.0,1.0,7.0,1980.0,20951009.0,1.0,0.0,515.0
2.0,1.0,7.0,1980.0,20144913.0,1.0,0.0,526.6666666666666
2.0,1.0,7.0,1980.0,22558507.0,2.0,0.0,589.3333333333334
2.0,2.0,7.0,1980.0,16923106.0,1.0,0.0,517.3333333333334
1.0,1.0,7.0,1980.0,25288508.0,2.0,0.0,533.3333333333334
2.0,1.0,7.0,1980.0,17331205.0,2.0,0.0,583.0
1.0,1.0,7.0,1980.0,17331205.0,1.0,0.0,562.3333333333334
1.0,1.0,7.0,1980.0,20345209.0,2.0,0.0,553.3333333333334
2.0,1.0,7.0,1980.0,19141106.0,2.0,0.0,562.0
1.0,1.0,7.0,1980.0,17029506.0,2.0,0.0,586.0
2.0,1.0,7.0,1980.0,20144912.0,1.0,0.0,525.6666666666666
2.0,1.0,7.0,1980.0,20345209.0,1.0,0.0,548.0
2.0,1.0,7.0,1980.0,20345210.0,1.0,0.0,492.6666666666667
2.0,1.0,7.0,1980.0,20345210.0,2.0,0.0,567.3333333333334
2.0,1.0,7.0,1980.0,23462808.0,2.0,0.0,531.0
1.0,1.0,7.0,1980.0,16118308.0,1.0,0.0,578.6666666666666
2.0,1.0,7.0,1980.0,22157405.0,2.0,0.0,507.0
1.0,1.0,7.0,1980.0,20951009.0,1.0,0.0,503.6666666666667
2.0,1.0,7.0,1980.0,20951007.0,2.0,0.0,603.0
2.0,1.0,6.0,1980.0,21553310.0,2.0,0.0,595.0
1.0,1.0,6.0,1980.0,19342309.0,0.0,0.0,485.3333333333333
2.0,1.0,6.0,1980.0,25991506.0,0.0,0.0,513.3333333333334
2.0,2.0,7.0,1980.0,15917107.0,1.0,0.0,467.3333333333333
2.0,2.0,7.0,1980.0,15917107.0,1.0,0.0,545.6666666666666
2.0,2.0,7.0,1980.0,15917109.0,2.0,0.0,575.3333333333334
2.0,1.0,7.0,1980.0,15917107.0,2.0,0.0,616.0
1.0,1.0,7.0,1980.0,19342206.0,2.0,0.0,584.6666666666666
2.0,1.0,6.0,1980.0,21553307.0,1.0,0.0,472.6666666666667
1.0,1.0,7.0,1980.0,22157405.0,2.0,0.0,542.3333333333334
2.0,1.0,7.0,1980.0,22157109.0,1.0,0.0,551.0
1.0,1.0,7.0,1980.0,22558507.0,2.0,0.0,551.3333333333334
2.0,1.0,7.0,1980.0,26192706.0,2.0,0.0,502.3333333333333
2.0,1.0,7.0,1980.0,21653704.0,2.0,0.0,609.0
2.0,1.0,7.0,1980.0,26192708.0,2.0,0.0,526.6666666666666
2.0,1.0,7.0,1980.0,26192706.0,2.0,0.0,558.0
2.0,1.0,6.0,1980.0,26192708.0,2.0,0.0,553.3333333333334
2.0,1.0,9.0,1980.0,20850107.0,2.0,0.0,548.0
2.0,2.0,7.0,1980.0,24477407.0,1.0,0.0,481.6666666666667
2.0,2.0,7.0,1980.0,24469708.0,1.0,0.0,506.3333333333333
1.0,1.0,7.0,1980.0,21553310.0,2.0,0.0,585.3333333333334
2.0,2.0,7.0,1980.0,24476405.0,1.0,0.0,521.3333333333334
1.0,2.0,6.0,1980.0,24472306.0,1.0,0.0,506.6666666666667
1.0,2.0,6.0,1980.0,24476405.0,1.0,0.0,545.6666666666666
1.0,2.0,3.0,1980.0,24480614.0,1.0,0.0,532.6666666666666
1.0,2.0,2.0,1980.0,24480613.0,2.0,0.0,562.0
2.0,2.0,2.0,1980.0,24470811.0,1.0,0.0,498.0
2.0,1.0,7.0,1980.0,25288506.0,2.0,0.0,568.0
2.0,1.0,7.0,1980.0,25388804.0,2.0,0.0,589.0
1.0,1.0,7.0,1980.0,25388804.0,2.0,0.0,488.6666666666667
1.0,1.0,7.0,1980.0,25388804.0,1.0,0.0,506.3333333333333
2.0,1.0,7.0,1980.0,25388804.0,1.0,0.0,520.0
2.0,1.0,7.0,1980.0,26192706.0,1.0,0.0,548.0
1.0,1.0,7.0,1980.0,26192706.0,2.0,0.0,538.0
2.0,1.0,7.0,1980.0,22157405.0,2.0,0.0,515.0
2.0,1.0,7.0,1980.0,12305604.0,1.0,0.0,496.3333333333333
2.0,1.0,8.0,1980.0,16118308.0,2.0,0.0,616.3333333333334
1.0,1.0,8.0,1980.0,16419804.0,2.0,0.0,491.6666666666667
1.0,1.0,8.0,1980.0,16821405.0,1.0,0.0,559.0
1.0,1.0,8.0,1980.0,25288508.0,2.0,0.0,542.3333333333334
2.0,1.0,8.0,1980.0,16923108.0,2.0,0.0,591.0
1.0,1.0,8.0,1980.0,20144912.0,2.0,0.0,544.6666666666666
1.0,1.0,8.0,1980.0,19141106.0,1.0,0.0,539.3333333333334
2.0,1.0,8.0,1980.0,20345209.0,1.0,0.0,572.0
1.0,2.0,8.0,1980.0,20345704.0,1.0,0.0,565.6666666666666
2.0,1.0,7.0,1980.0,18937808.0,1.0,0.0,562.0
1.0,2.0,8.0,1980.0,17331206.0,1.0,0.0,455.0
1.0,1.0,8.0,1980.0,20345210.0,2.0,0.0,555.6666666666666
1.0,1.0,8.0,1980.0,23462808.0,2.0,0.0,519.3333333333334
1.0,1.0,8.0,1980.0,20345209.0,2.0,0.0,559.3333333333334
1.0,1.0,8.0,1980.0,25991506.0,1.0,0.0,493.6666666666667
1.0,1.0,8.0,1980.0,20850107.0,2.0,0.0,586.0
1.0,1.0,7.0,1980.0,19342308.0,2.0,0.0,558.6666666666666
2.0,1.0,7.0,1980.0,21553310.0,2.0,0.0,592.6666666666666
2.0,1.0,7.0,1980.0,21553310.0,2.0,0.0,611.3333333333334
1.0,1.0,7.0,1980.0,21553310.0,2.0,0.0,655.0
2.0,1.0,7.0,1980.0,21553307.0,2.0,0.0,544.3333333333334
2.0,1.0,8.0,1980.0,23161606.0,2.0,0.0,581.0
1.0,6.0,7.0,1980.0,20951009.0,2.0,0.0,527.6666666666666
1.0,1.0,7.0,1980.0,19342206.0,2.0,0.0,543.3333333333334
1.0,1.0,8.0,1980.0,20144912.0,2.0,0.0,586.0
1.0,1.0,8.0,1980.0,20951007.0,2.0,0.0,512.6666666666666
2.0,1.0,8.0,1980.0,20951007.0,2.0,0.0,556.0
2.0,1.0,8.0,1980.0,22558507.0,2.0,0.0,533.0
1.0,1.0,9.0,1980.0,25991506.0,2.0,0.0,488.0
2.0,1.0,9.0,1980.0,25991506.0,2.0,0.0,539.3333333333334
1.0,1.0,8.0,1980.0,16218405.0,1.0,0.0,546.0
2.0,1.0,8.0,1980.0,23161606.0,1.0,0.0,568.6666666666666
1.0,1.0,7.0,1980.0,20951007.0,1.0,0.0,490.0
1.0,1.0,7.0,1980.0,20951009.0,1.0,0.0,489.3333333333333
1.0,1.0,9.0,1980.0,26192708.0,2.0,0.0,505.3333333333333
2.0,1.0,8.0,1980.0,17632906.0,2.0,0.0,542.0
2.0,1.0,8.0,1980.0,17632906.0,2.0,0.0,536.0
1.0,1.0,8.0,1980.0,12305604.0,2.0,0.0,501.6666666666667
1.0,1.0,7.0,1980.0,23462808.0,2.0,0.0,561.6666666666666
2.0,1.0,6.0,1980.0,23462808.0,1.0,0.0,539.6666666666666
2.0,2.0,8.0,1980.0,24472806.0,1.0,0.0,527.0
1.0,1.0,8.0,1980.0,19342206.0,2.0,0.0,517.0
1.0,2.0,8.0,1980.0,24476405.0,1.0,0.0,516.6666666666666
2.0,2.0,8.0,1980.0,24472306.0,1.0,0.0,493.0
2.0,2.0,8.0,1980.0,24479606.0,1.0,0.0,544.3333333333334
2.0,2.0,7.0,1980.0,24476405.0,1.0,0.0,504.6666666666667
1.0,1.0,8.0,1980.0,25288506.0,1.0,0.0,498.0
2.0,2.0,8.0,1980.0,25288508.0,2.0,0.0,535.0
1.0,1.0,8.0,1980.0,25288508.0,2.0,0.0,487.6666666666667
1.0,1.0,7.0,1980.0,21653703.0,1.0,0.0,541.6666666666666
2.0,1.0,8.0,1980.0,25288506.0,2.0,0.0,618.6666666666666
2.0,1.0,7.0,1980.0,25288508.0,2.0,0.0,552.3333333333334
1.0,1.0,8.0,1980.0,25288506.0,2.0,0.0,570.0
2.0,1.0,8.0,1980.0,25789907.0,2.0,0.0,522.3333333333334
2.0,1.0,8.0,1980.0,25789907.0,2.0,0.0,533.6666666666666
1.0,2.0,8.0,1980.0,22157405.0,2.0,0.0,548.3333333333334
2.0,2.0,5.0,1980.0,24480612.0,1.0,0.0,505.6666666666667
1.0,1.0,9.0,1980.0,12807906.0,0.0,0.0,477.6666666666667
1.0,1.0,9.0,1980.0,16419804.0,2.0,0.0,512.6666666666666
2.0,1.0,9.0,1980.0,16821405.0,2.0,0.0,551.0
1.0,2.0,9.0,1980.0,16923108.0,2.0,0.0,555.3333333333334
2.0,1.0,9.0,1980.0,20144912.0,2.0,0.0,597.3333333333334
1.0,1.0,9.0,1980.0,17331205.0,2.0,0.0,527.3333333333334
2.0,1.0,8.0,1980.0,18937808.0,2.0,0.0,562.0
2.0,1.0,8.0,1980.0,18937808.0,1.0,0.0,491.0
1.0,1.0,8.0,1980.0,18937808.0,2.0,0.0,539.0
2.0,1.0,8.0,1980.0,18937808.0,2.0,0.0,558.6666666666666
2.0,1.0,9.0,1980.0,18939606.0,2.0,0.0,554.0
2.0,1.0,9.0,1980.0,19141106.0,1.0,0.0,577.6666666666666
1.0,1.0,9.0,1980.0,22558507.0,2.0,0.0,544.0
1.0,1.0,9.0,1980.0,20144912.0,2.0,0.0,496.3333333333333
2.0,1.0,9.0,1980.0,20345209.0,2.0,0.0,519.6666666666666
2.0,1.0,9.0,1980.0,20850306.0,2.0,0.0,530.0
1.0,1.0,9.0,1980.0,25991506.0,1.0,0.0,477.6666666666667
1.0,1.0,9.0,1980.0,20850306.0,1.0,0.0,497.0
1.0,1.0,8.0,1980.0,20951009.0,1.0,0.0,499.0
1.0,1.0,8.0,1980.0,21553307.0,2.0,0.0,565.0
1.0,1.0,8.0,1980.0,19342308.0,1.0,0.0,539.6666666666666
2.0,1.0,8.0,1980.0,21553307.0,2.0,0.0,609.6666666666666
1.0,1.0,8.0,1980.0,21553307.0,1.0,0.0,510.3333333333333
2.0,1.0,9.0,1980.0,20850306.0,1.0,0.0,568.6666666666666
2.0,1.0,9.0,1980.0,17029506.0,1.0,0.0,521.6666666666666
2.0,1.0,9.0,1980.0,15917107.0,2.0,0.0,562.3333333333334
1.0,1.0,9.0,1980.0,21553307.0,2.0,0.0,521.3333333333334
2.0,1.0,8.0,1980.0,15917107.0,0.0,0.0,563.6666666666666
1.0,1.0,8.0,1980.0,15917107.0,2.0,0.0,560.3333333333334
2.0,1.0,9.0,1980.0,20951009.0,2.0,0.0,570.6666666666666
2.0,1.0,9.0,1980.0,20951007.0,2.0,0.0,539.3333333333334
2.0,1.0,9.0,1980.0,20951009.0,2.0,0.0,557.6666666666666
1.0,1.0,8.0,1980.0,23061204.0,1.0,0.0,558.6666666666666
1.0,1.0,9.0,1980.0,23161606.0,1.0,0.0,551.3333333333334
2.0,1.0,2.0,1980.0,18939606.0,2.0,0.0,559.3333333333334
1.0,1.0,9.0,1980.0,23462808.0,2.0,0.0,531.3333333333334
2.0,2.0,9.0,1980.0,24469710.0,1.0,0.0,536.6666666666666
1.0,2.0,9.0,1980.0,24470810.0,1.0,0.0,507.0
2.0,1.0,9.0,1980.0,19342206.0,2.0,0.0,535.0
1.0,2.0,9.0,1980.0,24477407.0,1.0,0.0,466.3333333333333
2.0,2.0,9.0,1980.0,24474605.0,2.0,0.0,551.0
2.0,2.0,9.0,1980.0,24477614.0,1.0,0.0,483.0
2.0,2.0,8.0,1980.0,24473604.0,1.0,0.0,474.3333333333333
1.0,2.0,5.0,1980.0,24477408.0,1.0,0.0,479.3333333333333
1.0,1.0,9.0,1980.0,25288508.0,2.0,0.0,603.0
2.0,1.0,8.0,1980.0,25789906.0,2.0,0.0,489.0
2.0,1.0,9.0,1980.0,21653703.0,2.0,0.0,578.6666666666666
2.0,1.0,9.0,1980.0,25388804.0,1.0,0.0,554.6666666666666
1.0,1.0,8.0,1980.0,25388804.0,2.0,0.0,561.0
1.0,1.0,8.0,1980.0,19342308.0,2.0,0.0,535.0
1.0,1.0,9.0,1980.0,23462808.0,2.0,0.0,553.0
2.0,1.0,9.0,1980.0,18939606.0,2.0,0.0,518.3333333333334
1.0,1.0,9.0,1980.0,18937808.0,2.0,0.0,529.6666666666666
2.0,1.0,9.0,1980.0,19141106.0,1.0,0.0,511.3333333333333
1.0,1.0,9.0,1980.0,23061204.0,2.0,0.0,534.0
2.0,1.0,9.0,1980.0,26192708.0,2.0,0.0,566.3333333333334
2.0,1.0,9.0,1980.0,23462811.0,2.0,0.0,523.6666666666666
2.0,2.0,10.0,1980.0,24478004.0,1.0,0.0,474.0
1.0,2.0,9.0,1980.0,24472806.0,1.0,0.0,510.0
2.0,2.0,5.0,1980.0,24470811.0,1.0,0.0,492.0
2.0,2.0,5.0,1980.0,24476405.0,1.0,0.0,522.0
2.0,2.0,2.0,1980.0,24478004.0,1.0,0.0,497.3333333333333
1.0,1.0,9.0,1980.0,25789906.0,2.0,0.0,522.6666666666666
1.0,1.0,9.0,1980.0,21553307.0,1.0,0.0,486.6666666666667
2.0,1.0,9.0,1980.0,19342308.0,2.0,0.0,528.6666666666666
1.0,1.0,9.0,1980.0,19342309.0,1.0,0.0,506.0
2.0,1.0,9.0,1980.0,21553310.0,2.0,0.0,581.6666666666666
1.0,2.0,9.0,1980.0,24469710.0,1.0,0.0,513.3333333333334
1.0,2.0,7.0,1980.0,24472806.0,1.0,0.0,581.6666666666666
2.0,2.0,6.0,1980.0,24480612.0,2.0,0.0,503.0
2.0,2.0,5.0,1980.0,24480612.0,1.0,0.0,533.6666666666666
1.0,2.0,4.0,1980.0,24479605.0,2.0,0.0,558.3333333333334
2.0,2.0,5.0,1980.0,24477407.0,1.0,0.0,539.6666666666666
1.0,2.0,7.0,1980.0,24477406.0,1.0,0.0,479.3333333333333
1.0,2.0,6.0,1980.0,24480613.0,1.0,0.0,507.0
2.0,1.0,6.0,1980.0,18939606.0,1.0,0.0,456.6666666666667
1.0,1.0,3.0,1980.0,16218405.0,2.0,0.0,567.6666666666666
2.0,2.0,5.0,1980.0,24480612.0,2.0,0.0,526.0
1.0,2.0,4.0,1980.0,24477407.0,1.0,0.0,475.3333333333333
2.0,2.0,1.0,1980.0,24473604.0,1.0,0.0,516.0
1.0,2.0,8.0,1980.0,24475513.0,1.0,0.0,475.6666666666667
2.0,2.0,7.0,1980.0,24480613.0,1.0,0.0,476.0
2.0,1.0,7.0,1980.0,20345210.0,1.0,0.0,492.0
2.0,2.0,1.0,1980.0,24477408.0,1.0,0.0,521.3333333333334
1.0,2.0,2.0,1980.0,24478004.0,1.0,0.0,494.0
1.0,2.0,6.0,1980.0,24480613.0,1.0,0.0,542.6666666666666
2.0,2.0,8.0,1980.0,24475513.0,1.0,0.0,464.0
1.0,1.0,4.0,1980.0,20951009.0,1.0,0.0,512.0
2.0,2.0,3.0,1980.0,24479605.0,1.0,0.0,530.0
2.0,2.0,4.0,1980.0,24472806.0,1.0,0.0,511.6666666666667
1.0,1.0,2.0,1980.0,16118307.0,2.0,0.0,641.6666666666666
1.0,2.0,6.0,1980.0,24477406.0,1.0,0.0,477.6666666666667
1.0,1.0,3.0,1980.0,12305604.0,2.0,0.0,531.6666666666666
2.0,2.0,5.0,1980.0,24475513.0,1.0,0.0,497.3333333333333
1.0,1.0,9.0,1980.0,20345209.0,1.0,0.0,524.3333333333334
1.0,2.0,9.0,1980.0,24469710.0,1.0,0.0,542.3333333333334
2.0,2.0,8.0,1980.0,17331206.0,1.0,0.0,463.0
2.0,2.0,2.0,1980.0,24477408.0,1.0,0.0,515.0
2.0,2.0,4.0,1980.0,24472806.0,1.0,0.0,478.0
1.0,2.0,5.0,1980.0,24473605.0,1.0,0.0,498.3333333333333
2.0,2.0,1.0,1980.0,24472806.0,1.0,0.0,509.0
2.0,1.0,1.0,1980.0,20345704.0,1.0,0.0,532.3333333333334
1.0,2.0,1.0,1980.0,24480613.0,1.0,0.0,460.3333333333333
2.0,2.0,1.0,1980.0,17029506.0,1.0,0.0,522.3333333333334
2.0,1.0,1.0,1980.0,20144913.0,1.0,0.0,525.6666666666666
2.0,1.0,1.0,1980.0,20951009.0,2.0,0.0,577.0
2.0,1.0,1.0,1980.0,22157405.0,2.0,0.0,563.3333333333334
2.0,2.0,6.0,1980.0,24480613.0,1.0,0.0,557.6666666666666
1.0,2.0,6.0,1980.0,24478004.0,1.0,0.0,459.3333333333333
1.0,1.0,1.0,1980.0,23061204.0,2.0,0.0,625.0
2.0,2.0,5.0,1980.0,24470810.0,1.0,0.0,518.3333333333334
1.0,2.0,3.0,1980.0,24479605.0,1.0,0.0,490.6666666666667
2.0,2.0,2.0,1980.0,24470811.0,1.0,0.0,558.0
2.0,2.0,3.0,1980.0,24470811.0,1.0,0.0,484.3333333333333
1.0,2.0,1.0,1980.0,24470810.0,1.0,0.0,500.6666666666667
2.0,2.0,4.0,1980.0,24470810.0,1.0,0.0,483.6666666666667
1.0,2.0,4.0,1980.0,24470810.0,1.0,0.0,522.6666666666666
1.0,2.0,5.0,1980.0,24470811.0,1.0,0.0,519.0
2.0,2.0,7.0,1980.0,24477407.0,1.0,0.0,546.3333333333334
2.0,1.0,9.0,1980.0,17029506.0,2.0,0.0,569.6666666666666
2.0,2.0,4.0,1980.0,24478004.0,1.0,0.0,500.6666666666667
2.0,2.0,4.0,1980.0,22157109.0,1.0,0.0,545.3333333333334
1.0,2.0,5.0,1980.0,24473605.0,1.0,0.0,558.3333333333334
2.0,1.0,2.0,1980.0,17331205.0,2.0,0.0,587.3333333333334
2.0,2.0,4.0,1980.0,24476405.0,1.0,0.0,517.3333333333334
2.0,1.0,2.0,1980.0,18939606.0,2.0,0.0,529.3333333333334
1.0,1.0,3.0,1980.0,22157107.0,2.0,0.0,477.0
1.0,2.0,2.0,1980.0,24473604.0,1.0,0.0,466.0
2.0,2.0,8.0,1980.0,24475513.0,1.0,0.0,514.3333333333334
2.0,1.0,2.0,1980.0,17331205.0,2.0,0.0,566.6666666666666
1.0,2.0,7.0,1980.0,24478004.0,1.0,0.0,459.6666666666667
1.0,2.0,2.0,1980.0,24480613.0,1.0,0.0,495.6666666666667
1.0,2.0,6.0,1980.0,24470811.0,1.0,0.0,472.0
2.0,2.0,7.0,1980.0,24470811.0,1.0,0.0,485.3333333333333
1.0,1.0,5.0,1980.0,18937808.0,2.0,0.0,480.6666666666667
1.0,2.0,2.0,1980.0,24480613.0,1.0,0.0,527.6666666666666
2.0,1.0,2.0,1980.0,21553307.0,1.0,0.0,481.0
2.0,2.0,8.0,1980.0,24472308.0,1.0,0.0,510.6666666666667
2.0,1.0,5.0,1980.0,20951007.0,2.0,0.0,544.3333333333334
1.0,2.0,2.0,1980.0,24475513.0,1.0,0.0,516.6666666666666
2.0,1.0,6.0,1980.0,26192708.0,2.0,0.0,566.3333333333334
2.0,1.0,1.0,1980.0,18937808.0,2.0,0.0,545.6666666666666
1.0,2.0,1.0,1980.0,24470810.0,2.0,0.0,495.6666666666667
2.0,2.0,6.0,1980.0,24470810.0,1.0,0.0,554.6666666666666
1.0,2.0,5.0,1980.0,24473605.0,2.0,0.0,545.0
2.0,1.0,4.0,1980.0,20345704.0,2.0,0.0,509.0
1.0,2.0,7.0,1980.0,24470811.0,1.0,0.0,489.3333333333333
2.0,1.0,7.0,1980.0,12807906.0,2.0,0.0,521.0
1.0,1.0,8.0,1980.0,20345210.0,2.0,0.0,560.0
2.0,2.0,1.0,1980.0,24470811.0,1.0,0.0,497.0
2.0,2.0,2.0,1980.0,24470810.0,0.0,0.0,490.3333333333333
2.0,2.0,8.0,1980.0,24477408.0,1.0,0.0,471.3333333333333
1.0,2.0,2.0,1980.0,22860605.0,1.0,0.0,509.3333333333333
1.0,1.0,5.0,1980.0,25991506.0,2.0,0.0,502.3333333333333
1.0,2.0,1.0,1980.0,22157107.0,2.0,0.0,448.3333333333333
2.0,2.0,6.0,1980.0,24474605.0,1.0,0.0,512.3333333333334
1.0,2.0,3.0,1980.0,24479606.0,1.0,0.0,476.3333333333333
2.0,1.0,1.0,1980.0,16821405.0,2.0,0.0,568.3333333333334
2.0,1.0,9.0,1980.0,25288506.0,2.0,0.0,571.6666666666666
1.0,2.0,4.0,1980.0,24473605.0,1.0,0.0,534.6666666666666
1.0,2.0,3.0,1980.0,24472306.0,1.0,0.0,507.6666666666667
2.0,2.0,7.0,1979.0,24473604.0,1.0,0.0,487.6666666666667
1.0,2.0,6.0,1979.0,24473604.0,0.0,0.0,468.3333333333333
2.0,1.0,8.0,1980.0,16118307.0,1.0,0.0,550.6666666666666
1.0,1.0,12.0,1979.0,23462811.0,2.0,0.0,584.0
2.0,1.0,8.0,1980.0,16923108.0,1.0,0.0,540.6666666666666
1.0,1.0,4.0,1980.0,20345704.0,2.0,0.0,546.0
2.0,2.0,12.0,1979.0,24475513.0,1.0,0.0,450.3333333333333
2.0,2.0,6.0,1980.0,24475513.0,1.0,0.0,491.0
1.0,2.0,6.0,1978.0,24469708.0,1.0,0.0,555.6666666666666
1.0,1.0,8.0,1979.0,20144912.0,1.0,0.0,552.0
1.0,2.0,2.0,1978.0,24469710.0,1.0,0.0,524.6666666666666
1.0,1.0,10.0,1978.0,20345210.0,1.0,0.0,504.3333333333333
1.0,1.0,10.0,1978.0,21653704.0,2.0,0.0,538.3333333333334
1.0,2.0,9.0,1979.0,16923108.0,1.0,0.0,600.3333333333334
2.0,2.0,6.0,1980.0,24473604.0,2.0,0.0,519.0
1.0,2.0,7.0,1980.0,24469710.0,1.0,0.0,483.0
2.0,2.0,11.0,1979.0,24475513.0,1.0,0.0,509.0
2.0,1.0,5.0,1980.0,22157107.0,2.0,0.0,526.0
2.0,1.0,4.0,1980.0,16923108.0,1.0,0.0,463.3333333333333
1.0,2.0,4.0,1980.0,24470811.0,1.0,0.0,488.0
2.0,1.0,12.0,1979.0,20144913.0,0.0,0.0,510.6666666666667
2.0,1.0,9.0,1980.0,18939606.0,0.0,0.0,501.0
2.0,2.0,2.0,1978.0,24469708.0,1.0,0.0,505.3333333333333
2.0,1.0,11.0,1979.0,25388804.0,2.0,0.0,561.0
1.0,2.0,8.0,1979.0,24469708.0,1.0,0.0,518.3333333333334
1.0,1.0,11.0,1979.0,21553307.0,1.0,0.0,542.6666666666666
2.0,2.0,2.0,1979.0,24478004.0,1.0,0.0,492.6666666666667
1.0,1.0,1.0,1979.0,21653703.0,1.0,0.0,526.0
1.0,1.0,1.0,1980.0,20144913.0,2.0,0.0,571.0
2.0,1.0,2.0,1980.0,18939606.0,2.0,0.0,534.0
2.0,1.0,4.0,1980.0,16923108.0,2.0,0.0,563.3333333333334
2.0,2.0,3.0,1980.0,15917109.0,1.0,0.0,530.6666666666666
1.0,1.0,6.0,1980.0,25388804.0,1.0,0.0,511.6666666666667
2.0,1.0,9.0,1980.0,21553307.0,1.0,0.0,483.0
1.0,1.0,7.0,1980.0,15917107.0,2.0,0.0,531.6666666666666
2.0,1.0,7.0,1980.0,17331206.0,1.0,0.0,540.0
2.0,1.0,8.0,1980.0,19342206.0,1.0,0.0,496.6666666666667
1.0,1.0,5.0,1980.0,15917107.0,1.0,0.0,570.6666666666666
1.0,1.0,9.0,1980.0,20951007.0,1.0,0.0,494.0
2.0,1.0,7.0,1980.0,17331206.0,2.0,0.0,555.6666666666666
1.0,2.0,1.0,1980.0,24478004.0,1.0,0.0,507.0
1.0,2.0,1.0,1980.0,21553307.0,1.0,0.0,500.6666666666667
1.0,2.0,6.0,1980.0,24478004.0,1.0,0.0,496.3333333333333
2.0,1.0,4.0,1980.0,16923108.0,2.0,0.0,559.6666666666666
2.0,1.0,8.0,1980.0,23061204.0,1.0,0.0,596.3333333333334
2.0,1.0,3.0,1980.0,25288508.0,1.0,0.0,509.3333333333333
2.0,2.0,11.0,1979.0,24469708.0,1.0,0.0,509.0
2.0,2.0,1.0,1979.0,24469708.0,0.0,0.0,503.0
1.0,1.0,9.0,1979.0,25789906.0,0.0,0.0,524.3333333333334
1.0,2.0,2.0,1980.0,24469708.0,0.0,0.0,557.0
1.0,1.0,10.0,1978.0,23161606.0,1.0,0.0,499.3333333333333
2.0,1.0,5.0,1979.0,16117605.0,2.0,0.0,491.6666666666667
1.0,2.0,12.0,1979.0,24479606.0,1.0,0.0,514.3333333333334
2.0,2.0,7.0,1979.0,24470811.0,1.0,0.0,484.3333333333333
1.0,1.0,11.0,1978.0,19342309.0,1.0,0.0,516.0
1.0,2.0,1.0,1979.0,24472306.0,1.0,0.0,496.6666666666667
1.0,2.0,8.0,1979.0,24470811.0,1.0,0.0,518.0
1.0,2.0,9.0,1980.0,24469710.0,1.0,0.0,478.6666666666667
1.0,6.0,9.0,1979.0,12807906.0,1.0,0.0,529.0
2.0,2.0,9.0,1980.0,24479605.0,1.0,0.0,529.0
1.0,2.0,12.0,1978.0,24474605.0,1.0,0.0,534.3333333333334
1.0,1.0,7.0,1978.0,23462811.0,1.0,0.0,488.0
1.0,1.0,10.0,1979.0,20345209.0,1.0,0.0,557.3333333333334
1.0,2.0,2.0,1979.0,24472306.0,1.0,0.0,496.6666666666667
1.0,2.0,2.0,1979.0,24477406.0,1.0,0.0,449.0
1.0,1.0,10.0,1979.0,20850107.0,2.0,0.0,614.6666666666666
2.0,1.0,10.0,1979.0,16821405.0,1.0,0.0,609.0
2.0,2.0,2.0,1980.0,24477614.0,2.0,0.0,575.6666666666666
2.0,1.0,1.0,1980.0,18937808.0,2.0,0.0,511.3333333333333
2.0,1.0,5.0,1980.0,16117605.0,2.0,0.0,515.6666666666666
1.0,2.0,1.0,1980.0,24477408.0,1.0,0.0,492.0
1.0,2.0,3.0,1980.0,24470810.0,1.0,0.0,516.0
1.0,1.0,2.0,1980.0,15917109.0,1.0,0.0,588.6666666666666
1.0,1.0,3.0,1980.0,16118308.0,1.0,0.0,548.0
2.0,2.0,4.0,1980.0,24472308.0,1.0,0.0,497.0
1.0,1.0,5.0,1980.0,19342206.0,2.0,0.0,585.3333333333334
2.0,1.0,6.0,1980.0,21553307.0,2.0,0.0,539.6666666666666
2.0,2.0,5.0,1980.0,24473604.0,1.0,0.0,463.3333333333333
2.0,1.0,9.0,1980.0,20951009.0,1.0,0.0,554.3333333333334
2.0,1.0,9.0,1980.0,17331206.0,1.0,0.0,511.3333333333333
2.0,2.0,7.0,1980.0,24469708.0,1.0,0.0,491.0
1.0,2.0,7.0,1979.0,17331205.0,1.0,0.0,551.6666666666666
2.0,1.0,7.0,1980.0,25288506.0,2.0,0.0,545.3333333333334
2.0,2.0,12.0,1978.0,24473604.0,2.0,0.0,473.0
2.0,2.0,2.0,1980.0,24479605.0,1.0,0.0,508.6666666666667
2.0,1.0,5.0,1979.0,25991506.0,1.0,0.0,493.6666666666667
2.0,1.0,12.0,1978.0,23462811.0,1.0,0.0,503.6666666666667
1.0,2.0,9.0,1980.0,24472308.0,1.0,0.0,483.6666666666667
1.0,2.0,9.0,1980.0,24472308.0,1.0,0.0,481.6666666666667
2.0,2.0,7.0,1980.0,24478004.0,1.0,0.0,484.3333333333333
2.0,1.0,7.0,1980.0,26192708.0,2.0,0.0,538.3333333333334
1.0,2.0,11.0,1979.0,24477406.0,1.0,0.0,478.0
1.0,1.0,11.0,1979.0,20951009.0,2.0,0.0,541.6666666666666
2.0,2.0,11.0,1979.0,24477407.0,1.0,0.0,528.6666666666666
1.0,2.0,7.0,1980.0,24479606.0,1.0,0.0,517.3333333333334
2.0,1.0,5.0,1979.0,17632906.0,1.0,0.0,508.3333333333333
2.0,2.0,12.0,1979.0,24472308.0,1.0,0.0,523.0
2.0,2.0,12.0,1979.0,24479605.0,1.0,0.0,530.3333333333334
1.0,2.0,2.0,1980.0,24479606.0,1.0,0.0,500.6666666666667
1.0,2.0,1.0,1980.0,24478004.0,1.0,0.0,493.0
1.0,2.0,3.0,1980.0,24480612.0,1.0,0.0,500.0
1.0,1.0,7.0,1980.0,22558507.0,2.0,0.0,583.3333333333334
1.0,1.0,2.0,1980.0,26192708.0,1.0,0.0,541.0
1.0,2.0,3.0,1980.0,24479606.0,1.0,0.0,519.3333333333334
2.0,2.0,7.0,1980.0,24478004.0,1.0,0.0,531.3333333333334
2.0,2.0,3.0,1980.0,24479605.0,1.0,0.0,552.0
1.0,1.0,12.0,1979.0,26192706.0,2.0,0.0,607.3333333333334
2.0,1.0,7.0,1979.0,19342308.0,1.0,0.0,511.3333333333333
2.0,2.0,5.0,1980.0,24472806.0,1.0,0.0,504.6666666666667
2.0,2.0,1.0,1980.0,24480613.0,1.0,0.0,578.3333333333334
2.0,2.0,5.0,1980.0,24479606.0,1.0,0.0,474.6666666666667
1.0,2.0,3.0,1980.0,24472308.0,1.0,0.0,522.3333333333334
1.0,2.0,5.0,1979.0,24478004.0,1.0,0.0,488.3333333333333
1.0,2.0,8.0,1980.0,24480614.0,1.0,0.0,474.0
2.0,2.0,9.0,1980.0,24473605.0,1.0,0.0,527.6666666666666
2.0,1.0,2.0,1979.0,19141106.0,1.0,0.0,499.0
2.0,2.0,9.0,1980.0,24479605.0,1.0,0.0,529.3333333333334
1.0,2.0,6.0,1980.0,24469708.0,1.0,0.0,514.6666666666666
2.0,1.0,7.0,1980.0,25288508.0,1.0,0.0,470.6666666666667
2.0,2.0,8.0,1980.0,24474605.0,1.0,0.0,502.3333333333333
2.0,2.0,6.0,1980.0,24469708.0,1.0,0.0,537.3333333333334
1.0,2.0,6.0,1980.0,24472306.0,1.0,0.0,498.0
1.0,2.0,10.0,1979.0,24473604.0,1.0,0.0,461.3333333333333
1.0,2.0,5.0,1980.0,24474605.0,1.0,0.0,485.3333333333333
2.0,1.0,2.0,1980.0,26192706.0,2.0,0.0,518.0
2.0,1.0,9.0,1978.0,17029506.0,1.0,0.0,554.6666666666666
1.0,2.0,7.0,1978.0,24472308.0,1.0,0.0,486.0
1.0,1.0,4.0,1979.0,15917109.0,2.0,0.0,531.3333333333334
1.0,2.0,7.0,1979.0,24469710.0,1.0,0.0,516.3333333333334
2.0,2.0,12.0,1979.0,24472308.0,1.0,0.0,511.6666666666667
2.0,1.0,8.0,1980.0,21653704.0,2.0,0.0,515.0
2.0,1.0,9.0,1980.0,25789907.0,2.0,0.0,465.0
1.0,2.0,9.0,1980.0,24469710.0,1.0,0.0,524.6666666666666
2.0,2.0,7.0,1980.0,24477614.0,1.0,0.0,443.6666666666667
2.0,2.0,4.0,1980.0,24479606.0,1.0,0.0,497.0
2.0,1.0,9.0,1979.0,19141106.0,1.0,0.0,522.0
2.0,1.0,6.0,1978.0,19342308.0,1.0,0.0,491.3333333333333
2.0,1.0,9.0,1980.0,12305604.0,2.0,0.0,510.0
1.0,1.0,3.0,1980.0,20850306.0,1.0,0.0,538.6666666666666
1.0,2.0,8.0,1980.0,25288508.0,2.0,0.0,540.0
1.0,1.0,2.0,1979.0,23462811.0,2.0,0.0,534.3333333333334
2.0,2.0,9.0,1980.0,24477408.0,1.0,0.0,474.6666666666667
1.0,2.0,6.0,1979.0,24475513.0,1.0,0.0,493.6666666666667
1.0,2.0,1.0,1980.0,16923106.0,2.0,0.0,524.3333333333334
2.0,2.0,2.0,1979.0,20549005.0,1.0,0.0,568.3333333333334
1.0,1.0,8.0,1979.0,16923106.0,1.0,0.0,536.3333333333334
2.0,1.0,9.0,1980.0,23161606.0,1.0,0.0,482.0
2.0,1.0,11.0,1979.0,16118307.0,1.0,0.0,570.6666666666666
1.0,1.0,9.0,1979.0,22157109.0,2.0,0.0,629.3333333333334
1.0,1.0,8.0,1979.0,25789906.0,1.0,0.0,541.6666666666666
1.0,1.0,10.0,1979.0,19342206.0,2.0,0.0,607.6666666666666
1.0,1.0,11.0,1979.0,19342309.0,2.0,0.0,556.6666666666666
2.0,1.0,4.0,1980.0,23462811.0,1.0,0.0,532.0
2.0,2.0,7.0,1979.0,20345209.0,1.0,0.0,524.3333333333334
2.0,1.0,8.0,1980.0,25388804.0,1.0,0.0,544.3333333333334
1.0,1.0,8.0,1980.0,17331206.0,2.0,0.0,539.0
1.0,2.0,4.0,1980.0,24480612.0,1.0,0.0,528.6666666666666
2.0,2.0,5.0,1980.0,12807906.0,1.0,0.0,495.0
2.0,1.0,5.0,1980.0,16923106.0,1.0,0.0,575.6666666666666
1.0,1.0,8.0,1980.0,26192706.0,1.0,0.0,502.6666666666667
1.0,2.0,8.0,1980.0,24477407.0,2.0,0.0,574.3333333333334
1.0,1.0,9.0,1979.0,22558507.0,2.0,0.0,598.6666666666666
2.0,1.0,5.0,1979.0,26192708.0,1.0,0.0,529.6666666666666
2.0,1.0,12.0,1978.0,18937808.0,2.0,0.0,506.0
2.0,1.0,12.0,1979.0,19141106.0,2.0,0.0,566.3333333333334
2.0,2.0,11.0,1979.0,24472306.0,1.0,0.0,520.0
1.0,2.0,1.0,1980.0,17331206.0,1.0,0.0,461.3333333333333
1.0,2.0,8.0,1979.0,24473604.0,1.0,0.0,523.3333333333334
2.0,2.0,1.0,1980.0,24477406.0,1.0,0.0,484.6666666666667
2.0,2.0,3.0,1979.0,24473605.0,1.0,0.0,514.0
1.0,2.0,10.0,1978.0,24469708.0,1.0,0.0,525.6666666666666
2.0,2.0,11.0,1980.0,24480613.0,1.0,0.0,517.3333333333334
1.0,1.0,10.0,1978.0,25991506.0,1.0,0.0,494.0
2.0,1.0,7.0,1978.0,22860605.0,1.0,0.0,547.6666666666666
1.0,2.0,3.0,1979.0,24478004.0,1.0,0.0,488.3333333333333
1.0,1.0,12.0,1979.0,16923108.0,1.0,0.0,580.3333333333334
2.0,1.0,6.0,1979.0,25288506.0,1.0,0.0,560.6666666666666
1.0,2.0,2.0,1980.0,25288508.0,1.0,0.0,535.0
2.0,1.0,3.0,1980.0,25789906.0,1.0,0.0,517.6666666666666
1.0,2.0,4.0,1980.0,18939606.0,2.0,0.0,559.3333333333334
2.0,2.0,6.0,1980.0,24472306.0,1.0,0.0,503.6666666666667
1.0,2.0,10.0,1978.0,24470810.0,1.0,0.0,464.6666666666667
2.0,1.0,5.0,1980.0,20850107.0,1.0,0.0,507.0
2.0,1.0,2.0,1980.0,16117605.0,2.0,0.0,501.3333333333333
1.0,2.0,8.0,1979.0,24472806.0,1.0,0.0,477.0
2.0,1.0,1.0,1979.0,20144913.0,1.0,0.0,531.6666666666666
1.0,2.0,10.0,1979.0,24475513.0,1.0,0.0,523.3333333333334
2.0,2.0,7.0,1978.0,24476405.0,0.0,0.0,503.0
2.0,1.0,6.0,1980.0,16419804.0,2.0,0.0,539.6666666666666
2.0,1.0,5.0,1980.0,20951007.0,2.0,0.0,592.0
1.0,2.0,3.0,1979.0,20549005.0,1.0,0.0,573.3333333333334
1.0,6.0,2.0,1980.0,25288506.0,1.0,0.0,508.0
1.0,1.0,9.0,1980.0,25991506.0,2.0,0.0,509.3333333333333
1.0,3.0,1.0,1980.0,24472806.0,1.0,0.0,526.0
2.0,2.0,12.0,1979.0,24470810.0,1.0,0.0,510.6666666666667
2.0,2.0,1.0,1979.0,24472306.0,1.0,0.0,501.0
1.0,2.0,5.0,1979.0,24478004.0,1.0,0.0,509.3333333333333
1.0,1.0,8.0,1978.0,16118307.0,1.0,0.0,524.0
1.0,1.0,10.0,1978.0,22860605.0,2.0,0.0,557.6666666666666
1.0,1.0,7.0,1979.0,22860605.0,2.0,0.0,614.6666666666666
1.0,2.0,9.0,1979.0,22860605.0,1.0,0.0,533.6666666666666
1.0,1.0,11.0,1979.0,16118308.0,2.0,0.0,592.6666666666666
1.0,1.0,11.0,1979.0,16118307.0,2.0,0.0,622.0
1.0,1.0,11.0,1979.0,16218405.0,2.0,0.0,504.6666666666667
2.0,1.0,12.0,1979.0,16118308.0,1.0,0.0,571.3333333333334
1.0,1.0,12.0,1979.0,16117605.0,2.0,0.0,506.6666666666667
2.0,1.0,11.0,1979.0,22860605.0,2.0,0.0,609.0
1.0,1.0,7.0,1979.0,12305604.0,2.0,0.0,473.0
1.0,2.0,3.0,1980.0,22157107.0,2.0,0.0,519.0
2.0,1.0,3.0,1980.0,16117605.0,2.0,0.0,588.0
1.0,1.0,4.0,1980.0,16118307.0,1.0,0.0,569.0
2.0,1.0,6.0,1980.0,16218405.0,1.0,0.0,586.3333333333334
1.0,1.0,7.0,1980.0,16118307.0,2.0,0.0,573.6666666666666
2.0,1.0,8.0,1980.0,16117605.0,1.0,0.0,578.0
2.0,1.0,8.0,1980.0,16118307.0,2.0,0.0,610.3333333333334
2.0,1.0,8.0,1980.0,16117605.0,1.0,0.0,546.6666666666666
1.0,2.0,9.0,1980.0,24477406.0,1.0,0.0,482.0
1.0,1.0,4.0,1980.0,16218405.0,1.0,0.0,561.3333333333334
1.0,1.0,9.0,1980.0,16117605.0,1.0,0.0,543.3333333333334
1.0,1.0,9.0,1980.0,16117605.0,1.0,0.0,536.0
1.0,1.0,3.0,1980.0,23161606.0,1.0,0.0,625.0
2.0,1.0,2.0,1980.0,16218405.0,1.0,0.0,511.3333333333333
2.0,1.0,8.0,1980.0,16117605.0,1.0,0.0,504.0
2.0,1.0,4.0,1980.0,17331205.0,1.0,0.0,519.0
1.0,1.0,5.0,1980.0,16218405.0,1.0,0.0,513.3333333333334
1.0,1.0,3.0,1980.0,16218405.0,1.0,0.0,590.0
1.0,1.0,6.0,1980.0,21653703.0,2.0,0.0,521.6666666666666
1.0,1.0,9.0,1980.0,16117605.0,2.0,0.0,476.3333333333333
1.0,1.0,3.0,1980.0,16118308.0,0.0,0.0,594.3333333333334
2.0,1.0,8.0,1980.0,16117605.0,1.0,0.0,489.6666666666667
2.0,1.0,2.0,1980.0,22558507.0,1.0,0.0,565.6666666666666
1.0,2.0,10.0,1979.0,24470810.0,1.0,0.0,485.3333333333333
1.0,1.0,3.0,1980.0,25789906.0,2.0,0.0,531.6666666666666
1.0,1.0,4.0,1979.0,23462808.0,1.0,0.0,540.3333333333334
1.0,1.0,10.0,1979.0,17331206.0,1.0,0.0,581.3333333333334
1.0,2.0,12.0,1978.0,24477613.0,1.0,0.0,513.6666666666666
2.0,1.0,2.0,1980.0,19342309.0,2.0,0.0,587.6666666666666
2.0,1.0,5.0,1980.0,16118307.0,1.0,0.0,527.3333333333334
2.0,1.0,8.0,1980.0,15917107.0,1.0,0.0,520.3333333333334
1.0,2.0,10.0,1979.0,24477408.0,1.0,0.0,498.6666666666667
2.0,2.0,9.0,1978.0,24477407.0,1.0,0.0,490.6666666666667
1.0,2.0,7.0,1979.0,25288508.0,2.0,0.0,554.3333333333334
2.0,1.0,6.0,1979.0,12305604.0,1.0,0.0,488.3333333333333
1.0,2.0,9.0,1980.0,24479605.0,1.0,0.0,522.6666666666666
2.0,1.0,2.0,1979.0,23462811.0,2.0,0.0,559.3333333333334
2.0,2.0,2.0,1980.0,24479606.0,1.0,0.0,526.3333333333334
1.0,1.0,12.0,1978.0,16923106.0,2.0,0.0,549.3333333333334
2.0,1.0,8.0,1979.0,21653704.0,2.0,0.0,527.6666666666666
1.0,2.0,11.0,1979.0,24477408.0,1.0,0.0,479.6666666666667
1.0,1.0,10.0,1979.0,20850107.0,1.0,0.0,535.3333333333334
2.0,2.0,4.0,1980.0,24473605.0,1.0,0.0,520.0
1.0,2.0,9.0,1979.0,24477407.0,1.0,0.0,484.0
1.0,1.0,7.0,1979.0,23061204.0,1.0,0.0,614.0
1.0,2.0,5.0,1980.0,24477613.0,1.0,0.0,481.0
1.0,2.0,1.0,1980.0,24469710.0,1.0,0.0,500.3333333333333
2.0,1.0,12.0,1979.0,16419804.0,1.0,0.0,596.3333333333334
1.0,1.0,11.0,1978.0,19141106.0,1.0,0.0,493.6666666666667
2.0,2.0,3.0,1979.0,20549005.0,1.0,0.0,464.3333333333333
2.0,1.0,3.0,1980.0,20345704.0,2.0,0.0,533.3333333333334
2.0,2.0,2.0,1978.0,24477613.0,1.0,0.0,497.3333333333333
1.0,2.0,2.0,1979.0,24477613.0,1.0,0.0,542.6666666666666
1.0,2.0,6.0,1980.0,24477613.0,1.0,0.0,453.6666666666667
1.0,0.0,0.0,0.0,24477613.0,1.0,0.0,527.6666666666666
1.0,1.0,12.0,1979.0,16118307.0,1.0,0.0,551.6666666666666
2.0,2.0,2.0,1979.0,24477406.0,1.0,0.0,502.6666666666667
1.0,2.0,3.0,1979.0,20549005.0,1.0,0.0,555.0
2.0,2.0,12.0,1979.0,24477613.0,1.0,0.0,491.6666666666667
2.0,1.0,10.0,1980.0,22558507.0,2.0,0.0,506.3333333333333
2.0,2.0,8.0,1979.0,24473605.0,1.0,0.0,530.0
2.0,1.0,4.0,1980.0,22157405.0,1.0,0.0,557.6666666666666
2.0,2.0,10.0,1979.0,16419804.0,1.0,0.0,479.0
1.0,1.0,4.0,1980.0,16923108.0,1.0,0.0,540.3333333333334
2.0,1.0,12.0,1978.0,25288508.0,2.0,0.0,574.6666666666666
1.0,1.0,10.0,1979.0,26192708.0,2.0,0.0,516.0
2.0,1.0,4.0,1980.0,23161606.0,1.0,0.0,542.6666666666666
1.0,2.0,3.0,1980.0,24477406.0,1.0,0.0,463.3333333333333
2.0,2.0,12.0,1978.0,24475513.0,1.0,0.0,489.0
1.0,1.0,1.0,1980.0,16923108.0,1.0,0.0,486.6666666666667
1.0,1.0,9.0,1979.0,16923108.0,1.0,0.0,628.6666666666666
2.0,2.0,9.0,1979.0,24473605.0,1.0,0.0,502.3333333333333
1.0,2.0,1.0,1979.0,24477613.0,1.0,0.0,534.6666666666666
1.0,1.0,10.0,1979.0,25288506.0,1.0,0.0,523.0
2.0,1.0,4.0,1978.0,26192706.0,1.0,0.0,521.3333333333334
1.0,2.0,11.0,1979.0,24474605.0,1.0,0.0,515.3333333333334
1.0,2.0,4.0,1979.0,20549005.0,1.0,0.0,508.6666666666667
1.0,2.0,7.0,1979.0,24477408.0,1.0,0.0,480.0
1.0,2.0,8.0,1979.0,24472308.0,1.0,0.0,511.3333333333333
1.0,2.0,10.0,1979.0,24473605.0,1.0,0.0,543.6666666666666
1.0,1.0,4.0,1980.0,16118308.0,1.0,0.0,522.0
1.0,1.0,8.0,1979.0,25789906.0,1.0,0.0,546.6666666666666
1.0,2.0,10.0,1980.0,24472806.0,1.0,0.0,485.6666666666667
1.0,2.0,4.0,1980.0,24469708.0,1.0,0.0,518.3333333333334
1.0,1.0,8.0,1980.0,20850107.0,1.0,0.0,515.3333333333334
1.0,2.0,3.0,1980.0,21553307.0,1.0,0.0,465.6666666666667
1.0,1.0,10.0,1979.0,23462811.0,2.0,0.0,567.6666666666666
1.0,1.0,7.0,1980.0,12807906.0,0.0,0.0,539.0
2.0,1.0,5.0,1980.0,16218405.0,2.0,0.0,628.6666666666666
2.0,2.0,4.0,1980.0,24470810.0,1.0,0.0,489.3333333333333
1.0,2.0,11.0,1979.0,20549005.0,1.0,0.0,570.0
1.0,1.0,6.0,1979.0,17331205.0,1.0,0.0,553.6666666666666
1.0,2.0,1.0,1980.0,20549005.0,1.0,0.0,511.3333333333333
1.0,2.0,8.0,1979.0,24472306.0,1.0,0.0,511.0
1.0,2.0,2.0,1980.0,24473605.0,1.0,0.0,508.3333333333333
1.0,2.0,0.0,0.0,24477407.0,1.0,0.0,517.0
2.0,1.0,11.0,1979.0,20850306.0,2.0,0.0,608.6666666666666
1.0,1.0,12.0,1979.0,16419804.0,2.0,0.0,530.6666666666666
2.0,1.0,11.0,1979.0,19342206.0,1.0,0.0,502.0
2.0,1.0,11.0,1979.0,23161606.0,1.0,0.0,618.6666666666666
1.0,1.0,11.0,1979.0,23161606.0,2.0,0.0,540.3333333333334
2.0,1.0,11.0,1979.0,23161606.0,2.0,0.0,573.3333333333334
2.0,1.0,12.0,1979.0,17632906.0,1.0,0.0,548.3333333333334
1.0,1.0,12.0,1979.0,17632906.0,1.0,0.0,593.6666666666666
1.0,1.0,9.0,1979.0,17632906.0,1.0,0.0,537.6666666666666
1.0,1.0,11.0,1979.0,16118307.0,1.0,0.0,499.0
2.0,2.0,11.0,1979.0,24477614.0,2.0,0.0,529.0
2.0,1.0,12.0,1979.0,19342308.0,1.0,0.0,528.3333333333334
2.0,1.0,7.0,1979.0,22558507.0,1.0,0.0,550.0
1.0,1.0,3.0,1980.0,22157109.0,1.0,0.0,541.3333333333334
2.0,1.0,2.0,1980.0,16419804.0,2.0,0.0,577.0
1.0,1.0,1.0,1980.0,23161606.0,2.0,0.0,570.6666666666666
1.0,1.0,6.0,1980.0,17632906.0,2.0,0.0,560.6666666666666
2.0,1.0,7.0,1980.0,17632906.0,1.0,0.0,565.6666666666666
2.0,1.0,4.0,1980.0,17632906.0,1.0,0.0,470.0
2.0,1.0,2.0,1980.0,17632906.0,1.0,0.0,545.3333333333334
2.0,1.0,6.0,1980.0,17632906.0,1.0,0.0,560.0
1.0,1.0,3.0,1980.0,17632906.0,1.0,0.0,603.0
2.0,1.0,1.0,1980.0,17632906.0,1.0,0.0,542.6666666666666
2.0,1.0,7.0,1980.0,17632906.0,1.0,0.0,476.0
2.0,1.0,6.0,1980.0,17632906.0,1.0,0.0,510.3333333333333
1.0,1.0,5.0,1980.0,17632906.0,2.0,0.0,633.6666666666666
1.0,1.0,6.0,1980.0,20345209.0,1.0,0.0,572.0
2.0,3.0,5.0,1980.0,16118307.0,1.0,0.0,571.3333333333334
1.0,1.0,8.0,1980.0,25388804.0,2.0,0.0,497.6666666666667
2.0,1.0,1.0,1980.0,20951007.0,2.0,0.0,583.6666666666666
1.0,1.0,7.0,1980.0,20951009.0,2.0,0.0,528.3333333333334
2.0,1.0,9.0,1980.0,20345704.0,1.0,0.0,493.0
2.0,2.0,3.0,1980.0,24480613.0,1.0,0.0,541.3333333333334
2.0,2.0,9.0,1980.0,24480614.0,2.0,0.0,544.0
2.0,2.0,7.0,1980.0,24480614.0,1.0,0.0,469.0
2.0,2.0,6.0,1980.0,24480614.0,1.0,0.0,474.3333333333333
1.0,1.0,3.0,1980.0,23061204.0,1.0,0.0,567.6666666666666
2.0,1.0,4.0,1980.0,18939606.0,1.0,0.0,525.0
1.0,2.0,7.0,1980.0,24470811.0,1.0,0.0,468.0
2.0,1.0,9.0,1980.0,18939606.0,1.0,0.0,549.3333333333334
2.0,1.0,10.0,1980.0,25991506.0,1.0,0.0,482.3333333333333
2.0,1.0,6.0,1980.0,12305604.0,2.0,0.0,579.0
1.0,1.0,1.0,1980.0,16118308.0,1.0,0.0,557.0
1.0,1.0,2.0,1980.0,16419804.0,2.0,0.0,527.3333333333334
1.0,2.0,6.0,1980.0,24472306.0,1.0,0.0,479.3333333333333
2.0,1.0,2.0,1980.0,20951009.0,2.0,0.0,562.0
1.0,1.0,2.0,1980.0,18937808.0,2.0,0.0,604.6666666666666
1.0,1.0,2.0,1980.0,16218405.0,1.0,0.0,569.6666666666666
1.0,1.0,8.0,1980.0,25388804.0,1.0,0.0,526.0
2.0,1.0,4.0,1980.0,16419804.0,2.0,0.0,611.6666666666666
1.0,1.0,7.0,1980.0,20951009.0,2.0,0.0,512.6666666666666
2.0,1.0,4.0,1980.0,20850107.0,1.0,0.0,509.6666666666667
1.0,1.0,6.0,1980.0,16821405.0,2.0,0.0,532.0
2.0,1.0,4.0,1980.0,16419804.0,2.0,0.0,588.0
2.0,1.0,6.0,1980.0,22157405.0,2.0,0.0,571.0
2.0,1.0,8.0,1980.0,20144912.0,1.0,0.0,506.3333333333333
2.0,1.0,9.0,1980.0,20345210.0,2.0,0.0,535.0
2.0,1.0,9.0,1980.0,16419804.0,2.0,0.0,493.0
2.0,1.0,6.0,1980.0,19342308.0,2.0,0.0,566.3333333333334
1.0,1.0,10.0,1980.0,19141106.0,1.0,0.0,560.3333333333334
2.0,2.0,10.0,1980.0,15917109.0,1.0,0.0,557.6666666666666
2.0,1.0,7.0,1980.0,18937808.0,1.0,0.0,530.0
2.0,1.0,3.0,1980.0,19342308.0,2.0,0.0,514.0
1.0,1.0,1.0,1980.0,23462811.0,1.0,0.0,559.6666666666666
2.0,1.0,7.0,1979.0,16923108.0,1.0,0.0,510.6666666666667
1.0,2.0,1.0,1979.0,17331205.0,1.0,0.0,503.3333333333333
1.0,1.0,8.0,1979.0,22157107.0,2.0,0.0,552.0
2.0,1.0,3.0,1980.0,15917109.0,1.0,0.0,529.3333333333334
1.0,1.0,10.0,1980.0,15917109.0,2.0,0.0,594.0
