rho,x,ICM_var,scaled_exp_var
0.1,-1.9960141698960454,0.01864173187475648,0.01847450122762188
0.1,-1.9860141698960454,0.017708063787773072,0.017548802407316814
0.1,-1.9760141698960454,0.016820668840622558,0.016668983522953082
0.1,-1.9660141698960454,0.015978038036528114,0.015833549164732376
0.1,-1.9560141698960454,0.015178673011584815,0.015041014391024397
0.1,-1.9460141698960454,0.014421087668157362,0.014289906350141574
0.1,-1.9360141698960454,0.01370380974854893,0.01357876584300141
0.1,-1.9260141698960453,0.013025382347114558,0.012906148824855006
0.1,-1.9160141698960453,0.012384365359179469,0.012270627844445391
0.1,-1.9060141698960453,0.011779336865281558,0.01167079341911687
0.1,-1.8960141698960453,0.011208894449439654,0.011105255344577392
0.1,-1.8860141698960453,0.010671656450337113,0.010572643938202215
0.1,-1.8760141698960453,0.010166263144476722,0.010071611214932366
0.1,-1.8660141698960453,0.009691377860555286,0.009600831995012096
0.1,-1.8560141698960453,0.00924568802446389,0.009159004942966117
0.1,-1.8460141698960453,0.00882790613452864,0.008744853537424439
0.1,-1.8360141698960453,0.008436770666730226,0.008357126971525537
0.1,-1.8260141698960453,0.00807104690987358,0.00799460098385958
0.1,-1.8160141698960452,0.007729527730792785,0.007656078620026815
0.1,-1.8060141698960452,0.0074110342698718076,0.007340390925080141
0.1,-1.7960141698960452,0.007114416567317965,0.007046397567276387
0.1,-1.7860141698960452,0.006838554120770472,0.006772987393705279
0.1,-1.7760141698960452,0.006582356374995369,0.00651907891853308
0.1,-1.7660141698960452,0.006344763144543758,0.0062836207447228174
0.1,-1.7560141698960452,0.006124744970405759,0.006065591920247681
0.1,-1.7460141698960452,0.005921303411836854,0.005864002229957605
0.1,-1.7360141698960452,0.005733471274619595,0.005677892424345213
0.1,-1.7260141698960452,0.005560312777206846,0.005506334386639328
0.1,-1.7160141698960452,0.005400923656245745,0.005348431239707438
0.1,-1.7060141698960452,0.005254431213142301,0.005203317394408329
0.1,-1.6960141698960451,0.00511999430338458,0.005070158541094234
0.1,-1.6860141698960451,0.004996803270469113,0.004948151586087913
0.1,-1.6760141698960451,0.004884079826326821,0.004836524535011972
0.1,-1.6660141698960451,0.0047810768802572816,0.004734536324959712
0.1,-1.656014169896045,0.004687078318427431,0.0046414766075442895
0.1,-1.646014169896045,0.004601398736040228,0.004556665484912547
0.1,-1.636014169896045,0.004523383124375586,0.0044794532009062495
0.1,-1.626014169896045,0.004452406514898135,0.00440921978954643
0.1,-1.616014169896045,0.0043878735827062336,0.004345374683096157
0.1,-1.606014169896045,0.0043292182115962745,0.0042873562819571946
0.1,-1.596014169896045,0.004275903023056729,0.004234631488696534
0.1,-1.586014169896045,0.004227418871502502,0.004186695208495446
0.1,-1.576014169896045,0.00418328430808853,0.004143069818342171
0.1,-1.566014169896045,0.004143045015410771,0.004103304607259367
0.1,-1.556014169896045,0.004106273215416517,0.004066975189871404
0.1,-1.546014169896045,0.004072567052828241,0.004033682895599411
0.1,-1.536014169896045,0.0040415499563294256,0.0040030541357170745
0.1,-1.526014169896045,0.004012869979792937,0.003974739750532236
0.1,-1.516014169896045,0.003986199125726171,0.003948414338854292
0.1,-1.506014169896045,0.003961232653118661,0.003923775571918928
0.1,-1.496014169896045,0.003937688371803226,0.0039005434938679706
0.1,-1.486014169896045,0.003915305925391081,0.0038784598108321153
0.1,-1.476014169896045,0.0038938460647980275,0.0038572871706214606
0.1,-1.466014169896045,0.0038730899142886423,0.0038368084349394826
0.1,-1.456014169896045,0.003852838231930114,0.003816825946001172
0.1,-1.446014169896045,0.0038329106662556463,0.003797160789345133
0.1,-1.436014169896045,0.0038131450108567153,0.0037776520545495483
0.1,-1.426014169896045,0.0037933964585832192,0.003758156095521907
0.1,-1.416014169896045,0.0037735368569016296,0.0037385457919045595
0.1,-1.4060141698960449,0.003753453965914158,0.003718709813091341
0.1,-1.3960141698960449,0.003733050720454856,0.0036985518862640144
0.1,-1.3860141698960449,0.0037122444975623736,0.0036779900697419686
0.1,-1.3760141698960449,0.003690966390609894,0.003656956032919281
0.1,-1.3660141698960448,0.0036691604911875866,0.0036353943438795734
0.1,-1.3560141698960448,0.0036467831798675937,0.003613261765813074
0.1,-1.3460141698960448,0.003623802426775372,0.0035905265631557257
0.1,-1.3360141698960448,0.0036001971029027075,0.0035671678183811983
0.1,-1.3260141698960448,0.003575956302960067,0.003543174760239909
0.1,-1.3160141698960448,0.003551078680493237,0.003518546104166743
0.1,-1.3060141698960448,0.0035255717959304903,0.00349328940552057
0.1,-1.2960141698960448,0.0034994514781123134,0.0034674204262051113
0.1,-1.2860141698960448,0.0034727411998287977,0.003440962515193582
0.1,-1.2760141698960448,0.003445471467757497,0.0034139460033480538
0.1,-1.2660141698960448,0.0034176792271868313,0.00338640761291637
0.1,-1.2560141698960448,0.003389407281797589,0.0033583898819775394
0.1,-1.2460141698960447,0.0033607037287420316,0.003329940604073356
0.1,-1.2360141698960447,0.003331621409182309,0.0033011122831864913
0.1,-1.2260141698960447,0.003302217374416497,0.00327196160419179
0.1,-1.2160141698960447,0.003272552367650305,0.00324254891883748
0.1,-1.2060141698960447,0.0032426903214406084,0.003212937747281036
0.1,-1.1960141698960447,0.003212697870805645,0.0031831942951729797
0.1,-1.1860141698960447,0.003182643881920034,0.003153386986205643
0.1,-1.1760141698960447,0.003152598996346683,0.0031235860100770996
0.1,-1.1660141698960447,0.0031226351906679323,0.0030938628857313365
0.1,-1.1560141698960447,0.0030928253513990353,0.0030642900397559614
0.1,-1.1460141698960447,0.0030632428650295813,0.0030349403997813685
0.1,-1.1360141698960446,0.003033961223042491,0.0030058870027290284
0.1,-1.1260141698960446,0.003005053641730879,0.0029772026177273246
0.1,-1.1160141698960446,0.002976592696657103,0.0029489593835369922
0.1,-1.1060141698960446,0.002948649971575252,0.002921228460305245
0.1,-1.0960141698960446,0.0029212957216740256,0.002894079695502961
0.1,-1.0860141698960446,0.002894598550966587,0.002867581303869168
0.1,-1.0760141698960446,0.002868625103712685,0.0028417995612452294
0.1,-1.0660141698960446,0.002843439769743538,0.0028167985121665116
0.1,-1.0560141698960446,0.0028191044036023826,0.0027926396911213893
0.1,-1.0460141698960446,0.0027956780574222313,0.002769381857396158
0.1,-1.0360141698960446,0.002773216727504049,0.002747080743465844
0.1,-1.0260141698960445,0.002751773114586314,0.0027257888169185908
0.1,-1.0160141698960445,0.0027313963978189545,0.002705555055923419
0.1,-1.0060141698960445,0.0027121320225037674,0.0026864247383000415
0.1,-0.9960141698960445,0.0026940215017006767,0.0026684392442866954
0.1,-0.9860141698960445,0.0026771022318199133,0.0026516358731228174
0.1,-0.9760141698960445,0.0026614073223803583,0.0026360476736234217
0.1,-0.9660141698960445,0.0026469654401489115,0.002621703288956756
0.1,-0.9560141698960445,0.002633800667899452,0.002608626815860775
0.1,-0.9460141698960445,0.0026219323781005587,0.002596837678604432
0.1,-0.9360141698960445,0.002611375121853059,0.0025863505180120905
0.1,-0.9260141698960445,0.002602138533454351,0.0025771750959253047
0.1,-0.9160141698960445,0.0025942272510005014,0.00256931621551052
0.1,-0.9060141698960444,0.002587640853467864,0.00256277365785233
0.1,-0.8960141698960444,0.002582373814759198,0.0025575421353153647
0.1,-0.8860141698960444,0.002578415475226207,0.002553611262185237
0.1,-0.8760141698960444,0.0025757500312179517,0.0025509655431367826
0.1,-0.8660141698960444,0.0025743565432071115,0.002549584380081038
0.1,-0.8560141698960444,0.002574208963118109,0.0025494420980143595
0.1,-0.8460141698960444,0.002575276181436119,0.0025505079904492643
0.1,-0.8360141698960444,0.002577522094760796,0.0025527463850911845
0.1,-0.8260141698960444,0.0025809056944182548,0.0025561167303762033
0.1,-0.8160141698960444,0.002585381176805796,0.0025605737035458444
0.1,-0.8060141698960444,0.0025908980761013877,0.002566067340893545
0.1,-0.7960141698960443,0.002597401420011578,0.0025725431908593254
0.1,-0.7860141698960443,0.0026048319091802148,0.0025799424905989243
0.1,-0.7760141698960443,0.0026131261209127415,0.002588202366686336
0.1,-0.7660141698960443,0.002622216737817161,0.0025972560605560155
0.1,-0.7560141698960443,0.0026320328019654657,0.002607033179294215
0.1,-0.7460141698960443,0.002642499995136976,0.0026174599723473692
0.1,-0.7360141698960443,0.0026535409456749357,0.0026284596346861024
0.1,-0.7260141698960443,0.0026650755624563404,0.002639952636932641
0.1,-0.7160141698960443,0.0026770213964180333,0.0026518570829033804
0.1,-0.7060141698960443,0.002689294030036478,0.002664089094973385
0.1,-0.6960141698960443,0.0027018074951150432,0.0026765632276266327
0.1,-0.6860141698960442,0.0027144747191421514,0.002689192909466341
0.1,-0.6760141698960442,0.0027272080004529667,0.002701890913929389
0.1,-0.6660141698960442,0.0027399195123279582,0.0027145698588504517
0.1,-0.6560141698960442,0.0027525218361008313,0.0027271427349611597
0.1,-0.6460141698960442,0.0027649285232474556,0.002739523463309537
0.1,-0.6360141698960442,0.002777054686377932,0.002751627481535758
0.1,-0.6260141698960442,0.0027888176189198085,0.0027633723588071533
0.1,-0.6160141698960442,0.002800137443213356,0.002774678439148558
0.1,-0.6060141698960442,0.002810937786635375,0.002785469512800238
0.1,-0.5960141698960442,0.0028211464852666273,0.002795673515134739
0.1,-0.5860141698960442,0.002830696314504938,0.0028052232525514263
0.1,-0.5760141698960441,0.0028395257459349985,0.002814057154676731
0.1,-0.5660141698960441,0.0028475797296346897,0.0028221200520673994
0.1,-0.5560141698960441,0.0028548105010070997,0.0028293639785234993
0.1,-0.5460141698960441,0.0028611784110987755,0.002835748996989658
0.1,-0.5360141698960441,0.0028666527792586124,0.0028412440479169423
0.1,-0.5260141698960441,0.002871212766864935,0.002845827818831177
0.1,-0.5160141698960441,0.0028748482707558766,0.0028494896337608357
0.1,-0.5060141698960441,0.002877560834858894,0.0028522303610386034
0.1,-0.4960141698960441,0.002879364578408488,0.00285406333788377
0.1,-0.48601416989604407,0.0028802871390379184,0.002855015310069061
0.1,-0.47601416989604406,0.0028803706289104855,0.0028551273848551827
0.1,-0.46601416989604405,0.002879672601942451,0.0028544559952625712
0.1,-0.45601416989604404,0.002878267030073403,0.00285307387365314
0.1,-0.44601416989604403,0.0028762452864374505,0.0028510710324919208
0.1,-0.436014169896044,0.0028737171331714557,0.0028485557500410098
0.1,-0.426014169896044,0.0028708117115289946,0.0028456555586698616
0.1,-0.416014169896044,0.0028676785318485208,0.0028425182333454003
0.1,-0.406014169896044,0.0028644884608674897,0.0028393127778077077
0.1,-0.396014169896044,0.002861434703766765,0.0028362304058291298
0.1,-0.386014169896044,0.0028587337782823826,0.002833485514906263
0.1,-0.37601416989604397,0.002856626478125183,0.0028313166496371322
0.1,-0.36601416989604396,0.0028553788229155473,0.0028299874520013547
0.1,-0.35601416989604395,0.0028552829917728824,0.0028297875956926123
0.1,-0.34601416989604394,0.00285665823765106,0.0028310337016032895
0.1,-0.33601416989604393,0.002859851779473488,0.0028340702315224485
0.1,-0.3260141698960439,0.0028652396691107277,0.002839270357096224
0.1,-0.3160141698960439,0.002873227630184307,0.0028470368010395917
0.1,-0.3060141698960439,0.002884251865704965,0.002857802647611447
0.1,-0.2960141698960439,0.002898779831526712,0.002872032119337
0.1,-0.2860141698960439,0.002917310972613571,0.002890221316975574
0.1,-0.2760141698960439,0.0029403774191205357,0.0029128989197352907
0.1,-0.2660141698960439,0.0029685446393271577,0.0029406268427715253
0.1,-0.25601416989604386,0.0030024120464864556,0.002974000849028986
0.1,-0.24601416989604385,0.0030426135566912274,0.0030136511125252907
0.1,-0.23601416989604385,0.003089818094930352,0.003060242730242848
0.1,-0.22601416989604384,0.0031447300465462192,0.003114476179833201
0.1,-0.21601416989604383,0.0032080896513919325,0.0031770877204239543
0.1,-0.20601416989604382,0.0032806733380730344,0.0032488497339030363
0.1,-0.1960141698960438,0.003363293995718267,0.003330571004113735
0.1,-0.1860141698960438,0.0034568011808759186,0.003423096931544094
0.1,-0.1760141698960438,0.0035620812571870945,0.0035273096811482196
0.1,-0.16601416989604378,0.0036800574656463696,0.003644128261094437
0.1,-0.15601416989604378,0.0038116899233644618,0.003774508530338343
0.1,-0.14601416989604377,0.003957975548888907,0.003919443133058822
0.1,-0.13601416989604376,0.004119947912292493,0.004079961358147542
0.1,-0.12601416989604375,0.004298677008366084,0.004257128922068412
0.1,-0.11601416989604374,0.004495268951447989,0.004452047673597459
0.1,-0.10601416989604373,0.004710865590543182,0.0046658552190741946
0.1,-0.09601416989604372,0.004946644043595371,0.0048997244670037675
0.1,-0.08601416989604371,0.005203816149941388,0.0051548630910149
0.1,-0.0760141698960437,0.005483627840150226,0.005432512910350666
0.1,-0.0660141698960437,0.005787358422656594,0.005733949187275756
0.1,-0.056014169896043686,0.0061163197867800485,0.006060479840964394
0.1,-0.04601416989604368,0.006471855521925671,0.00641344457763735
0.1,-0.03601416989604367,0.006855339952966147,0.006794213936919674
0.1,-0.02601416989604366,0.007268177091999409,0.007204188254584794
0.1,-0.01601416989604365,0.007711799506901659,0.0076447965420756055
0.1,-0.006014169896043642,0.008187667107279622,0.00811749528337718
0.1,0.003985830103956367,0.00869726584866823,0.008623767150057495
0.1,0.013985830103956154,0.009242106356005048,0.009165119635477854
0.1,0.023985830103956385,0.009823722467631735,0.009743083609393417
0.1,0.033985830103956616,0.010443669701288884,0.010359211794380431
0.1,0.0439858301039564,0.011103523643788462,0.011015077165744524
0.1,0.05398583010395619,0.011804878266217348,0.011712271276734404
0.1,0.06398583010395642,0.012549344166785997,0.012452402511145565
0.1,0.07398583010395665,0.013338546743589691,0.01323709426555286
0.1,0.08398583010395644,0.014174124299788055,0.014067983063649214
0.1,0.09398583010395622,0.015057726083861024,0.014946716605321144
0.1,0.10398583010395646,0.0159910102678293,0.01587495175332195
0.1,0.11398583010395669,0.01697564186648688,0.01685435246056389
0.1,0.12398583010395647,0.018013290600877658,0.017886587641235942
0.1,0.13398583010395626,0.019105628709412913,0.01897332898911939
0.1,0.1439858301039565,0.02025432871020993,0.02011624874665794
0.1,0.15398583010395672,0.021461061118354666,0.021317017428462776
0.1,0.1639858301039565,0.02272749212198416,0.02257730150312691
0.1,0.1739858301039563,0.024055281221173015,0.023898761037313053
0.1,0.18398583010395653,0.025446078833787727,0.025283047306259857
0.1,0.19398583010395676,0.026901523872552957,0.02673180037493313
0.1,0.20398583010395654,0.028423241297717085,0.028246646654193207
0.1,0.21398583010395633,0.030012839649778248,0.02982919643642498
0.1,0.22398583010395656,0.031671908566843494,0.03148104141519004
0.1,0.2339858301039568,0.03340201629126721,0.033203752193535344
0.1,0.24398583010395658,0.03520470717026642,0.034998875785646005
0.1,0.25398583010395637,0.03708149915529958,0.03686793311662031
0.1,0.2639858301039566,0.03903388130501327,0.038812416525164456
0.1,0.27398583010395683,0.041063311296604454,0.04083378727404971
0.1,0.2839858301039566,0.043171212950477864,0.04293347307320772
0.1,0.2939858301039564,0.045358973773062236,0.045112865620326285
0.1,0.30398583010395663,0.047627942522683535,0.04737331816384337
0.1,0.31398583010395686,0.049979426803340186,0.04971614309318618
0.1,0.32398583010395665,0.05241469069123477,0.05214260956111294
0.1,0.33398583010395644,0.05493495239884208,0.05465394114294261
0.1,0.34398583010395667,0.05754138198129307,0.05725131353745839
0.1,0.3539858301039569,0.06023509908972997,0.05993585231414922
0.1,0.3639858301039567,0.06301717077626805,0.0627086307114345
0.1,0.3739858301039565,0.06588860935509433,0.06557066749041408
0.1,0.3839858301039567,0.0688503703241239,0.0685229248485779
0.1,0.39398583010395694,0.07190335035156072,0.0715663063978364
0.1,0.4039858301039567,0.07504838533155347,0.07470165521107941
0.1,0.4139858301039565,0.07828624851303938,0.07792975194137382
0.1,0.42398583010395674,0.08161764870572691,0.08125131301777071
0.1,0.43398583010395697,0.08504322856699925,0.08466698892152423
0.1,0.44398583010395676,0.08856356297338297,0.08817736254638905
0.1,0.45398583010395654,0.09217915748006766,0.09178294764650544
0.1,0.4639858301039568,0.09589044687176662,0.09548418737518632
0.1,0.473985830103957,0.0996977938080306,0.09928145291774468
0.1,0.4839858301039568,0.10360148756596639,0.1031750422213392
0.1,0.4939858301039566,0.10760174288307518,0.10716517882458135
0.1,0.5039858301039568,0.11169869890274403,0.11125201078946574
0.1,0.513985830103957,0.11589241822471938,0.11543560973798246
0.1,0.5239858301039568,0.1201828860626653,0.11971596999554429
0.1,0.5339858301039566,0.12457000951070583,0.12409300784315909
0.1,0.5439858301039568,0.12905361692060757,0.1285665608800357
0.1,0.5539858301039571,0.13363345739104873,0.1331363874981013
0.1,0.5639858301039569,0.13830920037020053,0.13780216646968843
0.1,0.5739858301039567,0.14308043537257428,0.14256349664937942
0.1,0.5839858301039569,0.14794667181091617,0.14741989679082154
0.1,0.5939858301039571,0.15290733894364006,0.1523708054790384
0.1,0.6039858301039569,0.15796178593808113,0.15741558117855298
0.1,0.6139858301039567,0.16310928204963682,0.16255350239742244
0.1,0.6239858301039569,0.16834901691656867,0.16778376796699235
0.1,0.6339858301039571,0.17368010097007844,0.17310549743701628
0.1,0.6439858301039569,0.17910156595898105,0.17851773158549708
0.1,0.6539858301039567,0.184612365588112,0.1840194330424198
0.1,0.663985830103957,0.19021137626934814,0.18960948702628752
0.1,0.6739858301039572,0.19589739798391428,0.19528670219216485
0.1,0.683985830103957,0.20166915525444018,0.20104981158972418
0.1,0.6939858301039568,0.20752529822499047,0.20689747372954878
0.1,0.703985830103957,0.21346440384711246,0.21282827375576652
0.1,0.7139858301039572,0.21948497716972237,0.21884072472286467
0.1,0.723985830103957,0.2255854527304648,0.22493326897434862
0.1,0.7339858301039568,0.23176419604598297,0.23110427962070892
0.1,0.743985830103957,0.2380195051983632,0.2373520621139867
0.1,0.7539858301039573,0.24434961251482618,0.2436748559160352
0.1,0.763985830103957,0.2507526863375885,0.25007083625742454
0.1,0.7739858301039568,0.2572268328806382,0.25653811598375675
0.1,0.7839858301039571,0.26377009817003066,0.2630747474860186
0.1,0.7939858301039573,0.2703804700641536,0.2696787247114415
0.1,0.8039858301039571,0.2770558803502973,0.27634798525122284
0.1,0.8139858301039569,0.2837942069137111,0.28308041250130844
0.1,0.8239858301039571,0.2905932759752397,0.2898738378923448
0.1,0.8339858301039573,0.297450864393503,0.29672604318477913
0.1,0.8439858301039571,0.30436470202750976,0.3036347628250117
0.1,0.8539858301039569,0.311332474155482,0.31059768635838775
0.1,0.8639858301039571,0.3183518239456181,0.31761246089476775
0.1,0.8739858301039574,0.3254203549744279,0.3246766936223159
0.1,0.8839858301039571,0.33253563378824186,0.3317879543651188
0.1,0.8939858301039569,0.33969519250343366,0.33894377818017474
0.1,0.9039858301039572,0.34689653144086824,0.34614166798927226
0.1,0.9139858301039574,0.35413712179004314,0.35337909724122574
0.1,0.9239858301039572,0.3614144082984047,0.36065351259995065
0.1,0.933985830103957,0.368725811981299,0.3679623366538357
0.1,0.9439858301039572,0.3760687328479968,0.3753029706418492
0.1,0.9539858301039574,0.3834405526392989,0.3826727971918802
0.1,0.9639858301039572,0.39083863757219983,0.39006918306678595
0.1,0.973985830103957,0.3982603410871497,0.3974894819136778
0.1,0.9839858301039572,0.4057030065934846,0.40493103701200567
0.1,0.9939858301039575,0.4131639702086492,0.41239118401605385
0.1,1.0039858301039573,0.42064056348689444,0.4198672536875179
0.1,1.013985830103957,0.42813011613319946,0.42735657461389753
0.1,1.0239858301039573,0.43562995869824583,0.434856475908517
0.1,1.0339858301039575,0.4431374252503447,0.4423642898880581
0.1,1.0439858301039573,0.45064985602033547,0.4498773547236033
0.1,1.053985830103957,0.4581646000155374,0.4573930170612524
0.1,1.0639858301039573,0.4656790175989665,0.4649086346085022
0.1,1.0739858301039575,0.4731904830301391,0.4724215786826887
0.1,1.0839858301039573,0.48069638696388345,0.47992923671788973
0.1,1.0939858301039571,0.48819413890374236,0.48742901472684463
0.1,1.1039858301039573,0.49568116960662045,0.4949183397145201
0.1,1.1139858301039576,0.5031549334355387,0.5023946620401568
0.1,1.1239858301039574,0.51061291065742,0.5098554577246923
0.1,1.1339858301039571,0.5180526096830441,0.5172982307006719
0.1,1.1439858301039574,0.5254715692464005,0.5247205150018419
0.1,1.1539858301039576,0.5328673605208526,0.532119876889813
0.1,1.1639858301039574,0.540237589169669,0.5394939169153159
0.1,1.1739858301039572,0.5475798973286353,0.5468402719117308
0.1,1.1839858301039574,0.5548919655186129,0.5541566169187254
0.1,1.1939858301039576,0.5621715144860775,0.5614406670340041
0.1,1.2039858301039574,0.5694163069698334,0.5686901791913253
0.1,1.2139858301039572,0.5766241493922567,0.5759029538631146
0.1,1.2239858301039575,0.5837928934735837,0.5830768366861501
0.1,1.2339858301039577,0.5909204377679219,0.5902097200089684
0.1,1.2439858301039575,0.5980047291198405,0.5972995443598125
0.1,1.2539858301039573,0.6050437640405342,0.6043442998340822
0.1,1.2639858301039575,0.6120355900027341,0.6113420274004292
0.1,1.2739858301039577,0.6189783066536932,0.61829082012479
0.1,1.2839858301039575,0.6258700669457338,0.6251888243118122
0.1,1.2939858301039573,0.6327090781839978,0.6320342405632842
0.1,1.3039858301039575,0.6394936029912056,0.6388253247533389
0.1,1.3139858301039578,0.6462219601893586,0.6455603889203414
0.1,1.3239858301039575,0.6528925255984994,0.6522378020755405
0.1,1.3339858301039573,0.6595037327527659,0.6588559909286907
0.1,1.3439858301039576,0.6660540735341239,0.6654134405310047
0.1,1.3539858301039578,0.6725420987243075,0.6719086948359346
0.1,1.3639858301039576,0.6789664184756248,0.6783403571784149
0.1,1.3739858301039574,0.68532570270142,0.6847070906733327
0.1,1.3839858301039576,0.6916186813871059,0.6910076185341156
0.1,1.3939858301039578,0.6978441448228039,0.6972407243124508
0.1,1.4039858301039576,0.7040009437587507,0.7034052520602747
0.1,1.4139858301039574,0.7100879894847323,0.7095001064152732
0.1,1.4239858301039576,0.716104253834923,0.7155242526112499
0.1,1.4339858301039579,0.7220487691195985,0.7214767164148195
0.1,1.4439858301039576,0.727920627985302,0.7273565839899855
0.1,1.4539858301039574,0.7337189832051229,0.7331630016922496
0.1,1.4639858301039577,0.7394430474008317,0.738895175793986
0.1,1.473985830103958,0.7450920926987071,0.7445523721429052
0.1,1.4839858301039577,0.7506654503209544,0.7501339157554987
0.1,1.4939858301039575,0.756162510114689,0.7556391903474318
0.1,1.5039858301039577,0.7615827200205167,0.7610676378029131
0.1,1.513985830103958,0.7669255854828103,0.7664187575851347
0.1,1.5239858301039577,0.7721906688038245,0.7716921060899283
0.1,1.5339858301039575,0.7773775884438431,0.7768872959448297
0.1,1.5439858301039577,0.7824860182695889,0.7820039952557867
0.1,1.553985830103958,0.7875156867531704,0.7870419268037896
0.1,1.5639858301039578,0.7924663761238611,0.7920008671937271
0.1,1.5739858301039575,0.7973379214750381,0.7968806459578044
0.1,1.5839858301039578,0.8021302098286212,0.8016811446158751
0.1,1.593985830103958,0.8068431791593731,0.8064022956950612
0.1,1.6039858301039578,0.8114768173814282,0.8110440817110427
0.1,1.6139858301039576,0.8160311612994228,0.8156065341134091
0.1,1.6239858301039578,0.8205062955265954,0.8200897321974581
0.1,1.633985830103958,0.8249023513722287,0.8244938019848337
0.1,1.6439858301039578,0.829219505700786,0.8288189150753817
0.1,1.6539858301039576,0.83345797976509,0.8330652874725917
0.1,1.6639858301039578,0.8376180380158645,0.8372331783849732
0.1,1.673985830103958,0.841699986889943,0.841322889005699
0.1,1.6839858301039579,0.8457041735794233,0.8453347612728209
0.1,1.6939858301039576,0.8496309847840121,0.8492691766123359
0.1,1.7039858301039579,0.8534808454487729,0.8531265546663451
0.1,1.713985830103958,0.8572542174894539,0.8569073520085182
0.1,1.723985830103958,0.8609515985075316,0.8606120608490309
0.1,1.7339858301039577,0.8645735204970639,0.8642412077311091
0.1,1.743985830103958,0.8681205485454,0.8677953522212585
0.1,1.7539858301039581,0.871593279529742,0.8712750855952182
0.1,1.763985830103958,0.8749923408115106,0.8746810295216251
0.1,1.7739858301039577,0.8783183889304081,0.8780138347453236
0.1,1.783985830103958,0.8815721083000133,0.8812741797721951
0.1,1.7939858301039582,0.8847542099066951,0.8844627695573362
0.1,1.803985830103958,0.8878654300135648,0.8875803341983428
0.1,1.8139858301039578,0.8909065288711308,0.8906276276354104
0.1,1.823985830103958,0.893878289436254,0.8936054263598862
0.1,1.8339858301039582,0.8967815161009439,0.8965145281328577
0.1,1.843985830103958,0.8996170334324677,0.8993557507152903
0.1,1.8539858301039578,0.9023856849261817,0.9021299306111639
0.1,1.863985830103958,0.9050883317724286,0.9048379218249968
0.1,1.8739858301039582,0.9077258516387794,0.907480594635071
0.1,1.883985830103958,0.9102991374688291,0.9100588343836146
0.1,1.8939858301039578,0.9128090962986966,0.9125735402851248
0.1,1.903985830103958,0.9152566480923027,0.9150256242539508
0.1,1.9139858301039583,0.9176427245964437,0.9174160097521853
0.1,1.923985830103958,0.9199682682166046,0.9197456306588514
0.1,1.9339858301039579,0.9222342309143986,0.9220154301613037
0.1,1.943985830103958,0.9244415731274455,0.9242263596696918
0.1,1.9539858301039583,0.9265912627124443,0.9263793777552743
0.1,1.963985830103958,0.928684273912132,0.9284754491133077
0.1,1.973985830103958,0.9307215863467523,0.9305155435511623
0.1,1.9839858301039581,0.9327041840306027,0.9325006350022643
0.1,1.9939858301039584,0.9346330544141661,0.934431700566394
0.2,-1.9960141698960454,0.018582554463666374,0.017914667857087885
0.2,-1.9860141698960454,0.017653083970294116,0.017017020516186
0.2,-1.9760141698960454,0.016769674478035197,0.01616386281013632
0.2,-1.9660141698960454,0.015930821509401144,0.015353744644588972
0.2,-1.9560141698960454,0.015135031399633259,0.01458522607614487
0.2,-1.9460141698960454,0.014380822915885296,0.013856878884985768
0.2,-1.9360141698960454,0.013666728816612071,0.013167288090183185
0.2,-1.9260141698960453,0.01299129734937725,0.012515053405920006
0.2,-1.9160141698960453,0.012353093685480215,0.011898790637037955
0.2,-1.9060141698960453,0.011750701289959992,0.011317133012476966
0.2,-1.8960141698960453,0.01118272322571592,0.010768732455347773
0.2,-1.8860141698960453,0.010647783390671853,0.010252260788559724
0.2,-1.8760141698960453,0.010144527687076075,0.00976641087508593
0.2,-1.8660141698960453,0.009671625122220374,0.009309897692132942
0.2,-1.8560141698960453,0.009227768840018264,0.00888145933863381
0.2,-1.8460141698960453,0.008811677083089617,0.008479857975684303
0.2,-1.8360141698960453,0.008422094085121297,0.008103880699661125
0.2,-1.8260141698960453,0.008057790893504656,0.007752340347985047
0.2,-1.8160141698960452,0.007717566122363106,0.007424076237601759
0.2,-1.8060141698960452,0.007400246636276658,0.007117954836441349
0.2,-1.7960141698960452,0.007104688165164954,0.006832870368268011
0.2,-1.7860141698960452,0.006829775850933861,0.0065677453514717855
0.2,-1.7760141698960452,0.006574424726657818,0.006321531072516926
0.2,-1.7660141698960452,0.006337580129193765,0.006093207994882732
0.2,-1.7560141698960452,0.006118218046276046,0.0058817861044826005
0.2,-1.7460141698960452,0.005915345399283841,0.005686305192686163
0.2,-1.7360141698960452,0.005728000262957013,0.005505835078152934
0.2,-1.7260141698960452,0.0055552520235173635,0.005339475768862378
0.2,-1.7160141698960452,0.00539620147670322,0.005186357565776909
0.2,-1.7060141698960452,0.005249980867383981,0.005045641109729288
0.2,-1.6960141698960451,0.005115753872477173,0.004916517373182288
0.2,-1.6860141698960451,0.004992715529015234,0.004798207598630704
0.2,-1.6760141698960451,0.004880092109258908,0.004689963185466155
0.2,-1.6660141698960451,0.0047771409448646015,0.00459106552723366
0.2,-1.656014169896045,0.00468315020215848,0.004500825801255068
0.2,-1.646014169896045,0.0045974386106175345,0.00441858471264247
0.2,-1.636014169896045,0.004519355146752863,0.004343712194818181
0.2,-1.626014169896045,0.004448278675580838,0.004275607068651084
0.2,-1.616014169896045,0.004383617551946037,0.0042136966623962735
0.2,-1.606014169896045,0.004324809183957823,0.004157436394625158
0.2,-1.596014169896045,0.004271319560841276,0.004106309322372397
0.2,-1.586014169896045,0.004222642747497948,0.004059825656722857
0.2,-1.576014169896045,0.004178300348098853,0.004017522248089378
0.2,-1.566014169896045,0.004137840941000147,0.0039789620434030224
0.2,-1.556014169896045,0.004100839487284555,0.003943733517451058
0.2,-1.546014169896045,0.004066896715212897,0.003911450080581247
0.2,-1.536014169896045,0.004035638482813373,0.003881749464937769
0.2,-1.526014169896045,0.004006715120867605,0.003854293091425198
0.2,-1.516014169896045,0.003979800758445445,0.0038287654194950702
0.2,-1.506014169896045,0.0039545926331514365,0.003804873281860779
0.2,-1.496014169896045,0.003930810388170834,0.003782345206175002
0.2,-1.486014169896045,0.003908195358152092,0.0037609307256553847
0.2,-1.476014169896045,0.0038865098459192767,0.0037403996806026282
0.2,-1.466014169896045,0.003865536391917606,0.003720541512668589
0.2,-1.456014169896045,0.003845077038260104,0.0037011645536981063
0.2,-1.446014169896045,0.003824952589151853,0.0036820953108801287
0.2,-1.436014169896045,0.003805001869387981,0.0036631777498662287
0.2,-1.426014169896045,0.00378508098258168,0.0036442725774757886
0.2,-1.416014169896045,0.0037650625706502246,0.003625256525483209
0.2,-1.4060141698960449,0.003744835076040422,0.003606021636937058
0.2,-1.3960141698960449,0.003724302008088637,0.003586474556377226
0.2,-1.3860141698960449,0.003703381214795158,0.0035665358252043333
0.2,-1.3760141698960449,0.0036820041612743892,0.0035461391834368783
0.2,-1.3660141698960448,0.003660115215958225,0.0035252308789135256
0.2,-1.3560141698960448,0.0036376709456656916,0.0035037689850308594
0.2,-1.3460141698960448,0.0036146394204469444,0.0034817227279085824
0.2,-1.3360141698960448,0.0035909995291224174,0.0034590718238847983
0.2,-1.3260141698960448,0.0035667403063015675,0.0034358058281114268
0.2,-1.3160141698960448,0.003541860271594239,0.003411923494949569
0.2,-1.3060141698960448,0.0035163667816703937,0.003387432150807825
0.2,-1.2960141698960448,0.0034902753957110786,0.0033623470799564715
0.2,-1.2860141698960448,0.0034636092547680334,0.003336690923824079
0.2,-1.2760141698960448,0.0034363984754184726,0.0033104930941556887
0.2,-1.2660141698960448,0.0034086795580952653,0.0032837892004037527
0.2,-1.2560141698960448,0.0033804948103616523,0.0032566204916145832
0.2,-1.2460141698960447,0.0033518917853680116,0.00322903331304083
0.2,-1.2360141698960447,0.0033229227356517538,0.0032010785776353857
0.2,-1.2260141698960447,0.003293644082409414,0.0031728112525496142
0.2,-1.2160141698960447,0.0032641159003010166,0.00314428986069089
0.2,-1.2060141698960447,0.003234401417816203,0.003115575997363429
0.2,-1.1960141698960447,0.0032045665332014455,0.0030867338619859196
0.2,-1.1860141698960447,0.0031746793458721553,0.003057829804805472
0.2,-1.1760141698960447,0.003144809703268448,0.0030289318885596116
0.2,-1.1660141698960447,0.003115028763024561,0.003000109464951599
0.2,-1.1560141698960447,0.0030854085703435714,0.0029714327658239624
0.2,-1.1460141698960447,0.003056021650432347,0.0029429725088789024
0.2,-1.1360141698960446,0.003026940615856343,0.002914799517797846
0.2,-1.1260141698960446,0.0029982377886451097,0.0028869843565840726
0.2,-1.1160141698960446,0.002969984837003856,0.002859596977975265
0.2,-1.1060141698960446,0.002942252426463664,0.002832706385750541
0.2,-1.0960141698960446,0.002915109885338853,0.00280638031079075
0.2,-1.0860141698960446,0.002888624884329751,0.002780684900721617
0.2,-1.0760141698960446,0.002862863130167735,0.002755684423025677
0.2,-1.0660141698960446,0.00283788807318448,0.0027314409814947994
0.2,-1.0560141698960446,0.0028137606287294246,0.0027080142459358922
0.2,-1.0460141698960446,0.002790538912367681,0.0026854611950508198
0.2,-1.0360141698960446,0.0027682779888317023,0.0026638358724517274
0.2,-1.0260141698960445,0.0027470296347270893,0.0026431891557998455
0.2,-1.0160141698960445,0.0027268421150140956,0.0026235685390772544
0.2,-1.0060141698960445,0.0027077599733345732,0.002605017928048525
0.2,-0.9960141698960445,0.0026898238362902623,0.0025875774490052806
0.2,-0.9860141698960445,0.002673070231797858,0.002571283270906974
0.2,-0.9760141698960445,0.002657531421705151,0.0025561674410893784
0.2,-0.9660141698960445,0.002643235248885741,0.002542257734745945
0.2,-0.9560141698960445,0.0026302049990519975,0.0025295775184104486
0.2,-0.9460141698960445,0.0026184592775949727,0.0025181456277376313
0.2,-0.9360141698960445,0.002608011901770128,0.0025079762598905118
0.2,-0.9260141698960445,0.0025988718086019,0.0024990788808972654
0.2,-0.9160141698960445,0.002591042978912287,0.0024914581483738373
0.2,-0.9060141698960444,0.0025845243779075463,0.0024851138500386226
0.2,-0.8960141698960444,0.0025793099127983258,0.0024800408584876267
0.2,-0.8860141698960444,0.00257538840795355,0.002476229102725078
0.2,-0.8760141698960444,0.002572743598123883,0.0024736635569811228
0.2,-0.8660141698960444,0.0025713541402710913,0.0024723242473513097
0.2,-0.8560141698960444,0.002571193644609642,0.002472186276862409
0.2,-0.8460141698960444,0.00257223072541985,0.0024732198695265593
0.2,-0.8360141698960444,0.0025744290722747158,0.0024753904340278155
0.2,-0.8260141698960444,0.0025777475422702986,0.0024786586476375303
0.2,-0.8160141698960444,0.002582140273908548,0.002482980561014152
0.2,-0.8060141698960444,0.0025875568232371204,0.002488307724502832
0.2,-0.7960141698960443,0.0025939423228906328,0.002494587336590861
0.2,-0.7860141698960443,0.0026012376646247387,0.0025017624151262297
0.2,-0.7760141698960443,0.0026093797059652487,0.0025097719919382655
0.2,-0.7660141698960443,0.0026183015015392823,0.0025185513314482577
0.2,-0.7560141698960443,0.0026279325596567935,0.0025280321738610566
0.2,-0.7460141698960443,0.002638199124667175,0.0025381430034883577
0.2,-0.7360141698960443,0.0026490244855844614,0.002548809342725917
0.2,-0.7260141698960443,0.002660329311442298,0.0025599540721771064
0.2,-0.7160141698960443,0.002672032013782113,0.002571497777360854
0.2,-0.7060141698960443,0.0026840491366316825,0.002583359122398434
0.2,-0.6960141698960443,0.0026962957742872593,0.0025954552510318862
0.2,-0.6860141698960442,0.002708686017121698,0.0026077022152400887
0.2,-0.6760141698960442,0.002721133425610276,0.0026200154316891044
0.2,-0.6660141698960442,0.002733551532666744,0.0026323101661580137
0.2,-0.6560141698960442,0.002745854374321613,0.002644502046022943
0.2,-0.6460141698960442,0.0027579570486744574,0.0026565076007850053
0.2,-0.6360141698960442,0.0027697763030032642,0.0026682448305801287
0.2,-0.6260141698960442,0.0027812311487808,0.0026796338024796637
0.2,-0.6160141698960442,0.0027922435042820773,0.0026905972743258744
0.2,-0.6060141698960442,0.002802738864364071,0.0027010613457456854
0.2,-0.5960141698960442,0.002812646996899125,0.0027109561358882317
0.2,-0.5860141698960442,0.002821902665232402,0.002720216487322595
0.2,-0.5760141698960441,0.0028304463759448546,0.002728782695444103
0.2,-0.5660141698960441,0.0028382251510743607,0.0027366012626108115
0.2,-0.5560141698960441,0.0028451933238596238,0.0027436256761439993
0.2,-0.5460141698960441,0.002851313356945611,0.002749817209202092
0.2,-0.5360141698960441,0.0028565566818861813,0.0027551457434346104
0.2,-0.5260141698960441,0.002860904558655926,0.002759590612199929
0.2,-0.5160141698960441,0.002864348953794202,0.00276314146304081
0.2,-0.5060141698960441,0.0028668934356686814,0.0027657991379768277
0.2,-0.4960141698960441,0.0028685540852426924,0.00276757657006911
0.2,-0.48601416989604407,0.002869360420631344,0.002768499694612423
0.2,-0.47601416989604406,0.0028693563336152205,0.0027686083731929046
0.2,-0.46601416989604405,0.0028686010361711834,0.0027679573287394633
0.2,-0.45601416989604404,0.0028671700149878925,0.002766617089603045
0.2,-0.44601416989604403,0.002865155991835661,0.002764674940598226
0.2,-0.436014169896044,0.0028626698875476343,0.0027622358788276457
0.2,-0.426014169896044,0.0028598417873063942,0.0027594235720435024
0.2,-0.416014169896044,0.002856821904814529,0.0027563813171834184
0.2,-0.406014169896044,0.002853781542875731,0.0027532729966620196
0.2,-0.396014169896044,0.002850914047810276,0.0027502840298949138
0.2,-0.386014169896044,0.002848435755086273,0.0027476223174848612
0.2,-0.37601416989604397,0.002846586923456213,0.002745519175405704
0.2,-0.36601416989604396,0.0028456326548598225,0.002744230256486162
0.2,-0.35601416989604395,0.002845863797291257,0.0027440364564291996
0.2,-0.34601416989604394,0.002847597827784859,0.0027452448015547045
0.2,-0.33601416989604393,0.0028511797126406606,0.0027481893154157077
0.2,-0.3260141698960439,0.0028569827420044467,0.0027532318614266415
0.2,-0.3160141698960439,0.0028654093358622184,0.002760762958583847
0.2,-0.3060141698960439,0.002876891818537567,0.0027712025673807972
0.2,-0.2960141698960439,0.002891893158757637,0.0027850008429934547
0.2,-0.2860141698960439,0.0029109076723725508,0.002802638852824799
0.2,-0.2760141698960439,0.0029344616848214528,0.0028246292555008877
0.2,-0.2660141698960439,0.0029631141504785647,0.0028515169384451156
0.2,-0.25601416989604386,0.002997457226040012,0.0028838796111796228
0.2,-0.24601416989604385,0.00303811679515448,0.002922328351539676
0.2,-0.23601416989604385,0.0030857529415738234,0.002967508102053671
0.2,-0.22601416989604384,0.0031410603681406592,0.0030200981137776493
0.2,-0.21601416989604383,0.003204768759019465,0.0030808123349565617
0.2,-0.20601416989604382,0.003277643082665552,0.0031503997419665805
0.2,-0.1960141698960438,0.003360483833087401,0.003229644610049682
0.2,-0.1860141698960438,0.0034541272071109703,0.003319366721497303
0.2,-0.1760141698960438,0.003559445215410068,0.003420421508992213
0.2,-0.16601416989604378,0.0036773457252263636,0.003533700131970363
0.2,-0.15601416989604378,0.003808772432806798,0.003660129483964454
0.2,-0.14601416989604377,0.003954704763727122,0.0038006721290267365
0.2,-0.13601416989604376,0.004116157699423334,0.003956326165476405
0.2,-0.12601416989604375,0.004294181528378565,0.004128125015339066
0.2,-0.11601416989604374,0.004489861520606958,0.0043171371380339
0.2,-0.10601416989604373,0.0047043175241954106,0.0045244656669810365
0.2,-0.09601416989604372,0.00493870348287148,0.004751247968003653
0.2,-0.08601416989604371,0.005194206873729584,0.004998655118559903
0.2,-0.0760141698960437,0.0054720480644175305,0.005267891307006707
0.2,-0.0660141698960437,0.0057734795892895345,0.005560193151297703
0.2,-0.056014169896043686,0.006099785344209399,0.005876828936692746
0.2,-0.04601416989604368,0.006452279699888302,0.0062190977722544
0.2,-0.03601416989604367,0.006832306533841143,0.006588328666103926
0.2,-0.02601416989604366,0.007241238181234879,0.006985879519597375
0.2,-0.01601416989604365,0.007680474305122903,0.007413136040800588
0.2,-0.006014169896043642,0.008151440686738062,0.007871510577820295
0.2,0.003985830103956367,0.00865558793675362,0.008362440872783025
0.2,0.013985830103956154,0.009194390128600545,0.00888738873743307
0.2,0.023985830103956385,0.009769343355142193,0.009447838651533012
0.2,0.033985830103956616,0.010381964210217042,0.010045296285459812
0.2,0.0439858301039564,0.011033788196771211,0.01068128694860075
0.2,0.05398583010395619,0.01172636806346477,0.011357353965318211
0.2,0.06398583010395642,0.012461272071889294,0.01207505698050479
0.2,0.07398583010395665,0.013240082196680096,0.012835970196899743
0.2,0.08398583010395644,0.01406439226103736,0.013641680546568934
0.2,0.09398583010395622,0.014935806010315225,0.014493785799099292
0.2,0.10398583010395646,0.01585593512656,0.015393892609281892
0.2,0.11398583010395669,0.016826397187030377,0.016343614507213465
0.2,0.12398583010395647,0.017848813569909097,0.01734456983392576
0.2,0.13398583010395626,0.018924807310572198,0.018398379625812745
0.2,0.1439858301039565,0.02005600091195784,0.01950666545130467
0.2,0.15398583010395672,0.02124401411269095,0.020671047203357842
0.2,0.1639858301039565,0.0224904616168052,0.021893140851517
0.2,0.1739858301039563,0.023796950788984386,0.023174556157394475
0.2,0.18398583010395653,0.02516507931941701,0.024516894357585313
0.2,0.19398583010395676,0.026596432862430595,0.025921745818116973
0.2,0.20398583010395654,0.028092582653207864,0.0273906876646722
0.2,0.21398583010395633,0.029655083106953403,0.028925281392896948
0.2,0.22398583010395656,0.03128546940498382,0.030527070463214585
0.2,0.2339858301039568,0.0329852550722807,0.03219757788464033
0.2,0.24398583010395658,0.03475592955109049,0.03393830379214158
0.2,0.25398583010395637,0.036598955775237835,0.035750723022177265
0.2,0.2639858301039566,0.038515767749830454,0.037636282691068564
0.2,0.27398583010395683,0.04050776814107092,0.039596399780896685
0.2,0.2839858301039566,0.04257632588091684,0.04163245873765596
0.2,0.2939858301039564,0.04472277379130973,0.043745809086377
0.2,0.30398583010395663,0.0469484062327225,0.045937763067969324
0.2,0.31398583010395686,0.04925447678171724,0.04820959330248357
0.2,0.32398583010395665,0.051642195942210416,0.050562530483503454
0.2,0.33398583010395644,0.0541127288950643,0.052997761108307985
0.2,0.34398583010395667,0.056667193290618784,0.055516425248444495
0.2,0.3539858301039569,0.05930665708865139,0.058119614365235606
0.2,0.3639858301039567,0.062032136450229966,0.060808369174724354
0.2,0.3739858301039565,0.06484459368581526,0.06358367756646213
0.2,0.3839858301039567,0.06774493526385961,0.06644647258043918
0.2,0.39398583010395694,0.0707340098840718,0.0693976304463868
0.2,0.4039858301039567,0.07381260661936197,0.07243796868953155
0.2,0.4139858301039565,0.07698145313038102,0.07556824430678674
0.2,0.42398583010395674,0.08024121395642832,0.0787891520172322
0.2,0.43398583010395697,0.08359248888633156,0.08210132259056895
0.2,0.44398583010395676,0.08703581141276653,0.08550532125710454
0.2,0.45398583010395654,0.09057164727332746,0.08900164620267194
0.2,0.4639858301039568,0.09420039308146382,0.09259072715169583
0.2,0.473985830103957,0.09792237505022433,0.09627292404144938
0.2,0.4839858301039568,0.10173784781159081,0.10004852579038953
0.2,0.4939858301039566,0.10564699333395047,0.1039177491632304
0.2,0.5039858301039568,0.10964991994007771,0.10788073773523951
0.2,0.513985830103957,0.11374666142779524,0.1119375609580436
0.2,0.5239858301039568,0.11793717629526278,0.11608821332901265
0.2,0.5339858301039566,0.12222134707264211,0.12033261366609366
0.2,0.5439858301039568,0.12659897976165038,0.1246706044897316
0.2,0.5539858301039571,0.13106980338430732,0.12910195151331033
0.2,0.5639858301039569,0.13563346964196826,0.13362634324333422
0.2,0.5739858301039567,0.14028955268546864,0.1382433906903073
0.2,0.5839858301039569,0.14503754899703936,0.14295262719109966
0.2,0.5939858301039571,0.1498768773843687,0.14775350834330997
0.2,0.6039858301039569,0.15480687908698482,0.15264541205193016
0.2,0.6139858301039567,0.15982681799492407,0.15762763868840962
0.2,0.6239858301039569,0.16493588097936476,0.16269941136193197
0.2,0.6339858301039571,0.17013317833475347,0.16785987630256122
0.2,0.6439858301039569,0.17541774433166782,0.17310810335563354
0.2,0.6539858301039567,0.18078853787948249,0.1784430865865889
0.2,0.663985830103957,0.18624444329765497,0.1838637449951879
0.2,0.6739858301039572,0.19178427119424946,0.18936892333785682
0.2,0.683985830103957,0.1974067594501168,0.19495739305670223
0.2,0.6939858301039568,0.20311057430691642,0.20062785331350183
0.2,0.703985830103957,0.20889431155699542,0.2063789321268039
0.2,0.7139858301039572,0.21475649783292536,0.2122091876100506
0.2,0.723985830103957,0.22069559199431993,0.21811710930845926
0.2,0.7339858301039568,0.22670998660936745,0.22410111963220258
0.2,0.743985830103957,0.23279800952834737,0.23015957538325985
0.2,0.7539858301039573,0.23895792554621745,0.23629076937312504
0.2,0.763985830103957,0.24518793815121742,0.2424929321284117
0.2,0.7739858301039568,0.2514861913562638,0.24876423368121867
0.2,0.7839858301039571,0.25785077160978254,0.25510278544098774
0.2,0.7939858301039573,0.26427970978247434,0.2615066421444281
0.2,0.8039858301039571,0.27077098322640586,0.26797380387997366
0.2,0.8139858301039569,0.2773225179026714,0.27450221818308695
0.2,0.8239858301039571,0.28393219057379004,0.28108978219863734
0.2,0.8339858301039573,0.29059783105688114,0.28773434490645244
0.2,0.8439858301039571,0.29731722453359577,0.2944337094060719
0.2,0.8539858301039569,0.30408811391267443,0.3011856352566184
0.2,0.8639858301039571,0.31090820224096133,0.3079878408676535
0.2,0.8739858301039574,0.31777515515861376,0.3148380059367912
0.2,0.8839858301039571,0.3246866033942271,0.3217337739298122
0.2,0.8939858301039569,0.33164014529553126,0.32867275459895734
0.2,0.9039858301039572,0.33863334939130046,0.33565252653505184
0.2,0.9139858301039574,0.3456637569800755,0.3426706397490674
0.2,0.9239858301039572,0.3527288847413175,0.34972461827874
0.2,0.933985830103957,0.3598262273645971,0.35681196281584066
0.2,0.9439858301039572,0.3669532601924054,0.36393015334967194
0.2,0.9539858301039574,0.3741074418722463,0.37107665182242927
0.2,0.9639858301039572,0.3812862170136438,0.3782489047920348
0.2,0.973985830103957,0.3884870188457645,0.38544434609811173
0.2,0.9839858301039572,0.39570727187139076,0.3926603995267933
0.2,0.9939858301039575,0.40294439451303404,0.3998944814701128
0.2,1.0039858301039573,0.4101958017470417,0.40714400357577496
0.2,1.013985830103957,0.41745890772161814,0.4144063753831733
0.2,1.0239858301039573,0.42473112835476395,0.4216790069415922
0.2,1.0339858301039575,0.43200988390820877,0.42895931140660176
0.2,1.0439858301039573,0.4392926015335349,0.43624470761076684
0.2,1.053985830103957,0.4465767177867508,0.4435326226048508
0.2,1.0639858301039573,0.45385968110770725,0.45082049416582026
0.2,1.0739858301039575,0.46113895426085655,0.4581057732680618
0.2,1.0839858301039573,0.46841201673395577,0.4653859265143173
0.2,1.0939858301039571,0.475676367091477,0.4726584385230008
0.2,1.1039858301039573,0.4829295252795557,0.47992081426862554
0.2,1.1139858301039576,0.4901690348795187,0.4871705813722732
0.2,1.1239858301039574,0.49739246530708997,0.4944052923390956
0.2,1.1339858301039571,0.5045974139545897,0.5016225267400456
0.2,1.1439858301039574,0.5117815082735229,0.5088198933351193
0.2,1.1539858301039576,0.5189424077951474,0.5159950321355762
0.2,1.1639858301039574,0.5260778060867375,0.5231456164027306
0.2,1.1739858301039572,0.5331854326414251,0.5302693545810723
0.2,1.1839858301039574,0.5402630546996452,0.5373639921636125
0.2,1.1939858301039576,0.547308479000374,0.5444273134875192
0.2,1.2039858301039574,0.5543195534605109,0.5514571434582548
0.2,1.2139858301039572,0.5612941687809048,0.558451349200596
0.2,1.2239858301039575,0.568230259977687,0.5654078416350545
0.2,1.2339858301039577,0.5751258078377282,0.5723245769783937
0.2,1.2439858301039575,0.5819788402972091,0.5791995581670909
0.2,1.2539858301039573,0.5887874337424317,0.5860308362027463
0.2,1.2639858301039575,0.5955497142321643,0.5928165114185979
0.2,1.2739858301039577,0.6022638586409716,0.599554734666463
0.2,1.2839858301039575,0.6089280957231249,0.6062437084235756
0.2,1.2939858301039573,0.6155407070968424,0.6128816878189421
0.2,1.3039858301039575,0.6221000281487647,0.6194669815789953
0.2,1.3139858301039578,0.6286044488586932,0.6259979528924523
0.2,1.3239858301039575,0.6350524145447926,0.6324730201944635
0.2,1.3339858301039573,0.6414424265295745,0.6388906578702455
0.2,1.3439858301039576,0.6477730427271174,0.64524939687855
0.2,1.3539858301039578,0.6540428781521208,0.6515478252954517
0.2,1.3639858301039576,0.6602506053515059,0.657784588779069
0.2,1.3739858301039574,0.6663949547594094,0.663958390955959
0.2,1.3839858301039576,0.6724747149765226,0.6700679937300514
0.2,1.3939858301039578,0.6784887329748547,0.6761122175151038
0.2,1.4039858301039576,0.6844359142291025,0.6820899413917816
0.2,1.4139858301039574,0.6903152227759116,0.6880001031905678
0.2,1.4239858301039576,0.6961256812024161,0.693841699501818
0.2,1.4339858301039579,0.701866370565536,0.6996137856143704
0.2,1.4439858301039576,0.7075364302436029,0.7053154753842283
0.2,1.4539858301039574,0.7131350577219665,0.7109459410349086
0.2,1.4639858301039577,0.718661508314307,0.7165044128911379
0.2,1.473985830103958,0.7241150948214616,0.7219901790476656
0.2,1.4839858301039577,0.7294951871296328,0.727402584975029
0.2,1.4939858301039575,0.7348012117499084,0.7327410330641763
0.2,1.5039858301039577,0.7400326513010786,0.7380049821119157
0.2,1.513985830103958,0.74518904393779,0.7431939467492215
0.2,1.5239858301039577,0.7502699827261176,0.748307496814476
0.2,1.5339858301039575,0.7552751149686755,0.7533452566737743
0.2,1.5439858301039577,0.7602041414814201,0.7583069044904598
0.2,1.553985830103958,0.7650568158243317,0.763192171446099
0.2,1.5639858301039578,0.7698329434881812,0.7680008409151292
0.2,1.5739858301039575,0.7745323810396078,0.7727327475954466
0.2,1.5839858301039578,0.7791550352267433,0.7773877765972123
0.2,1.593985830103958,0.7837008620476341,0.7819658624921805
0.2,1.6039858301039578,0.7881698657837061,0.7864669883258595
0.2,1.6139858301039576,0.7925620980005267,0.7908911845948209
0.2,1.6239858301039578,0.7968776565180997,0.7952385281914744
0.2,1.633985830103958,0.8011166843529315,0.7995091413186266
0.2,1.6439858301039578,0.8052793686340809,0.8037031903761277
0.2,1.6539858301039576,0.8093659394953969,0.8078208848219071
0.2,1.6639858301039578,0.8133766689461142,0.811862476009671
0.2,1.673985830103958,0.8173118697219581,0.8158282560055262
0.2,1.6839858301039579,0.8211718941188823,0.8197185563857656
0.2,1.6939858301039576,0.824957132811518,0.8235337470180226
0.2,1.7039858301039579,0.8286680136583892,0.827274234827971
0.2,1.713985830103958,0.8323050004958998,0.8309404625537146
0.2,1.723985830103958,0.8358685919230605,0.8345329074899693
0.2,1.7339858301039577,0.8393593200788777,0.8380520802241057
0.2,1.743985830103958,0.8427777494142761,0.8414985233660688
0.2,1.7539858301039581,0.8461244754603787,0.844872810274151
0.2,1.763985830103958,0.8494001235949168,0.8481755437785455
0.2,1.7739858301039577,0.852605347808488,0.8514073549045561
0.2,1.783985830103958,0.8557408294723201,0.8545689015972802
0.2,1.7939858301039582,0.8588072761091515,0.8576608674495381
0.2,1.803985830103958,0.8618054201687687,0.8606839604347567
0.2,1.8139858301039578,0.8647360178096923,0.8636389116464585
0.2,1.823985830103958,0.8675998476884341,0.8665264740459502
0.2,1.8339858301039582,0.870397709757693,0.8693474212197408
0.2,1.843985830103958,0.8731304240747917,0.8721025461481602
0.2,1.8539858301039578,0.8757988296215952,0.8747926599865832
0.2,1.863985830103958,0.8784037831370906,0.8774185908606029
0.2,1.8739858301039582,0.880946157963743,0.8799811826764325
0.2,1.883985830103958,0.8834268429086821,0.8824812939477474
0.2,1.8939858301039578,0.8858467411207118,0.8849197966401211
0.2,1.903985830103958,0.8882067689840699,0.8872975750341341
0.2,1.9139858301039583,0.8905078550298091,0.8896155246081796
0.2,1.923985830103958,0.8927509388656041,0.8918745509419165
0.2,1.9339858301039579,0.8949369701247359,0.8940755686412643
0.2,1.943985830103958,0.8970669074349399,0.8962195002857617
0.2,1.9539858301039583,0.8991417174077468,0.8983072753990539
0.2,1.963985830103958,0.9011623736488963,0.9003398294432075
0.2,1.973985830103958,0.9031298557903338,0.9023181028374907
0.2,1.9839858301039581,0.9050451485442605,0.9042430400021957
0.2,1.9939858301039584,0.9069092407796434,0.9061155884280184
0.30000000000000004,-1.9960141698960454,0.018480280585482976,0.01698161223953122
0.30000000000000004,-1.9860141698960454,0.017557994482709265,0.01613071736430131
0.30000000000000004,-1.9760141698960454,0.01668141080128746,0.01532199495544172
0.30000000000000004,-1.9660141698960454,0.015849032470373673,0.014554070444349962
0.30000000000000004,-1.9560141698960454,0.015059373541947037,0.013825578884678991
0.30000000000000004,-1.9460141698960454,0.01431096078651907,0.013135166443059424
0.30000000000000004,-1.9360141698960454,0.0136023352289164,0.012481491835486143
0.30000000000000004,-1.9260141698960453,0.012932053622415753,0.011863227707695006
0.30000000000000004,-1.9160141698960453,0.012298689859696206,0.01127906195802556
0.30000000000000004,-1.9060141698960453,0.011700836319230617,0.010727699001410455
0.30000000000000004,-1.8960141698960453,0.01113710514591885,0.01020786097329841
0.30000000000000004,-1.8860141698960453,0.010606129464951061,0.009718288872488904
0.30000000000000004,-1.8760141698960453,0.010106564528053133,0.009257743642008539
0.30000000000000004,-1.8660141698960453,0.009637088791455866,0.00882500718733435
0.30000000000000004,-1.8560141698960453,0.009196404925084146,0.008418883331413298
0.30000000000000004,-1.8460141698960453,0.008783240752667384,0.008038198706117413
0.30000000000000004,-1.8360141698960453,0.008396350122592648,0.007681803579887108
0.30000000000000004,-1.8260141698960453,0.008034513709550673,0.007348572621527492
0.30000000000000004,-1.8160141698960452,0.007696539747134732,0.007037405600226668
0.30000000000000004,-1.8060141698960452,0.007381264691743257,0.006747228022043362
0.30000000000000004,-1.7960141698960452,0.0070875538182889174,0.006476991703254052
0.30000000000000004,-1.7860141698960452,0.0068143017483574455,0.006225675281082629
0.30000000000000004,-1.7760141698960452,0.006560432911623545,0.005992284662490003
0.30000000000000004,-1.7660141698960452,0.0063249019414517065,0.005775853411815923
0.30000000000000004,-1.7560141698960452,0.006106694005760146,0.005575443078207464
0.30000000000000004,-1.7460141698960452,0.005904825074364889,0.005390143463900425
0.30000000000000004,-1.7360141698960452,0.005718342124102143,0.005219072834499135
0.30000000000000004,-1.7260141698960452,0.005546323283204749,0.0050613780725674625
0.30000000000000004,-1.7160141698960452,0.005387877916456173,0.004916234775892695
0.30000000000000004,-1.7060141698960452,0.005242146652800729,0.004782847301930888
0.30000000000000004,-1.6960141698960451,0.005108301357141409,0.00466044875999571
0.30000000000000004,-1.6860141698960451,0.004985545048177944,0.0045483009528686875
0.30000000000000004,-1.6760141698960451,0.004873111764184128,0.004445694269556459
0.30000000000000004,-1.6660141698960451,0.004770266378730699,0.004351947531023573
0.30000000000000004,-1.656014169896045,0.00467630436840231,0.004266407790773033
0.30000000000000004,-1.646014169896045,0.004590551534601446,0.004188450092192341
0.30000000000000004,-1.636014169896045,0.00451236368162428,0.0041174771846714
0.30000000000000004,-1.626014169896045,0.004441126253180862,0.004052919200492173
0.30000000000000004,-1.616014169896045,0.0043762539296075915,0.003994233294563134
0.30000000000000004,-1.606014169896045,0.004317190188015203,0.003940903249071764
0.30000000000000004,-1.596014169896045,0.004263406827651859,0.003892439045165501
0.30000000000000004,-1.586014169896045,0.0042144034627533515,0.0038483764037685417
0.30000000000000004,-1.576014169896045,0.004169706985177126,0.0038082762976680558
0.30000000000000004,-1.566014169896045,0.004128870999082892,0.0037717244369757817
0.30000000000000004,-1.556014169896045,0.004091475229933302,0.003738330730083815
0.30000000000000004,-1.546014169896045,0.004057124910067814,0.00370772872221764
0.30000000000000004,-1.536014169896045,0.004025450143044647,0.003679575013638927
0.30000000000000004,-1.526014169896045,0.003996105248975797,0.0036535486595801357
0.30000000000000004,-1.516014169896045,0.003968768092971956,0.0036293505538963684
0.30000000000000004,-1.506014169896045,0.003943139398824177,0.00360670279843053
0.30000000000000004,-1.496014169896045,0.003918942049973409,0.0035853480600200535
0.30000000000000004,-1.486014169896045,0.0038959203797675123,0.0035650489170275
0.30000000000000004,-1.476014169896045,0.0038738394529616166,0.003545587197237908
0.30000000000000004,-1.466014169896045,0.0038524843403273264,0.0035267633088837667
0.30000000000000004,-1.456014169896045,0.003831659388201092,0.00350839556652633
0.30000000000000004,-1.446014169896045,0.0038111874847109144,0.0034903195134384554
0.30000000000000004,-1.436014169896045,0.003790909324340605,0.0034723872420606957
0.30000000000000004,-1.426014169896045,0.0037706826724516556,0.003454466714065591
0.30000000000000004,-1.416014169896045,0.0037503816312553055,0.0034364410814476253
0.30000000000000004,-1.4060141698960449,0.003729895908681798,0.0034182080100132527
0.30000000000000004,-1.3960141698960449,0.0037091300915087382,0.003399679006565912
0.30000000000000004,-1.3860141698960449,0.0036880029239963986,0.0033807787509749407
0.30000000000000004,-1.3760141698960449,0.0036664465932609767,0.0033614444342995407
0.30000000000000004,-1.3660141698960448,0.0036444060224343467,0.0033416251039701124
0.30000000000000004,-1.3560141698960448,0.003621838172696191,0.003321281017060502
0.30000000000000004,-1.3460141698960448,0.003598711355061377,0.003300383002496677
0.30000000000000004,-1.3360141698960448,0.003575004552819951,0.003278911833057465
0.30000000000000004,-1.3260141698960448,0.0035507067553929147,0.0032568576078972895
0.30000000000000004,-1.3160141698960448,0.003525816304297531,0.0032342191462542786
0.30000000000000004,-1.3060141698960448,0.0035003402518608757,0.0032110033929532507
0.30000000000000004,-1.2960141698960448,0.003474293733209593,0.0031872248362087383
0.30000000000000004,-1.2860141698960448,0.003447699352040662,0.003162904938208242
0.30000000000000004,-1.2760141698960448,0.0034205865805493263,0.00313807157883508
0.30000000000000004,-1.2660141698960448,0.0033929911738862766,0.003112758512882724
0.30000000000000004,-1.2560141698960448,0.0033649545994073617,0.003087004841009657
0.30000000000000004,-1.2460141698960447,0.0033365234809496743,0.0030608544946532867
0.30000000000000004,-1.2360141698960447,0.003307749058293614,0.003034355735050209
0.30000000000000004,-1.2260141698960447,0.003278686661940609,0.0030075606664793217
0.30000000000000004,-1.2160141698960447,0.003249395203269257,0.0029805247637799057
0.30000000000000004,-1.2060141698960447,0.0032199366801039997,0.0029533064141674167
0.30000000000000004,-1.1960141698960447,0.0031903756977021505,0.0029259664733408196
0.30000000000000004,-1.1860141698960447,0.0031607790050913144,0.0028985678358051867
0.30000000000000004,-1.1760141698960447,0.0031312150467258195,0.0028711750193637984
0.30000000000000004,-1.1660141698960447,0.0031017535293435053,0.0028438537636520365
0.30000000000000004,-1.1560141698960447,0.0030724650039271758,0.0028166706426039642
0.30000000000000004,-1.1460141698960447,0.0030434204626395168,0.0027896926907081264
0.30000000000000004,-1.1360141698960446,0.0030146909506059295,0.0027629870429125413
0.30000000000000004,-1.1260141698960446,0.00298634719239185,0.002736620588011985
0.30000000000000004,-1.1160141698960446,0.0029584592330462,0.0027106596353723865
0.30000000000000004,-1.1060141698960446,0.0029310960935603706,0.0026851695948260333
0.30000000000000004,-1.0960141698960446,0.002904325440628226,0.002660214669603732
0.30000000000000004,-1.0860141698960446,0.002878213270562493,0.002635857562142366
0.30000000000000004,-1.0760141698960446,0.0028528236072812743,0.0026121591926597564
0.30000000000000004,-1.0660141698960446,0.002828218214263194,0.002589178430375278
0.30000000000000004,-1.0560141698960446,0.0028044563204111094,0.0025669718372933977
0.30000000000000004,-1.0460141698960446,0.0027815943597718088,0.0025455934244752562
0.30000000000000004,-1.0360141698960446,0.002759685725099142,0.002525094420761533
0.30000000000000004,-1.0260141698960445,0.002738780535273923,0.00250552305393527
0.30000000000000004,-1.0160141698960445,0.00271892541661369,0.0024869243443336473
0.30000000000000004,-1.0060141698960445,0.002700163298151977,0.0024693399109626643
0.30000000000000004,-0.9960141698960445,0.002682533221001103,0.0024528077902029218
0.30000000000000004,-0.9860141698960445,0.002666070161930022,0.0024373622672139027
0.30000000000000004,-0.9760141698960445,0.002650804871345456,0.0024230337201993067
0.30000000000000004,-0.9660141698960445,0.0026367637258954114,0.002409848477727927
0.30000000000000004,-0.9560141698960445,0.002623968595933841,0.002397828689326571
0.30000000000000004,-0.9460141698960445,0.0026124367281516033,0.002386992209626296
0.30000000000000004,-0.9360141698960445,0.0026021806436862713,0.0023773524963545474
0.30000000000000004,-0.9260141698960445,0.002593208052074569,0.002368918522517199
0.30000000000000004,-0.9160141698960445,0.0025855217814404353,0.0023616947031460333
0.30000000000000004,-0.9060141698960444,0.002579119725337466,0.0023556808370157776
0.30000000000000004,-0.8960141698960444,0.0025739948067026513,0.002350872063774729
0.30000000000000004,-0.8860141698960444,0.0025701349594000173,0.002347258836958147
0.30000000000000004,-0.8760141698960444,0.0025675231278651364,0.0023448269133883558
0.30000000000000004,-0.8660141698960444,0.0025661372853586343,0.0023435573594684286
0.30000000000000004,-0.8560141698960444,0.002565950471403644,0.002343426574942492
0.30000000000000004,-0.8460141698960444,0.0025669308489318548,0.0023444063346553844
0.30000000000000004,-0.8360141698960444,0.0025690417817424765,0.0023464638489222
0.30000000000000004,-0.8260141698960444,0.0025722419328230053,0.0023495618430730758
0.30000000000000004,-0.8160141698960444,0.002576485384136717,0.002353658656794665
0.30000000000000004,-0.8060141698960444,0.002581721778434482,0.0023587083638516426
0.30000000000000004,-0.7960141698960443,0.0025878964836856164,0.002364660912810087
0.30000000000000004,-0.7860141698960443,0.002594950780666737,0.002371462289338405
0.30000000000000004,-0.7760141698960443,0.002602822074275953,0.0023790547006914808
0.30000000000000004,-0.7660141698960443,0.0026114441290821426,0.0023873767829353273
0.30000000000000004,-0.7560141698960443,0.0026207473296183293,0.0023963638314724598
0.30000000000000004,-0.7460141698960443,0.002630658965882646,0.0024059480553900057
0.30000000000000004,-0.7360141698960443,0.0026411035444775396,0.0024160588561256088
0.30000000000000004,-0.7260141698960443,0.0026520031257841227,0.0024266231309178817
0.30000000000000004,-0.7160141698960443,0.0026632776875097387,0.0024375656014566423
0.30000000000000004,-0.7060141698960443,0.0026748455148997395,0.002448809168106849
0.30000000000000004,-0.6960141698960443,0.0026866236178599203,0.002460275290040642
0.30000000000000004,-0.6860141698960442,0.0026985281751451284,0.002471884391529667
0.30000000000000004,-0.6760141698960442,0.0027104750057389514,0.002483556294621963
0.30000000000000004,-0.6660141698960442,0.0027223800674506717,0.002495210678337284
0.30000000000000004,-0.6560141698960442,0.0027341599826959952,0.0025067675644592476
0.30000000000000004,-0.6460141698960442,0.0027457325913289696,0.002518147829910786
0.30000000000000004,-0.6360141698960442,0.0027570175303453146,0.00252927374565408
0.30000000000000004,-0.6260141698960442,0.0027679368401462294,0.002540069541933848
0.30000000000000004,-0.6160141698960442,0.0027784155969880855,0.0025504619996214017
0.30000000000000004,-0.6060141698960442,0.00278838257114322,0.002560381067321431
0.30000000000000004,-0.5960141698960442,0.0027977709102002127,0.002569760503810719
0.30000000000000004,-0.5860141698960442,0.002806518846824485,0.0025785385452745434
0.30000000000000004,-0.5760141698960441,0.002814570430214797,0.002586658596723056
0.30000000000000004,-0.5660141698960441,0.0028218762803666098,0.0025940699468498317
0.30000000000000004,-0.5560141698960441,0.002828394364169634,0.002600728505511499
0.30000000000000004,-0.5460141698960441,0.002834090792245918,0.0026065975628894833
0.30000000000000004,-0.5360141698960441,0.002838940635336829,0.002611648569297391
0.30000000000000004,-0.5260141698960441,0.0028429287589291385,0.0026158619344811827
0.30000000000000004,-0.5160141698960441,0.0028460506747271584,0.0026192278451741013
0.30000000000000004,-0.5060141698960441,0.002848313407448295,0.0026217470995405345
0.30000000000000004,-0.4960141698960441,0.0028497363753226595,0.0026234319570446773
0.30000000000000004,-0.48601416989604407,0.0028503522825847425,0.0026243070021846923
0.30000000000000004,-0.47601416989604406,0.0028502080221357528,0.0026244100204224404
0.30000000000000004,-0.46601416989604405,0.002849365586453033,0.0026237928845342824
0.30000000000000004,-0.45601416989604404,0.002847902984738302,0.002622522449519553
0.30000000000000004,-0.44601416989604403,0.002845915164205866,0.002620681454108735
0.30000000000000004,-0.436014169896044,0.002843514933306865,0.0026183694268053725
0.30000000000000004,-0.426014169896044,0.0028408338846304094,0.002615703594332903
0.30000000000000004,-0.416014169896044,0.002838023315114643,0.002612819790246782
0.30000000000000004,-0.406014169896044,0.00283525514115658,0.0026098733614192057
0.30000000000000004,-0.396014169896044,0.0028327228061147095,0.0026070400700045535
0.30000000000000004,-0.386014169896044,0.0028306421776637058,0.0026045169884491913
0.30000000000000004,-0.37601416989604397,0.0028292524323765365,0.00260252338501999
0.30000000000000004,-0.36601416989604396,0.0028288169248884263,0.002601301597294174
0.30000000000000004,-0.35601416989604395,0.0028296240389418504,0.002601117890990179
0.30000000000000004,-0.34601416989604394,0.0028319880175753597,0.0026022633014737306
0.30000000000000004,-0.33601416989604393,0.002836249769693394,0.002605054455237806
0.30000000000000004,-0.3260141698960439,0.002842777650254982,0.002609834368644004
0.30000000000000004,-0.3160141698960439,0.002851968211271182,0.0026169732211576043
0.30000000000000004,-0.3060141698960439,0.002864246920836464,0.0026268691003297137
0.30000000000000004,-0.2960141698960439,0.002880068847402779,0.002639948715754212
0.30000000000000004,-0.2860141698960439,0.0028999193065303167,0.002656668079240174
0.30000000000000004,-0.2760141698960439,0.0029243144673629317,0.00267751314844355
0.30000000000000004,-0.2660141698960439,0.00295380191612185,0.0027030004312344324
0.30000000000000004,-0.25601416989604386,0.002988961173943505,0.0027336775480973504
0.30000000000000004,-0.24601416989604385,0.00303040416643422,0.002770123749896984
0.30000000000000004,-0.23601416989604385,0.0030787756423915277,0.002812950388405042
0.30000000000000004,-0.22601416989604384,0.0031347535391864343,0.0028628013370183966
0.30000000000000004,-0.21601416989604383,0.0031990492923934795,0.002920353359177574
0.30000000000000004,-0.20601416989604382,0.0032724080873458576,0.0029863164220724878
0.30000000000000004,-0.1960141698960438,0.0033556090503559857,0.003061433953276261
0.30000000000000004,-0.1860141698960438,0.0034494653774964947,0.003146483038085985
0.30000000000000004,-0.1760141698960438,0.0035548243988929563,0.0032422745553988682
0.30000000000000004,-0.16601416989604378,0.003672567576639465,0.0033496532500969065
0.30000000000000004,-0.15601416989604378,0.003803610434552036,0.0034694977400079713
0.30000000000000004,-0.14601416989604377,0.00394890241811486,0.003602720455639927
0.30000000000000004,-0.13601416989604376,0.004109426683125952,0.0037502675110245086
0.30000000000000004,-0.12601416989604375,0.004286199811672335,0.003913118504123489
0.30000000000000004,-0.11601416989604374,0.004480271454256171,0.004092286245427967
0.30000000000000004,-0.10601416989604373,0.0046927238970090705,0.004288816413492441
0.30000000000000004,-0.09601416989604372,0.004924671553135323,0.0045037871363367964
0.30000000000000004,-0.08601416989604371,0.005177260377883882,0.004738308497801574
0.30000000000000004,-0.0760141698960437,0.005451667206513601,0.004993521968100107
0.30000000000000004,-0.0660141698960437,0.005749099014914499,0.0052705997580009475
0.30000000000000004,-0.056014169896043686,0.006070792102718814,0.0055707440962399985
0.30000000000000004,-0.04601416989604368,0.006418011198929359,0.005895186429949483
0.30000000000000004,-0.03601416989604367,0.006792048490284609,0.006245186548077679
0.30000000000000004,-0.02601416989604366,0.0071942225727611555,0.006622031627951678
0.30000000000000004,-0.01601416989604365,0.007625877326826192,0.007027035205342223
0.30000000000000004,-0.006014169896043642,0.008088380717221953,0.007461536068558821
0.30000000000000004,0.003985830103956367,0.008583123518291033,0.007926897077325575
0.30000000000000004,0.013985830103956154,0.009111517966020478,0.008424503907358431
0.30000000000000004,0.023985830103956385,0.009674996338184551,0.008955763721765667
0.30000000000000004,0.033985830103956616,0.01027500946416473,0.009522103770592113
0.30000000000000004,0.0439858301039564,0.010913025166225119,0.010124969920027793
0.30000000000000004,0.05398583010395619,0.01159052663417205,0.010765825112957886
0.30000000000000004,0.06398583010395642,0.012309010735568065,0.011446147762770165
0.30000000000000004,0.07398583010395665,0.013069986263804104,0.012167430082477882
0.30000000000000004,0.08398583010395644,0.013874972126551954,0.012931176351435135
0.30000000000000004,0.09398583010395622,0.014725495477251145,0.01373890112206287
0.30000000000000004,0.10398583010395646,0.015623089792493662,0.014592127369215125
0.30000000000000004,0.11398583010395669,0.016569292898308434,0.015492384584962764
0.30000000000000004,0.12398583010395647,0.01756564494851109,0.016441206821742126
0.30000000000000004,0.13398583010395626,0.018613686358427944,0.017440130686968328
0.30000000000000004,0.1439858301039565,0.01971495569746582,0.01849069329238255
0.30000000000000004,0.15398583010395672,0.020870987544100494,0.01959443016151629
0.30000000000000004,0.1639858301039565,0.022083310307028616,0.020752873098833825
0.30000000000000004,0.1739858301039563,0.02335344401629566,0.021967548024196846
0.30000000000000004,0.18398583010395653,0.024682898088371433,0.023239972776461077
0.30000000000000004,0.19398583010395676,0.026073169069204517,0.024571654890090045
0.30000000000000004,0.20398583010395654,0.027525738359410638,0.025964089348803853
0.30000000000000004,0.21398583010395633,0.029042069925803944,0.02741875632035023
0.30000000000000004,0.22398583010395656,0.030623608003573152,0.028937118876588824
0.30000000000000004,0.2339858301039568,0.03227177479345898,0.030520620703148645
0.30000000000000004,0.24398583010395658,0.03398796815832339,0.03217068380296754
0.30000000000000004,0.25398583010395637,0.03577355932357271,0.03388870619810553
0.30000000000000004,0.2639858301039566,0.0376298905858982,0.03567605963424207
0.30000000000000004,0.27398583010395683,0.03955827303482498,0.03753408729230832
0.30000000000000004,0.2839858301039566,0.04155998429157762,0.039464101511736384
0.30000000000000004,0.2939858301039564,0.04363626626974028,0.041467381529794865
0.30000000000000004,0.30398583010395663,0.04578832296221127,0.04354517124151259
0.30000000000000004,0.31398583010395686,0.048017318258886145,0.04569867698464588
0.30000000000000004,0.32398583010395665,0.05032437379950166,0.04792906535415432
0.30000000000000004,0.33398583010395644,0.05271056686598898,0.050237461050583604
0.30000000000000004,0.34398583010395667,0.0551769283186738,0.052624944766754674
0.30000000000000004,0.3539858301039569,0.05772444058053023,0.055092551117046244
0.30000000000000004,0.3639858301039567,0.06035403567366736,0.05764126661354079
0.30000000000000004,0.3739858301039565,0.06306659331211732,0.06027202769320889
0.30000000000000004,0.3839858301039567,0.06586293905487912,0.06298571880020797
0.30000000000000004,0.39398583010395694,0.06874384252309523,0.06578317052730416
0.30000000000000004,0.4039858301039567,0.07171001568507955,0.06866515782028511
0.30000000000000004,0.4139858301039565,0.07476211121281637,0.0716323982491416
0.30000000000000004,0.42398583010395674,0.07790072091340855,0.07468555034966802
0.30000000000000004,0.43398583010395697,0.08112637423878488,0.07782521203897681
0.30000000000000004,0.44398583010395676,0.08443953687684194,0.08105191910829701
0.30000000000000004,0.45398583010395654,0.08784060942704072,0.08436614379628277
0.30000000000000004,0.4639858301039568,0.09132992616328756,0.08776829344587833
0.30000000000000004,0.473985830103957,0.09490775388675665,0.09125870924762389
0.30000000000000004,0.4839858301039568,0.09857429087115847,0.09483766507214007
0.30000000000000004,0.4939858301039566,0.10232966590272988,0.09850536639431215
0.30000000000000004,0.5039858301039568,0.1061739374170492,0.10226194931152911
0.30000000000000004,0.513985830103957,0.11010709273458633,0.10610747965814549
0.30000000000000004,0.5239858301039568,0.11412904739668205,0.11004195221812656
0.30000000000000004,0.5339858301039566,0.11823964460346068,0.11406529003765127
0.30000000000000004,0.5439858301039568,0.12243865475495058,0.11817734383922475
0.30000000000000004,0.5539858301039571,0.1267257750964908,0.12237789153865876
0.30000000000000004,0.5639858301039569,0.13110062946929735,0.12666663786607724
0.30000000000000004,0.5739858301039567,0.13556276816680712,0.1310432140918538
0.30000000000000004,0.5839858301039569,0.14011166789726104,0.13550717785822988
0.30000000000000004,0.5939858301039571,0.14474673185271691,0.1400580131170959
0.30000000000000004,0.6039858301039569,0.14946728988449037,0.14469513017422544
0.30000000000000004,0.6139858301039567,0.15427259878482735,0.14941786584005495
0.30000000000000004,0.6239858301039569,0.1591618426743374,0.15422548368683134
0.30000000000000004,0.6339858301039571,0.16413413349457726,0.15911717441180281
0.30000000000000004,0.6439858301039569,0.16918851160490436,0.16409205630586093
0.30000000000000004,0.6539858301039567,0.1743239464825558,0.1691491758268707
0.30000000000000004,0.663985830103957,0.17953933752467194,0.1742875082766885
0.30000000000000004,0.6739858301039572,0.18483351495079886,0.17950595858067675
0.30000000000000004,0.683985830103957,0.1902052408042182,0.18480336216833232
0.30000000000000004,0.6939858301039568,0.1956532100502339,0.1901784859534236
0.30000000000000004,0.703985830103957,0.20117605176939019,0.19563002941186616
0.30000000000000004,0.7139858301039572,0.20677233044339324,0.20115662575536045
0.30000000000000004,0.723985830103957,0.2124405473313473,0.20675684319864365
0.30000000000000004,0.7339858301039568,0.21817914193373975,0.21242918631802535
0.30000000000000004,0.743985830103957,0.22398649354146058,0.21817209749871505
0.30000000000000004,0.7539858301039573,0.22986092286697193,0.22398395846827476
0.30000000000000004,0.763985830103957,0.23580069375461768,0.22986309191339024
0.30000000000000004,0.7739858301039568,0.241804014966905,0.2358077631769885
0.30000000000000004,0.7839858301039571,0.24786904204347723,0.24181618203260294
0.30000000000000004,0.7939858301039573,0.25399387922935635,0.24788650453273914
0.30000000000000004,0.8039858301039571,0.26017658146894823,0.2540168349278917
0.30000000000000004,0.8139858301039569,0.26641515646216635,0.26020522765271786
0.30000000000000004,0.8239858301039571,0.2727075667789629,0.26644968937579167
0.30000000000000004,0.8339858301039573,0.27905173202844874,0.27274818110924137
0.30000000000000004,0.8439858301039571,0.28544553107872717,0.27909862037450567
0.30000000000000004,0.8539858301039569,0.2918868043234743,0.2854988834203362
0.30000000000000004,0.8639858301039571,0.2983733559912684,0.2919468074891299
0.30000000000000004,0.8739858301039574,0.30490295649359067,0.2984401931275833
0.30000000000000004,0.8839858301039571,0.3114733448074116,0.3049768065376344
0.30000000000000004,0.8939858301039569,0.318082230888224,0.3115543819635949
0.30000000000000004,0.9039858301039572,0.3247272981093787,0.3181706241113512
0.30000000000000004,0.9139858301039574,0.3314062057235451,0.3248232105954701
0.30000000000000004,0.9239858301039572,0.3381165913421482,0.3315097944100556
0.30000000000000004,0.933985830103957,0.3448560734286269,0.33822800641918227
0.30000000000000004,0.9439858301039572,0.3516222538013479,0.34497545786270983
0.30000000000000004,0.9539858301039574,0.3584127201420895,0.35174974287334443
0.30000000000000004,0.9639858301039572,0.36522504850599263,0.35854844100078304
0.30000000000000004,0.973985830103957,0.3720568058289466,0.36536911973883507
0.30000000000000004,0.9839858301039572,0.3789055524284186,0.3722093370514395
0.30000000000000004,0.9939858301039575,0.3857688444937959,0.3790666438935444
0.30000000000000004,1.0039858301039573,0.3926442365623767,0.38593858672286996
0.30000000000000004,1.013985830103957,0.39952928397721765,0.39282270999863306
0.30000000000000004,1.0239858301039573,0.40642154532313235,0.3997165586633843
0.30000000000000004,1.0339858301039575,0.4133185848372079,0.4066176806041746
0.30000000000000004,1.0439858301039573,0.42021797479033357,0.4135236290893727
0.30000000000000004,1.053985830103957,0.42711729783629526,0.4204319651775148
0.30000000000000004,1.0639858301039573,0.4340141493251267,0.4273402600946838
0.30000000000000004,1.0739858301039575,0.44090613957751545,0.4342460975770169
0.30000000000000004,1.0839858301039573,0.44779089611716116,0.4411470761750299
0.30000000000000004,1.0939858301039571,0.4546660658581466,0.44804081151659453
0.30000000000000004,1.1039858301039573,0.4615293172444465,0.45492493852546795
0.30000000000000004,1.1139858301039576,0.46837834233890996,0.4617971135924673
0.30000000000000004,1.1239858301039574,0.47521085885910386,0.46865501669643433
0.30000000000000004,1.1339858301039571,0.48202461215762066,0.4754963534723348
0.30000000000000004,1.1439858301039574,0.4888173771445319,0.4823188572239152
0.30000000000000004,1.1539858301039576,0.49558696014985365,0.48912029087851494
0.30000000000000004,1.1639858301039574,0.5023312007240194,0.495898448881755
0.30000000000000004,1.1739858301039572,0.5090479733745084,0.5026511590299747
0.30000000000000004,1.1839858301039574,0.515735189236921,0.5093762842384244
0.30000000000000004,1.1939858301039576,0.5223907976789506,0.5160717242433774
0.30000000000000004,1.2039858301039574,0.5290127878358482,0.5227354172364707
0.30000000000000004,1.2139858301039572,0.5355991900761307,0.5293653414297316
0.30000000000000004,1.2239858301039575,0.5421480773964277,0.5359595165498955
0.30000000000000004,1.2339858301039577,0.5486575667445136,0.5425160052607689
0.30000000000000004,1.2439858301039575,0.5551258202697364,0.5490329145125549
0.30000000000000004,1.2539858301039573,0.5615510465001777,0.5555083968171867
0.30000000000000004,1.2639858301039575,0.5679315014460453,0.5619406514488793
0.30000000000000004,1.2739858301039577,0.5742654896289346,0.5683279255692514
0.30000000000000004,1.2839858301039575,0.5805513650367438,0.5746685152765143
0.30000000000000004,1.2939858301039573,0.5867875320041599,0.5809607665783723
0.30000000000000004,1.3039858301039575,0.5929724460187855,0.5872030762884225
0.30000000000000004,1.3139858301039578,0.5991046144530835,0.5933938928459703
0.30000000000000004,1.3239858301039575,0.6051825972224819,0.5995317170593352
0.30000000000000004,1.3339858301039573,0.6112050073700832,0.6056151027728368
0.30000000000000004,1.3439858301039576,0.6171705115785513,0.6116426574577921
0.30000000000000004,1.3539858301039578,0.6230778306098768,0.6176130427279802
0.30000000000000004,1.3639858301039576,0.6289257396738304,0.6235249747801591
0.30000000000000004,1.3739858301039574,0.6347130687260246,0.6293772247603361
0.30000000000000004,1.3839858301039576,0.6404387026966128,0.6351686190566113
0.30000000000000004,1.3939858301039578,0.6461015816507517,0.6408980395195254
0.30000000000000004,1.4039858301039576,0.6517007008820594,0.6465644236109596
0.30000000000000004,1.4139858301039574,0.6572351109403812,0.6521667644827257
0.30000000000000004,1.4239858301039576,0.6627039175952688,0.6577041109860983
0.30000000000000004,1.4339858301039579,0.6681062817366556,0.6631755676136218
0.30000000000000004,1.4439858301039576,0.6734414192142938,0.6685802943746331
0.30000000000000004,1.4539858301039574,0.6787086006175809,0.6739175066060071
0.30000000000000004,1.4639858301039577,0.6839071509974701,0.6791864747197245
0.30000000000000004,1.473985830103958,0.6890364495322258,0.684386523888933
0.30000000000000004,1.4839858301039577,0.6940959291388309,0.6895170336742462
0.30000000000000004,1.4939858301039575,0.6990850760319066,0.6945774375920837
0.30000000000000004,1.5039858301039577,0.704003429232044,0.6995672226269201
0.30000000000000004,1.513985830103958,0.7088505800254916,0.7044859286893662
0.30000000000000004,1.5239858301039577,0.7136261713771708,0.7093331480220553
0.30000000000000004,1.5339858301039575,0.7183298972990193,0.7141085245553485
0.30000000000000004,1.5439858301039577,0.7229615021756831,0.718811753214915
0.30000000000000004,1.553985830103958,0.7275207800496013,0.7234425791832813
0.30000000000000004,1.5639858301039578,0.7320075738675309,0.7280007971174662
0.30000000000000004,1.5739858301039575,0.7364217746905765,0.7324862503248505
0.30000000000000004,1.5839858301039578,0.7407633208697779,0.7368988298994408
0.30000000000000004,1.593985830103958,0.7450321971893241,0.7412384738207127
0.30000000000000004,1.6039858301039578,0.7492284339794398,0.7455051660172209
0.30000000000000004,1.6139858301039576,0.7533521062009902,0.7496989353971739
0.30000000000000004,1.6239858301039578,0.7574033325038273,0.7538198548481685
0.30000000000000004,1.633985830103958,0.7613822742608872,0.7578680402082814
0.30000000000000004,1.6439858301039578,0.7652891345800225,0.7618436492107044
0.30000000000000004,1.6539858301039576,0.7691241572955263,0.7657468804040993
0.30000000000000004,1.6639858301039578,0.7728876259412775,0.7695779720508339
0.30000000000000004,1.673985830103958,0.7765798627073959,0.7733372010052384
0.30000000000000004,1.6839858301039579,0.7802012273822738,0.7770248815740071
0.30000000000000004,1.6939858301039576,0.7837521162817938,0.780641364360834
0.30000000000000004,1.7039858301039579,0.787232961167513,0.7841870350973476
0.30000000000000004,1.713985830103958,0.7906442281555456,0.7876623134623753
0.30000000000000004,1.723985830103958,0.793986416617826,0.7910676518915334
0.30000000000000004,1.7339858301039577,0.797260058077392,0.7944035343791002
0.30000000000000004,1.743985830103958,0.8004657150992716,0.797670475274086
0.30000000000000004,1.7539858301039581,0.8036039801785049,0.8008690180723722
0.30000000000000004,1.763985830103958,0.8066754746267839,0.8039997342067462
0.30000000000000004,1.7739858301039577,0.8096808474591339,0.8070632218366105
0.30000000000000004,1.783985830103958,0.8126207742820006,0.8100601046390884
0.30000000000000004,1.7939858301039582,0.8154959561840599,0.8129910306032079
0.30000000000000004,1.803985830103958,0.8183071186310016,0.8158566708287797
0.30000000000000004,1.8139858301039578,0.8210550103654827,0.8186577183315388
0.30000000000000004,1.823985830103958,0.8237404023133887,0.8213948868560569
0.30000000000000004,1.8339858301039582,0.826364086497483,0.8240689096978793
0.30000000000000004,1.843985830103958,0.8289268749594629,0.8266805385362769
0.30000000000000004,1.8539858301039578,0.831429598691389,0.8292305422789485
0.30000000000000004,1.863985830103958,0.83387310657739,0.8317197059199465
0.30000000000000004,1.8739858301039582,0.8362582643464936,0.8341488294120349
0.30000000000000004,1.883985830103958,0.8385859535373743,0.8365187265546355
0.30000000000000004,1.8939858301039578,0.8408570704757559,0.8388302238984481
0.30000000000000004,1.903985830103958,0.8430725252651503,0.841084159667773
0.30000000000000004,1.9139858301039583,0.8452332407915607,0.8432813827015035
0.30000000000000004,1.923985830103958,0.8473401517427265,0.8454227514136916
0.30000000000000004,1.9339858301039579,0.8493942036424365,0.8475091327745317
0.30000000000000004,1.943985830103958,0.8513963519003855,0.849541401312545
0.30000000000000004,1.9539858301039583,0.8533475608780031,0.8515204381386865
0.30000000000000004,1.963985830103958,0.8552488029706385,0.8534471299930404
0.30000000000000004,1.973985830103958,0.8571010577064364,0.8553223683147047
0.30000000000000004,1.9839858301039581,0.8589053108622015,0.8571470483354147
0.30000000000000004,1.9939858301039584,0.8606625535965047,0.8589220681973925
0.4,-1.9960141698960454,0.018328696275037838,0.0156753343749519
0.4,-1.9860141698960454,0.01741689729670594,0.01488989295166275
0.4,-1.9760141698960454,0.01655028749950805,0.014143379958869282
0.4,-1.9660141698960454,0.01572737988725415,0.013434526564015349
0.4,-1.9560141698960454,0.01494669904411883,0.01276207281662676
0.4,-1.9460141698960454,0.01420678269801045,0.012124769024362547
0.4,-1.9360141698960454,0.013506183223773532,0.011521377078910286
0.4,-1.9260141698960453,0.012843469084593268,0.010950671730180005
0.4,-1.9160141698960453,0.012217226210156697,0.01041144180740821
0.4,-1.9060141698960453,0.011626059310280388,0.009902491385917344
0.4,-1.8960141698960453,0.011068593122893945,0.009422640898429301
0.4,-1.8860141698960453,0.010543473595452461,0.008970728189989757
0.4,-1.8760141698960453,0.010049368999012787,0.00854560951570019
0.4,-1.8660141698960453,0.009584970974395729,0.008146160480616324
0.4,-1.8560141698960453,0.009148995510008407,0.0077712769213045835
0.4,-1.8460141698960453,0.008740183851103166,0.007419875728723766
0.4,-1.8360141698960453,0.008357303340366608,0.007090895612203485
0.4,-1.8260141698960453,0.0079991481899579,0.006783297804486916
0.4,-1.8160141698960452,0.0076645401852216966,0.0064960667079015395
0.4,-1.8060141698960452,0.007352329320488519,0.00622821048188618
0.4,-1.7960141698960452,0.007061394367523275,0.00597876157223451
0.4,-1.7860141698960452,0.00679064337731936,0.005746777182537812
0.4,-1.7760141698960452,0.006539014116095672,0.0055313396884523105
0.4,-1.7660141698960452,0.006305474436470251,0.0053315569955223905
0.4,-1.7560141698960452,0.006089022584930212,0.005146562841422275
0.4,-1.7460141698960452,0.005888687446852248,0.004975517043600392
0.4,-1.7360141698960452,0.0057035287304044524,0.004817605693383817
0.4,-1.7260141698960452,0.005532637090833576,0.004672041297754581
0.4,-1.7160141698960452,0.005375134196684825,0.004538062870054795
0.4,-1.7060141698960452,0.005230172739652133,0.004414935971013128
0.4,-1.6960141698960451,0.005096936389804947,0.004301952701534501
0.4,-1.6860141698960451,0.004974639698054403,0.004198431648801865
0.4,-1.6760141698960451,0.004862527947763711,0.004103717787282885
0.4,-1.6660141698960451,0.004759876957510495,0.004017182336329452
0.4,-1.656014169896045,0.004665992837046821,0.003938222576098185
0.4,-1.646014169896045,0.004580211698542794,0.0038662616235621613
0.4,-1.636014169896045,0.004501899325287721,0.0038007481704659084
0.4,-1.626014169896045,0.004430450800006307,0.003741156185069698
0.4,-1.616014169896045,0.0043652900950192286,0.003686984579596739
0.4,-1.606014169896045,0.004305869626469049,0.003637756845297013
0.4,-1.596014169896045,0.004251669774865495,0.003593020657075847
0.4,-1.586014169896045,0.004202198374193266,0.0035523474496325
0.4,-1.576014169896045,0.004156990171847302,0.0035153319670782057
0.4,-1.566014169896045,0.004115606261623711,0.0034815917879776445
0.4,-1.556014169896045,0.004077633492002739,0.0034507668277696754
0.4,-1.546014169896045,0.004042683851937481,0.003422518820508591
0.4,-1.536014169896045,0.004010393836301821,0.003396530781820548
0.4,-1.526014169896045,0.0039804237931792795,0.0033725064549970482
0.4,-1.516014169896045,0.003952457255064803,0.0033501697420581867
0.4,-1.506014169896045,0.0039262002560602844,0.0033292641216281812
0.4,-1.496014169896045,0.0039013806370677955,0.0033095520554031264
0.4,-1.486014169896045,0.003877747340932299,0.0032908143849484615
0.4,-1.476014169896045,0.0038550696994413226,0.0032728497205272997
0.4,-1.466014169896045,0.003833136713998557,0.0032554738235850153
0.4,-1.456014169896045,0.003811756331753068,0.003238518984485843
0.4,-1.446014169896045,0.003790754718875105,0.003221833397020113
0.4,-1.436014169896045,0.0037699755325899353,0.00320528053113295
0.4,-1.426014169896045,0.0037492791935427967,0.0031887385052913153
0.4,-1.416014169896045,0.0037285421599416784,0.0031720994597978077
0.4,-1.4060141698960449,0.0037076562048801477,0.0031552689323199254
0.4,-1.3960141698960449,0.003686527698158922,0.0031381652368300725
0.4,-1.3860141698960449,0.00366507689381243,0.0031207188470537914
0.4,-1.3760141698960449,0.0036432372245316018,0.0031028717855072683
0.4,-1.3660141698960448,0.0036209546039937457,0.003084577019049335
0.4,-1.3560141698960448,0.003598186738149795,0.003065797861902002
0.4,-1.3460141698960448,0.0035749024463186305,0.00304650738692001
0.4,-1.3360141698960448,0.0035510809929550553,0.0030266878458991985
0.4,-1.3260141698960448,0.003526711430826424,0.0030063300995974984
0.4,-1.3160141698960448,0.0035017919562661103,0.002985433058080873
0.4,-1.3060141698960448,0.003476329277119813,0.002964003131956847
0.4,-1.2960141698960448,0.0034503379938925667,0.0029420536949619123
0.4,-1.2860141698960448,0.003423839994584179,0.002919604558346069
0.4,-1.2760141698960448,0.003396863863574902,0.0028966814573862273
0.4,-1.2660141698960448,0.0033694443049219445,0.0028733155503532838
0.4,-1.2560141698960448,0.003341621580321458,0.0028495429301627607
0.4,-1.2460141698960447,0.0033134409619639898,0.0028254041489107263
0.4,-1.2360141698960447,0.003284952200439826,0.0028009437554309623
0.4,-1.2260141698960447,0.003256209007823415,0.0027762098459809125
0.4,-1.2160141698960447,0.003227268556001636,0.0027512536281045284
0.4,-1.2060141698960447,0.003198190990284475,0.0027261289976930002
0.4,-1.1960141698960447,0.0031690389583106486,0.0027008921292376795
0.4,-1.1860141698960447,0.0031398771541890466,0.002675601079204788
0.4,-1.1760141698960447,0.003110771877855445,0.00265031540248966
0.4,-1.1660141698960447,0.003081790609538363,0.002625095781832649
0.4,-1.1560141698960447,0.003053001599252553,0.002600003670095967
0.4,-1.1460141698960447,0.0030244734712043947,0.00257510094526904
0.4,-1.1360141698960446,0.0029962748430002618,0.002550449578073115
0.4,-1.1260141698960446,0.0029684739595219594,0.0025261113120110634
0.4,-1.1160141698960446,0.0029411383413589986,0.0025021473557283566
0.4,-1.1060141698960446,0.0029143344476656808,0.002478618087531723
0.4,-1.0960141698960446,0.002888127353347075,0.0024555827719419067
0.4,-1.0860141698960446,0.0028625804404478145,0.002433099288131415
0.4,-1.0760141698960446,0.002837755103675462,0.0024112238701474676
0.4,-1.0660141698960446,0.0028137104699743867,0.0023900108588079494
0.4,-1.0560141698960446,0.002790503132106436,0.002369512465193906
0.4,-1.0460141698960446,0.0027681868962009834,0.0023497785456694674
0.4,-1.0360141698960446,0.0027468125432754033,0.0023308563883952613
0.4,-1.0260141698960445,0.002726427604751128,0.0023127905113248647
0.4,-1.0160141698960445,0.002707076152008109,0.0022956224716925975
0.4,-1.0060141698960445,0.002688798600064773,0.0022793906870424594
0.4,-0.9960141698960445,0.0026716315255023325,0.0022641302678796204
0.4,-0.9860141698960445,0.0026556074987670406,0.0022498728620436027
0.4,-0.9760141698960445,0.002640754931037644,0.002236646510953206
0.4,-0.9660141698960445,0.0026270979358729066,0.002224475517902702
0.4,-0.9560141698960445,0.0026146562058703047,0.0022133803286091425
0.4,-0.9460141698960445,0.0026034449046297833,0.0022033774242704272
0.4,-0.9360141698960445,0.0025934745743200764,0.002194479227404198
0.4,-0.9260141698960445,0.0025847510591924037,0.002186694020785107
0.4,-0.9160141698960445,0.0025772754454115453,0.002180025879827108
0.4,-0.9060141698960444,0.0025710440175959136,0.0021744746187837946
0.4,-0.8960141698960444,0.002566048232492215,0.0021700357511766732
0.4,-0.8860141698960444,0.0025622747102276946,0.0021667004648844436
0.4,-0.8760141698960444,0.002559705243611075,0.002164455612358482
0.4,-0.8660141698960444,0.0025583168259461454,0.002163283716432396
0.4,-0.8560141698960444,0.002558081697884542,0.002163162992254608
0.4,-0.8460141698960444,0.0025589674137897647,0.0021640673858357396
0.4,-0.8360141698960444,0.0025609369281600065,0.0021659666297743382
0.4,-0.8260141698960444,0.0025639487025979424,0.0021688263166828392
0.4,-0.8160141698960444,0.0025679568338678018,0.002172607990887383
0.4,-0.8060141698960444,0.0025729112035289595,0.002177269258939978
0.4,-0.7960141698960443,0.002578757649668953,0.0021827639195170032
0.4,-0.7860141698960443,0.002585438161199707,0.002189042113235451
0.4,-0.7760141698960443,0.002592891095206121,0.0021960504929459824
0.4,-0.7660141698960443,0.0026010514177757806,0.0022037324150172254
0.4,-0.7560141698960443,0.002609850968735299,0.0022120281521284244
0.4,-0.7460141698960443,0.002619218750671187,0.002220875128052313
0.4,-0.7360141698960443,0.002629081242578393,0.0022302081748851775
0.4,-0.7260141698960443,0.002639362738444534,0.002239959813154968
0.4,-0.7160141698960443,0.002649985711017881,0.002250060555190747
0.4,-0.7060141698960443,0.0026608712009594674,0.0022604392320986297
0.4,-0.6960141698960443,0.0026719392315348884,0.0022710233446529005
0.4,-0.6860141698960442,0.0026831092489106464,0.0022817394383350775
0.4,-0.6760141698960442,0.002694300588089961,0.0022925135027279664
0.4,-0.6660141698960442,0.0027054329644253753,0.002303271395388262
0.4,-0.6560141698960442,0.0027164269905874346,0.002313939290270075
0.4,-0.6460141698960442,0.0027272047187717613,0.0023244441506868794
0.4,-0.6360141698960442,0.0027376902078822198,0.0023347142267576126
0.4,-0.6260141698960442,0.002747810115299879,0.002344679577169706
0.4,-0.6160141698960442,0.00275749431278738,0.00235427261503514
0.4,-0.6060141698960442,0.0027666765259823567,0.002363428677527475
0.4,-0.5960141698960442,0.002775294996841204,0.0023720866189022027
0.4,-0.5860141698960442,0.0027832931682922417,0.002380189426407271
0.4,-0.5760141698960441,0.0027906203902775388,0.0023876848585135902
0.4,-0.5660141698960441,0.0027972326462442827,0.00239452610478446
0.4,-0.5560141698960441,0.00280309329906941,0.002400672466625999
0.4,-0.5460141698960441,0.002808173855287375,0.0024060900580518308
0.4,-0.5360141698960441,0.002812454746400341,0.002410752525505284
0.4,-0.5260141698960441,0.0028159261259398933,0.002414641785674938
0.4,-0.5160141698960441,0.002818588680874387,0.002417748780160709
0.4,-0.5060141698960441,0.002820454455835171,0.0024200742457297243
0.4,-0.4960141698960441,0.0028215476885471865,0.0024216294988104715
0.4,-0.48601416989604407,0.002821905654766278,0.00242243723278587
0.4,-0.47601416989604406,0.002821579520925689,0.0024225323265437914
0.4,-0.46601416989604405,0.002820635202602036,0.0024219626626470303
0.4,-0.45601416989604404,0.00281915422683654,0.0024207899534026646
0.4,-0.44601416989604403,0.0028172345962670107,0.0024190905730234477
0.4,-0.436014169896044,0.002814991652931562,0.00241695639397419
0.4,-0.426014169896044,0.002812558939560439,0.0024144956255380645
0.4,-0.416014169896044,0.0028100890560752646,0.002411833652535491
0.4,-0.406014169896044,0.002807754508981579,0.002409113872079267
0.4,-0.396014169896044,0.002805748551256463,0.0024064985261580494
0.4,-0.386014169896044,0.0028042860103091255,0.0024041695277992534
0.4,-0.37601416989604397,0.0028036041015189156,0.0024023292784799907
0.4,-0.36601416989604396,0.0028039632248449257,0.0024012014744253917
0.4,-0.35601416989604395,0.0028056477419564074,0.00240103189937555
0.4,-0.34601416989604394,0.0028089667313069794,0.002402089201360367
0.4,-0.33601416989604393,0.002814254718559871,0.002404665650988744
0.4,-0.3260141698960439,0.0028218723797817195,0.0024090778787483114
0.4,-0.3160141698960439,0.002832207214783674,0.002415667588760866
0.4,-0.3060141698960439,0.002845674188032697,0.0024248022464581974
0.4,-0.2960141698960439,0.0028627163345479874,0.0024368757376192728
0.4,-0.2860141698960439,0.00288380532823058,0.002452308996221699
0.4,-0.2760141698960439,0.0029094420100956196,0.002471550598563277
0.4,-0.2660141698960439,0.0029401568739293683,0.002495077321139476
0.4,-0.25601416989604386,0.0029765105069314637,0.00252339465978217
0.4,-0.24601416989604385,0.003019093982955577,0.002557037307597216
0.4,-0.23601416989604385,0.003068529206043664,0.002596569589296962
0.4,-0.22601416989604384,0.003125469201997916,0.002642585849555443
0.4,-0.21601416989604383,0.003190598355830632,0.0026957107930869915
0.4,-0.20601416989604382,0.003264632593025594,0.002756599774220758
0.4,-0.1960141698960438,0.003348319502609727,0.002825939033793472
0.4,-0.1860141698960438,0.003442438400189769,0.00290444588131014
0.4,-0.1760141698960438,0.0035478003291655323,0.0029928688203681862
0.4,-0.16601416989604378,0.0036652479984908416,0.0030919876154740676
0.4,-0.15601416989604378,0.00379565565545593,0.003202613298468897
0.4,-0.14601416989604377,0.003939928892103184,0.003325588112898394
0.4,-0.13601416989604376,0.004099004384036742,0.003461785394791854
0.4,-0.12601416989604375,0.004273849560506377,0.0036121093884216825
0.4,-0.11601416989604374,0.004465462204832764,0.003777494995779662
0.4,-0.10601416989604373,0.004674869984351609,0.003958907458608407
0.4,-0.09601416989604372,0.0049031299092513365,0.004157341972003197
0.4,-0.08601416989604371,0.005151327719830967,0.004373823228739915
0.4,-0.0760141698960437,0.005420577201861459,0.004609404893630868
0.4,-0.0660141698960437,0.00571201942992327,0.00486516900738549
0.4,-0.056014169896043686,0.006026821938754233,0.005142225319606153
0.4,-0.04601416989604368,0.006366177822825137,0.0054417105507226
0.4,-0.03601416989604367,0.006731304764541174,0.005764787582840936
0.4,-0.02601416989604366,0.00712344399163662,0.0061126445796477035
0.4,-0.01601416989604365,0.007543859164529532,0.0064864940357005135
0.4,-0.006014169896043642,0.007993835194559163,0.006887571755592758
0.4,0.003985830103956367,0.008474676994241771,0.007317135763685147
0.4,0.013985830103956154,0.008987708160834948,0.007776465145253936
0.4,0.023985830103956385,0.009534269594687343,0.008266858820091386
0.4,0.033985830103956616,0.010115718054033704,0.008789634249777335
0.4,0.0439858301039564,0.010733424648078513,0.009346126080025656
0.4,0.05398583010395619,0.011388773270345544,0.009937684719653435
0.4,0.06398583010395642,0.012083158974494981,0.01056567485794169
0.4,0.07398583010395665,0.012817986294926106,0.011231473922287277
0.4,0.08398583010395644,0.01359466751468406,0.011936470478247817
0.4,0.09398583010395622,0.014414620883303418,0.01268206257421188
0.4,0.10398583010395646,0.015279268787412528,0.013469656033121655
0.4,0.11398583010395669,0.01619003587704277,0.014300662693811783
0.4,0.12398583010395647,0.01714834715073229,0.01517649860468504
0.4,0.13398583010395626,0.018155626002638807,0.01609858217258615
0.4,0.1439858301039565,0.01921329223502054,0.017068332269891587
0.4,0.15398583010395672,0.020322760039527207,0.018087166302938114
0.4,0.1639858301039565,0.02148543595089714,0.019156498245077376
0.4,0.1739858301039563,0.022702716776706437,0.020277736637720166
0.4,0.18398583010395653,0.023975987506957338,0.02145228256288715
0.4,0.19398583010395676,0.02530661920733575,0.022681527590852353
0.4,0.20398583010395654,0.0266959669000745,0.023966851706588174
0.4,0.21398583010395633,0.028145367436396264,0.025309621218784828
0.4,0.22398583010395656,0.029656137364587384,0.02671118665531276
0.4,0.2339858301039568,0.031229570797792476,0.02817288064906029
0.4,0.24398583010395658,0.03286693728563905,0.029696015818123884
0.4,0.25398583010395637,0.03456947969385861,0.03128188264440511
0.4,0.2639858301039566,0.03633841209605847,0.032931747354684994
0.4,0.27398583010395683,0.03817491768181314,0.0346468498082846
0.4,0.2839858301039566,0.04008014668524913,0.03642840139544897
0.4,0.2939858301039564,0.0420552143382552,0.038277582950579876
0.4,0.30398583010395663,0.044101198852461915,0.04019554268447316
0.4,0.31398583010395686,0.04621913943405818,0.04218339413967312
0.4,0.32398583010395665,0.0484100343355024,0.04424221417306552
0.4,0.33398583010395644,0.05067483894809398,0.046373040969769484
0.4,0.34398583010395667,0.05301446393935269,0.04857687209238894
0.4,0.3539858301039569,0.05542977343901748,0.050854662569581155
0.4,0.3639858301039567,0.05792158327744231,0.05320732302788381
0.4,0.3739858301039565,0.060490659280053455,0.05563571787065437
0.4,0.3839858301039567,0.06313771562141435,0.05814066350788428
0.4,0.39398583010395694,0.06586341324236536,0.06072292664058846
0.4,0.4039858301039567,0.06866835833354613,0.0633832226033401
0.4,0.4139858301039565,0.07155310088850939,0.0661222137684384
0.4,0.42398583010395674,0.07451813332949479,0.06894050801507817
0.4,0.43398583010395697,0.07756388920876539,0.07183865726674783
0.4,0.44398583010395676,0.08069074198827726,0.07481715609996648
0.4,0.45398583010395654,0.08389900390030278,0.07787644042733795
0.4,0.4639858301039568,0.08718892489144178,0.08101688625773386
0.4,0.473985830103957,0.09056069165228901,0.08423880853626821
0.4,0.4839858301039568,0.09401442673488057,0.08754246006659083
0.4,0.4939858301039566,0.09755018775982133,0.0909280305178266
0.4,0.5039858301039568,0.1011679667148319,0.09439564551833457
0.4,0.513985830103957,0.10486768934627078,0.09794536583828815
0.4,0.5239858301039568,0.10864921464498158,0.10157718666288607
0.4,0.5339858301039566,0.11251233442763704,0.10529103695783196
0.4,0.5439858301039568,0.11645677301453516,0.10908677892851515
0.4,0.5539858301039571,0.12048218700461845,0.11296420757414655
0.4,0.5639858301039569,0.1245881651482973,0.11692305033791746
0.4,0.5739858301039567,0.1287742283184177,0.1209629668540189
0.4,0.5839858301039569,0.1330398295795719,0.1250835487922122
0.4,0.5939858301039571,0.13738435435569663,0.12928431980039623
0.4,0.6039858301039569,0.14180712069572565,0.13356473554543888
0.4,0.6139858301039567,0.1463073796368888,0.1379241838523584
0.4,0.6239858301039569,0.15088431566498986,0.14236198494169047
0.4,0.6339858301039571,0.15553704727087583,0.14687739176474107
0.4,0.6439858301039569,0.1602646276020586,0.15146959043617933
0.4,0.6539858301039567,0.16506604520830298,0.15613770076326527
0.4,0.663985830103957,0.16994022487978053,0.16088077687078942
0.4,0.6739858301039572,0.1748860285762199,0.16569780792062472
0.4,0.683985830103957,0.179902256445321,0.17058771892461444
0.4,0.6939858301039568,0.1849876479284987,0.1755493716493141
0.4,0.703985830103957,0.19014088295188805,0.1805815656109534
0.4,0.7139858301039572,0.19536058320036004,0.18568303915879425
0.4,0.723985830103957,0.2006453134721547,0.19085247064490185
0.4,0.7339858301039568,0.2059935831115835,0.19608847967817727
0.4,0.743985830103957,0.21140384751712138,0.20138962846035235
0.4,0.7539858301039573,0.21687450972206096,0.2067544232014844
0.4,0.763985830103957,0.22240392204479306,0.21218131561236023
0.4,0.7739858301039568,0.22799038780564013,0.21766870447106632
0.4,0.7839858301039571,0.23363216310707524,0.22321493726086428
0.4,0.7939858301039573,0.23932745867403635,0.2288183118763746
0.4,0.8039858301039571,0.24507444175097987,0.23447707839497692
0.4,0.8139858301039569,0.2508712380521961,0.2401894409102011
0.4,0.8239858301039571,0.2567159337618623,0.2459535594238077
0.4,0.8339858301039573,0.26260657758021616,0.2517675517931459
0.4,0.8439858301039571,0.2685411828121947,0.2576294957303129
0.4,0.8539858301039569,0.2745177294948058,0.2635374308495411
0.4,0.8639858301039571,0.28053416655948527,0.2694893607591968
0.4,0.8739858301039574,0.286588414025628,0.27548325519469224
0.4,0.8839858301039571,0.2926783652214867,0.28151705218858564
0.4,0.8939858301039569,0.298801889028592,0.28758866027408764
0.4,0.9039858301039572,0.30495683214585745,0.2936959607181704
0.4,0.9139858301039574,0.3111410213695093,0.299836809780434
0.4,0.9239858301039572,0.31735226588502374,0.30600904099389753
0.4,0.933985830103957,0.3235883595672561,0.3122104674638606
0.4,0.9439858301039572,0.32984708328494916,0.31843888418096294
0.4,0.9539858301039574,0.33612620720589537,0.3246920703446256
0.4,0.9639858301039572,0.34242349309901765,0.3309677916930305
0.4,0.973985830103957,0.34873669662971657,0.3372638028358478
0.4,0.9839858301039572,0.35506356964487407,0.3435778495859442
0.4,0.9939858301039575,0.3614018624439752,0.3499076712863487
0.4,1.0039858301039573,0.36774932603287946,0.3562510031288031
0.4,1.013985830103957,0.3741037143568494,0.3626055784602767
0.4,1.0239858301039573,0.38046278650953635,0.36896913107389323
0.4,1.0339858301039575,0.3868243089146981,0.37533939748077655
0.4,1.0439858301039573,0.3931860574775514,0.38171411915942094
0.4,1.053985830103957,0.3995458197027255,0.38809104477924444
0.4,1.0639858301039573,0.40590139677591847,0.39446793239509276
0.4,1.0739858301039575,0.41225060560646726,0.40084255160955407
0.4,1.0839858301039573,0.41859128082813984,0.4072126857000276
0.4,1.0939858301039571,0.4249212767556174,0.41357613370762575
0.4,1.1039858301039573,0.4312384692942013,0.4199307124850473
0.4,1.1139858301039576,0.43754075780048096,0.42627425870073904
0.4,1.1239858301039574,0.4438260668917524,0.43260463079670863
0.4,1.1339858301039571,0.45009234820218247,0.43891971089753984
0.4,1.1439858301039574,0.45633758208379216,0.44521740666822945
0.4,1.1539858301039576,0.4625597792505067,0.4514956531186292
0.4,1.1639858301039574,0.46875698236364327,0.4577524143523892
0.4,1.1739858301039572,0.4749272675573552,0.4639856852584382
0.4,1.1839858301039574,0.48106874590268245,0.470193493143161
0.4,1.1939858301039576,0.48717956480900915,0.4763738993015792
0.4,1.2039858301039574,0.49325790936186825,0.48252500052597297
0.4,1.2139858301039572,0.49930200359617294,0.4886449305505215
0.4,1.2239858301039575,0.5053101117040926,0.49473186143067277
0.4,1.2339858301039577,0.5112805391769293,0.5007840048560944
0.4,1.2439858301039575,0.5172116338805021,0.5067996133962045
0.4,1.2539858301039573,0.5231017870636616,0.512776981677403
0.4,1.2639858301039575,0.528949434299706,0.5187144474912732
0.4,1.2739858301039577,0.5347530563605956,0.5246103928331551
0.4,1.2839858301039575,0.5405111800239927,0.5304632448706286
0.4,1.2939858301039573,0.5462223788132798,0.5362714768415744
0.4,1.3039858301039575,0.5518852736708348,0.5420336088816208
0.4,1.3139858301039578,0.5574985335649476,0.5477482087808958
0.4,1.3239858301039575,0.5630608760309029,0.5534138926701555
0.4,1.3339858301039573,0.5685710676468413,0.5590293256364648
0.4,1.3439858301039576,0.5740279244451283,0.5645932222687312
0.4,1.3539858301039578,0.5794303122600671,0.5701043471335202
0.4,1.3639858301039576,0.5847771470128851,0.5755615151816853
0.4,1.3739858301039574,0.5900673949350176,0.5809635920864641
0.4,1.3839858301039576,0.5953000727308058,0.586309494513795
0.4,1.3939858301039578,0.6004742476808004,0.5915981903257158
0.4,1.4039858301039576,0.6055890376869593,0.5968286987178089
0.4,1.4139858301039574,0.6106436112610799,0.6020000902917468
0.4,1.4239858301039576,0.6156371874578949,0.6071114870640907
0.4,1.4339858301039579,0.6205690357543054,0.6121620624125741
0.4,1.4439858301039576,0.6254384758763057,0.6171510409611998
0.4,1.4539858301039574,0.6302448775751848,0.622077698405545
0.4,1.4639858301039577,0.6349876603546489,0.6269413612797456
0.4,1.473985830103958,0.6396662931505525,0.6317414066667074
0.4,1.4839858301039577,0.6442802939649563,0.6364772618531503
0.4,1.4939858301039575,0.6488292294562673,0.6411484039311542
0.4,1.5039858301039577,0.6533127144872339,0.6457543593479262
0.4,1.513985830103958,0.6577304116326045,0.6502947034055688
0.4,1.5239858301039577,0.6620820306482595,0.6547690597126664
0.4,1.5339858301039575,0.666367327903649,0.6591770995895525
0.4,1.5439858301039577,0.6705861057793607,0.6635185414291523
0.4,1.553985830103958,0.6747382120316641,0.6677931500153366
0.4,1.5639858301039578,0.678823539125852,0.672000735800738
0.4,1.5739858301039575,0.6828420235402118,0.6761411541460158
0.4,1.5839858301039578,0.6867936450424291,0.6802143045225607
0.4,1.593985830103958,0.6906784259402263,0.6842201296806579
0.4,1.6039858301039578,0.694496430308007,0.6881586147851271
0.4,1.6139858301039576,0.6982477631912589,0.6920297865204683
0.4,1.6239858301039578,0.7019325697904373,0.6958337121675401
0.4,1.633985830103958,0.7055510346260213,0.6995704986537983
0.4,1.6439858301039578,0.7091033806864016,0.7032402915791117
0.4,1.6539858301039576,0.712589868560219,0.7068432742191686
0.4,1.6639858301039578,0.716010795554735,0.7103796665084622
0.4,1.673985830103958,0.7193664948017682,0.7138497240048355
0.4,1.6839858301039579,0.722657334352696,0.717253736837545
0.4,1.6939858301039576,0.7258837162639603,0.7205920286407699
0.4,1.7039858301039579,0.729046075674475,0.7238649554744747
0.4,1.713985830103958,0.7321448798762833,0.7270729047345003
0.4,1.723985830103958,0.7351806273797512,0.7302162940537231
0.4,1.7339858301039577,0.7381538469745452,0.7332955701960925
0.4,1.743985830103958,0.7410650967875722,0.7363112079453102
0.4,1.7539858301039581,0.7439149633390131,0.739263708989882
0.4,1.763985830103958,0.7467040605975239,0.7421536008062273
0.4,1.7739858301039577,0.7494330290356245,0.7449814355414867
0.4,1.783985830103958,0.7521025346862286,0.7477477888976202
0.4,1.7939858301039582,0.7547132682012287,0.7504532590183458
0.4,1.803985830103958,0.7572659439129763,0.753098465380412
0.4,1.8139858301039578,0.7597612988994563,0.7556840476906512
0.4,1.823985830103958,0.7622000920538896,0.7582106647902064
0.4,1.8339858301039582,0.7645831031594492,0.7606789935672732
0.4,1.843985830103958,0.7669111319697204,0.7630897278796402
0.4,1.8539858301039578,0.7691849972954812,0.7654435774882603
0.4,1.863985830103958,0.7714055360983336,0.7677412670030276
0.4,1.8739858301039582,0.7735736025916624,0.7699835348418784
0.4,1.883985830103958,0.775690067349351,0.772171132204279
0.4,1.8939858301039578,0.77775581642264,0.774304822060106
0.4,1.903985830103958,0.7797717504654709,0.7763853781548674
0.4,1.9139858301039583,0.7817387838686061,0.7784135840321572
0.4,1.923985830103958,0.7836578439027923,0.7803902320741769
0.4,1.9339858301039579,0.7855298698711781,0.7823161225611062
0.4,1.943985830103958,0.7873558122711772,0.7841920627500415
0.4,1.9539858301039583,0.7891366319659203,0.7860188659741721
0.4,1.963985830103958,0.7908732993654197,0.7877973507628065
0.4,1.973985830103958,0.7925667936175338,0.7895283399828044
0.4,1.9839858301039581,0.7942181018087947,0.7912126600019213
0.4,1.9939858301039584,0.7958282181751386,0.7928511398745162
0.5,-1.9960141698960454,0.018117277086721943,0.01399583426334991
0.5,-1.9860141698960454,0.017219789213876333,0.013294547278270313
0.5,-1.9760141698960454,0.016366809514460453,0.012628017820419002
0.5,-1.9660141698960454,0.015556863354040761,0.011995113003585134
0.5,-1.9560141698960454,0.014788488311623247,0.01139470787198818
0.5,-1.9460141698960454,0.014060235702514056,0.010825686628895131
0.5,-1.9360141698960454,0.013370672040599033,0.010286943820455613
0.5,-1.9260141698960453,0.012718380438523113,0.009777385473375005
0.5,-1.9160141698960453,0.012101961944435781,0.009295930185185902
0.5,-1.9060141698960453,0.011520036814122291,0.00884151016599763
0.5,-1.8960141698960453,0.010971245717518579,0.008413072230740448
0.5,-1.8860141698960453,0.010454250878789456,0.008009578741062284
0.5,-1.8760141698960453,0.009967737149309243,0.007630008496160884
0.5,-1.8660141698960453,0.009510413013068368,0.007273357571978861
0.5,-1.8560141698960453,0.009081011524179044,0.006938640108307664
0.5,-1.8460141698960453,0.008678291176351613,0.0066248890435033625
0.5,-1.8360141698960453,0.008301036704327119,0.006331156796610254
0.5,-1.8260141698960453,0.007948059817473324,0.006056515896863318
0.5,-1.8160141698960452,0.007618199865853618,0.005800059560626375
0.5,-1.8060141698960452,0.007310324439261397,0.005560902215969804
0.5,-1.7960141698960452,0.007023329899855952,0.005338179975209384
0.5,-1.7860141698960452,0.006756141849167941,0.005131051055837332
0.5,-1.7760141698960452,0.0065077155303976,0.0049386961504038485
0.5,-1.7660141698960452,0.006277036167040193,0.0047603187460021346
0.5,-1.7560141698960452,0.006063119239014115,0.0045951453941270315
0.5,-1.7460141698960452,0.005865010697596323,0.004442425931786065
0.5,-1.7360141698960452,0.005681787120541084,0.00430143365480698
0.5,-1.7260141698960452,0.005512555808925915,0.004171465444423733
0.5,-1.7160141698960452,0.00535645482730623,0.00405184184826321
0.5,-1.7060141698960452,0.005212652988905596,0.003941907116976007
0.5,-1.6960141698960451,0.005080349787611224,0.003841029197798662
0.5,-1.6860141698960451,0.004958775278655755,0.0037485996864302373
0.5,-1.6760141698960451,0.00484718990990305,0.0036640337386454336
0.5,-1.6660141698960451,0.004744884305753327,0.0035867699431512967
0.5,-1.656014169896045,0.004651179005715941,0.003516270157230522
0.5,-1.646014169896045,0.004565424159733058,0.00345201930675193
0.5,-1.636014169896045,0.004486999182420893,0.003393525152201704
0.5,-1.626014169896045,0.004415312368373755,0.0033403180223836593
0.5,-1.616014169896045,0.00434980047074365,0.0032919505174970887
0.5,-1.606014169896045,0.00428992824529528,0.0032479971833009047
0.5,-1.596014169896045,0.004235187962165371,0.003208054158103435
0.5,-1.586014169896045,0.004185098887540398,0.0031717387943147324
0.5,-1.576014169896045,0.004139206737484919,0.0031386892563198265
0.5,-1.566014169896045,0.004097083106112566,0.0031085640964086114
0.5,-1.556014169896045,0.0040583248702968635,0.003081041810508639
0.5,-1.546014169896045,0.0040225535730934025,0.003055820375454099
0.5,-1.536014169896045,0.003989414787982226,0.0030326167694826323
0.5,-1.526014169896045,0.00395857746606511,0.003011166477675936
0.5,-1.516014169896045,0.003929733268240887,0.0029912229839805238
0.5,-1.506014169896045,0.003902595884388989,0.0029725572514537335
0.5,-1.496014169896045,0.0038769003415132833,0.00295495719232422
0.5,-1.486014169896045,0.003852402302744958,0.0029382271294182694
0.5,-1.476014169896045,0.0038288773590582238,0.0029221872504708035
0.5,-1.466014169896045,0.003806120315461677,0.0029066730567723353
0.5,-1.456014169896045,0.003783944473392666,0.0028915348075766456
0.5,-1.446014169896045,0.003762180910951618,0.002876636961625101
0.5,-1.436014169896045,0.003740677762534057,0.0028618576170829912
0.5,-1.426014169896045,0.0037192994993804833,0.00284708795115296
0.5,-1.416014169896045,0.003697926212439001,0.002832231660533757
0.5,-1.4060141698960449,0.003676452898892223,0.0028172044038570765
0.5,-1.3960141698960449,0.003654788753618082,0.002801933247169708
0.5,-1.3860141698960449,0.003632856466743441,0.0027863561134408854
0.5,-1.3760141698960449,0.0036105915284363323,0.002770421237060061
0.5,-1.3660141698960448,0.0035879415419045367,0.002754086624151192
0.5,-1.3560141698960448,0.0035648655456098246,0.002737319519555359
0.5,-1.3460141698960448,0.0035413333455093063,0.0027200958811785803
0.5,-1.3360141698960448,0.003517324858154691,0.0027023998624099987
0.5,-1.3260141698960448,0.0034928294653516012,0.002684223303212052
0.5,-1.3160141698960448,0.0034678453810170085,0.002665565230429351
0.5,-1.3060141698960448,0.003442379030823786,0.0026464313678186135
0.5,-1.2960141698960448,0.003416444445116071,0.0026268336562159933
0.5,-1.2860141698960448,0.003390062665562183,0.002606789784237562
0.5,-1.2760141698960448,0.003363261165888905,0.002586322729809132
0.5,-1.2660141698960448,0.003336073287042767,0.002565460312815432
0.5,-1.2560141698960448,0.003308537687021021,0.0025442347590738934
0.5,-1.2460141698960447,0.0032806978055912963,0.0025226822758131484
0.5,-1.2360141698960447,0.003252601344050195,0.002500842638777645
0.5,-1.2260141698960447,0.0032242997601466083,0.0024787587910543862
0.5,-1.2160141698960447,0.00319584777823372,0.0024564764536647576
0.5,-1.2060141698960447,0.0031673029146899513,0.002434043747940179
0.5,-1.1960141698960447,0.003138725018625348,0.0024115108296764998
0.5,-1.1860141698960447,0.003110175827820372,0.002388929535004275
0.5,-1.1760141698960447,0.0030817185398845314,0.0023663530379371966
0.5,-1.1660141698960447,0.0030534173985383595,0.002343835519493437
0.5,-1.1560141698960447,0.0030253372949483165,0.0023214318482999707
0.5,-1.1460141698960447,0.0029975433840111407,0.0022991972725616427
0.5,-1.1360141698960446,0.0029701007154918284,0.002277187123279567
0.5,-1.1260141698960446,0.0029430738798931115,0.0022554565285813066
0.5,-1.1160141698960446,0.002916526668960256,0.002234060139043176
0.5,-1.1060141698960446,0.0028905217507032544,0.00221305186386761
0.5,-1.0960141698960446,0.0028651203588542086,0.0021924846178052737
0.5,-1.0860141698960446,0.002840381996647093,0.0021724100786887635
0.5,-1.0760141698960446,0.0028163641548637625,0.0021528784554888103
0.5,-1.0660141698960446,0.0027931220440732285,0.002133938266792812
0.5,-1.0560141698960446,0.0027707083410298153,0.002115636129637416
0.5,-1.0460141698960446,0.0027491729492003145,0.002098016558633453
0.5,-1.0360141698960446,0.0027285627734265024,0.002081121775352912
0.5,-1.0260141698960445,0.0027089215087509567,0.0020649915279686293
0.5,-1.0160141698960445,0.002690289443448996,0.002049662921154105
0.5,-1.0060141698960445,0.00267270327635074,0.0020351702562879104
0.5,-0.9960141698960445,0.002656195948565671,0.0020215448820353754
0.5,-0.9860141698960445,0.002640796489733231,0.0020088150553960737
0.5,-0.9760141698960445,0.0026265298789727234,0.001997005813351077
0.5,-0.9660141698960445,0.0026134169207293906,0.0019861388552702697
0.5,-0.9560141698960445,0.002601474135725426,0.001976232436258163
0.5,-0.9460141698960445,0.002590713667283016,0.0019673012716700244
0.5,-0.9360141698960445,0.002581143203285515,0.0019593564530394625
0.5,-0.9260141698960445,0.0025727659140853615,0.0019524053757009885
0.5,-0.9160141698960445,0.0025655804066877187,0.0019464516784170605
0.5,-0.9060141698960444,0.0025595806955554584,0.001941495195342674
0.5,-0.8960141698960444,0.002554756190410139,0.0019375319206934583
0.5,-0.8860141698960444,0.0025510917014159636,0.0019345539865039674
0.5,-0.8760141698960444,0.0025485674621569055,0.0019325496538915021
0.5,-0.8660141698960444,0.0025471591708049993,0.0019315033182432106
0.5,-0.8560141698960444,0.002546838049935608,0.0019313955287987572
0.5,-0.8460141698960444,0.0025475709253861287,0.0019322030230676246
0.5,-0.8360141698960444,0.002549320324625608,0.0019338987765842308
0.5,-0.8260141698960444,0.002552044595038785,0.0019364520684668207
0.5,-0.8160141698960444,0.002555698042576124,0.0019398285632923062
0.5,-0.8060141698960444,0.0025602310911662413,0.0019439904097678373
0.5,-0.7960141698960443,0.002565590463317184,0.0019488963567116102
0.5,-0.7860141698960443,0.002571719382270428,0.001954501886817367
0.5,-0.7760141698960443,0.0025785577960938445,0.00196075936870177
0.5,-0.7660141698960443,0.0025860426240367856,0.0019676182276939513
0.5,-0.7560141698960443,0.0025941080254648823,0.0019750251358289506
0.5,-0.7460141698960443,0.002602685691642765,0.0019829242214752796
0.5,-0.7360141698960443,0.002611705160596691,0.001991257299004623
0.5,-0.7260141698960443,0.00262109415525311,0.0019999641188883643
0.5,-0.7160141698960443,0.002630778944988774,0.002008982638563167
0.5,-0.7060141698960443,0.002640684730680496,0.0020182493143737767
0.5,-0.6960141698960443,0.0026507360532985014,0.002027699414868661
0.5,-0.6860141698960442,0.002660857225997868,0.0020372673556563192
0.5,-0.6760141698960442,0.0026709727896344257,0.002046887056007113
0.5,-0.6660141698960442,0.002681007991536351,0.0020564923173109484
0.5,-0.6560141698960442,0.0026908892873076236,0.002066017223455424
0.5,-0.6460141698960442,0.002700544865346275,0.0020753965631132854
0.5,-0.6360141698960442,0.0027099051937199,0.0020845662738907256
0.5,-0.6260141698960442,0.0027189035889178996,0.0020934639081872375
0.5,-0.6160141698960442,0.0027274768059452263,0.0021020291205670893
0.5,-0.6060141698960442,0.0027355656491327225,0.002110204176363817
0.5,-0.5960141698960442,0.002743115602953329,0.002117934481162681
0.5,-0.5860141698960442,0.0027500774820387493,0.0021251691307207776
0.5,-0.5760141698960441,0.0027564080995191387,0.0021318614808157055
0.5,-0.5660141698960441,0.002762070952698643,0.0021379697364146966
0.5,-0.5560141698960441,0.002767036925011441,0.0021434575594874994
0.5,-0.5460141698960441,0.002771285003098764,0.0021482946946891346
0.5,-0.5360141698960441,0.002774803007766878,0.0021524576120582894
0.5,-0.5260141698960441,0.0027775883374864573,0.0021559301657811947
0.5,-0.5160141698960441,0.0027796487230298695,0.002158704268000633
0.5,-0.5060141698960441,0.0027810029917335333,0.0021607805765443966
0.5,-0.4960141698960441,0.002781681839796602,0.0021621691953664923
0.5,-0.48601416989604407,0.002781728610956444,0.0021628903864159554
0.5,-0.47601416989604406,0.002781200079793958,0.0021629752915569567
0.5,-0.46601416989604405,0.0027801672378425014,0.0021624666630777056
0.5,-0.45601416989604404,0.0027787160806127687,0.002161419601252379
0.5,-0.44601416989604403,0.0027769483935789017,0.0021599022973423643
0.5,-0.436014169896044,0.0027749825350899906,0.0021579967803340983
0.5,-0.426014169896044,0.002772954214140057,0.002155799665658986
0.5,-0.416014169896044,0.0027710172608459986,0.0021534229040495456
0.5,-0.406014169896044,0.002769344387463099,0.0021509945286422028
0.5,-0.396014169896044,0.002768127937697001,0.0021486593983554014
0.5,-0.386014169896044,0.002767580622060534,0.002146579935535048
0.5,-0.37601416989604397,0.0027679362369634306,0.0021449368557857063
0.5,-0.36601416989604396,0.002769450365225623,0.002143929887879814
0.5,-0.35601416989604395,0.0027724010556725116,0.0021437784815853123
0.5,-0.34601416989604394,0.0027770894794565794,0.002144722501214613
0.5,-0.33601416989604393,0.002783840560745988,0.0021470229026685217
0.5,-0.3260141698960439,0.0027930035794424025,0.0021509623917395637
0.5,-0.3160141698960439,0.0028049527435625656,0.0021568460613936302
0.5,-0.3060141698960439,0.0028200877289725913,0.002165002005766248
0.5,-0.2960141698960439,0.00283883418416587,0.0021757819085886365
0.5,-0.2860141698960439,0.0028616441978176394,0.0021895616037693744
0.5,-0.2760141698960439,0.0028889967268792066,0.0022067416058600686
0.5,-0.2660141698960439,0.002921397983035078,0.0022277476081602465
0.5,-0.25601416989604386,0.0029593817753915306,0.0022530309462340803
0.5,-0.24601416989604385,0.003003509807323937,0.0022830690246403718
0.5,-0.23601416989604385,0.0030543719254973083,0.0023183657047294304
0.5,-0.22601416989604384,0.003112586319127791,0.0023594516513887887
0.5,-0.21601416989604383,0.0031787996676522273,0.002406884636684814
0.5,-0.20601416989604382,0.0032536872350686806,0.0024612497984113912
0.5,-0.1960141698960438,0.0033379529092773435,0.0025231598516013143
0.5,-0.1860141698960438,0.003432329184907548,0.002593255251169768
0.5,-0.1760141698960438,0.00353757708817275,0.0026722043039001664
0.5,-0.16601416989604378,0.0036544860424530677,0.002760703228101846
0.5,-0.15601416989604378,0.0037838736734048467,0.0028594761593472295
0.5,-0.14601416989604377,0.003926585552530855,0.002969275100802138
0.5,-0.13601416989604376,0.004083494878288339,0.0030908798167784413
0.5,-0.12601416989604375,0.004255502093925952,0.003225097668233645
0.5,-0.11601416989604374,0.00444353444142007,0.003372763389088984
0.5,-0.10601416989604373,0.00464854545098302,0.003534738802328935
0.5,-0.09601416989604372,0.004871514365803692,0.0037119124750028543
0.5,-0.08601416989604371,0.005113445501822417,0.003905199311374924
0.5,-0.0760141698960437,0.005375367542487247,0.00411554008359899
0.5,-0.0660141698960437,0.0056583327686156775,0.004343900899451331
0.5,-0.056014169896043686,0.0059634162236338025,0.004591272606791208
0.5,-0.04601416989604368,0.006291714814633576,0.00485867013457375
0.5,-0.03601416989604367,0.006644346349854472,0.0051471317703936925
0.5,-0.02601416989604366,0.007022448513348464,0.00545771837468545
0.5,-0.01601416989604365,0.007427177777769795,0.005791512531875459
0.5,-0.006014169896043642,0.007859708256368801,0.006149617638922106
0.5,0.003985830103956367,0.008321230495463348,0.006533156931861739
0.5,0.013985830103956154,0.008812950208796527,0.0069432724511195865
0.5,0.023985830103956385,0.009336086955355823,0.007381123946510165
0.5,0.033985830103956616,0.009891872762391375,0.007847887723015479
0.5,0.0439858301039564,0.010481550695533045,0.008344755428594336
0.5,0.05398583010395619,0.011106373378018326,0.008872932785404852
0.5,0.06398583010395642,0.011767601461245303,0.009433638266019367
0.5,0.07398583010395665,0.01246650204895871,0.010028101716327925
0.5,0.08398583010395644,0.013204347077554834,0.01065756292700698
0.5,0.09398583010395622,0.013982411655082207,0.011323270155546322
0.5,0.10398583010395646,0.014801972361683126,0.012026478601001478
0.5,0.11398583010395669,0.015664305514317862,0.01276844883376052
0.5,0.12398583010395647,0.01657068539873564,0.0135504451827545
0.5,0.13398583010395626,0.017522382471758247,0.014373734082666206
0.5,0.1439858301039565,0.018520661537063426,0.015239582383831773
0.5,0.15398583010395672,0.01956677989771542,0.016149255627623316
0.5,0.1639858301039565,0.020661985488821172,0.01710401629024766
0.5,0.1739858301039563,0.021807514993718604,0.018105121997964435
0.5,0.18398583010395653,0.023004591947222534,0.019153823716863527
0.5,0.19398583010395676,0.024254424829475374,0.020251363920403886
0.5,0.20398583010395654,0.025558205154035323,0.021398974738025156
0.5,0.21398583010395633,0.02691710555385199,0.02259787608820074
0.5,0.22398583010395656,0.02833227786883719,0.023849273799386395
0.5,0.2339858301039568,0.029804851238758357,0.02515435772237526
0.5,0.24398583010395658,0.0313359302051834,0.02651429983761061
0.5,0.25398583010395637,0.03292659282624586,0.02793025236107599
0.5,0.2639858301039566,0.03457788880797081,0.029403345852397317
0.5,0.27398583010395683,0.036290837655901007,0.03093468732882554
0.5,0.2839858301039566,0.03806642685075405,0.032525358388793724
0.5,0.2939858301039564,0.03990561005178533,0.03417641334873203
0.5,0.30398583010395663,0.04180930533153235,0.03588887739685104
0.5,0.31398583010395686,0.04377839344552784,0.03766374476756529
0.5,0.32398583010395665,0.04581371614054966,0.03950197694023708
0.5,0.33398583010395644,0.047916074504875075,0.04140450086586561
0.5,0.34398583010395667,0.050086227363980905,0.043372207225347265
0.5,0.3539858301039569,0.05232488972498947,0.04540594872284032
0.5,0.3639858301039567,0.05463273127312086,0.0475065384177534
0.5,0.3739858301039565,0.057010374923295776,0.049674748098798543
0.5,0.3839858301039567,0.05945839542991223,0.05191130670346811
0.5,0.39398583010395694,0.06197731805774011,0.0542168987862397
0.5,0.4039858301039567,0.06456761731671735,0.05659216303869652
0.5,0.4139858301039565,0.06722971576333553,0.05903769086467714
0.5,0.42398583010395674,0.06996398287116427,0.06155402501346266
0.5,0.43398583010395697,0.07277073397290301,0.06414165827388199
0.5,0.44398583010395676,0.07565022927622131,0.06680103223211292
0.5,0.45398583010395654,0.0786026729555062,0.06953253609583745
0.5,0.4639858301039568,0.081628212321457,0.07233650558726237
0.5,0.473985830103957,0.0847269370703112,0.07521322190738233
0.5,0.4839858301039568,0.08789887861434954,0.07816291077374182
0.5,0.4939858301039566,0.09114400949512008,0.08118574153377375
0.5,0.5039858301039568,0.09446224288067043,0.08428182635565587
0.5,0.513985830103957,0.09785343214790708,0.08745121949847157
0.5,0.5239858301039568,0.10131737055101217,0.09069391666329113
0.5,0.5339858301039566,0.10485379097668344,0.09400985442663568
0.5,0.5439858301039568,0.10846236578676598,0.09739890975760282
0.5,0.5539858301039571,0.1121427067486766,0.10086089961977371
0.5,0.5639858301039569,0.11589436505385071,0.10439558065885488
0.5,0.5739858301039567,0.11971683142422088,0.10800264897680259
0.5,0.5839858301039569,0.12360953630661464,0.11168173999304662
0.5,0.5939858301039571,0.1275718501547267,0.11543242839321091
0.5,0.6039858301039569,0.13160308379816418,0.11925422816557044
0.5,0.6139858301039567,0.13570248889791145,0.12314659272532003
0.5,0.6239858301039569,0.13986925848732512,0.12710891512650935
0.5,0.6339858301039571,0.14410252759767184,0.13114052836137596
0.5,0.6439858301039569,0.14840137396699538,0.1352407057465887
0.5,0.6539858301039567,0.1527648188309762,0.13940866139577257
0.5,0.663985830103957,0.15719182779425567,0.14364355077749055
0.5,0.6739858301039572,0.1616813117805559,0.14794447135770064
0.5,0.683985830103957,0.16623212805978405,0.15231046332554862
0.5,0.6939858301039568,0.17084308135013715,0.15674051040117332
0.5,0.703985830103957,0.17551292499311177,0.16123354072406554
0.5,0.7139858301039572,0.18024036219916756,0.16578842782035202
0.5,0.723985830103957,0.18502404736167521,0.1704039916472338
0.5,0.7339858301039568,0.18986258743664886,0.17507899971265828
0.5,0.743985830103957,0.19475454338565887,0.17981216826817176
0.5,0.7539858301039573,0.19969843167919438,0.18460216357275394
0.5,0.763985830103957,0.20469272585766266,0.18944760322532164
0.5,0.7739858301039568,0.20973585814709944,0.19434705756345208
0.5,0.7839858301039571,0.21482622112659078,0.19929905112577168
0.5,0.7939858301039573,0.21996216944431252,0.20430206417533447
0.5,0.8039858301039571,0.2251420215790435,0.2093545342812294
0.5,0.8139858301039569,0.2303640616439156,0.2144548579555367
0.5,0.8239858301039571,0.235626541229134,0.21960139234268544
0.5,0.8339858301039573,0.24092768128033182,0.224792456958166
0.5,0.8439858301039571,0.24626567400920224,0.2300263354734937
0.5,0.8539858301039569,0.25163868483299734,0.23530127754423313
0.5,0.8639858301039571,0.2570448543394829,0.24061550067785434
0.5,0.8739858301039574,0.2624823002738953,0.2459671921381181
0.5,0.8839858301039571,0.267949119544466,0.2513545108826658
0.5,0.8939858301039569,0.27344339024305775,0.25677558953043544
0.5,0.9039858301039572,0.2789631736774816,0.26222853635550925
0.5,0.9139858301039574,0.2845065164120524,0.2677114373039589
0.5,0.9239858301039572,0.2900714523129998,0.2732223580302656
0.5,0.933985830103957,0.29565600459536473,0.2787593459498755
0.5,0.9439858301039572,0.3012581878680252,0.2843204323044312
0.5,0.9539858301039574,0.3068760101735961,0.28990363423627286
0.5,0.9639858301039572,0.31250747501994325,0.29550695686877726
0.5,0.973985830103957,0.31815058340014735,0.3011283953891498
0.5,0.9839858301039572,0.3238033357978039,0.3067659371303073
0.5,0.9939858301039575,0.32946373417461877,0.31241756364852563
0.5,1.0039858301039573,0.33512978393734116,0.3180812527935742
0.5,1.013985830103957,0.34079949588115066,0.32375498076810416
0.5,1.0239858301039573,0.346470888106716,0.329436724173119
0.5,1.0339858301039575,0.35214198790821755,0.33512446203640767
0.5,1.0439858301039573,0.3578108336297563,0.34081617782091156
0.5,1.053985830103957,0.36347547648763684,0.3465098614100397
0.5,1.0639858301039573,0.3691339823561464,0.3522035110670471
0.5,1.0739858301039575,0.3747844335145607,0.3578951353656733
0.5,1.0839858301039573,0.38042493035319946,0.36358275508931037
0.5,1.0939858301039571,0.3860535930365187,0.36926440509609443
0.5,1.1039858301039573,0.3916685631212777,0.3749381361473637
0.5,1.1139858301039576,0.3972680051280264,0.3806020166970885
0.5,1.1239858301039574,0.40285010806419985,0.3862541346399184
0.5,1.1339858301039571,0.4084130868973063,0.3918925990156606
0.5,1.1439858301039574,0.41395518397676667,0.397515541668062
0.5,1.1539858301039576,0.41947467040312836,0.40312111885591895
0.5,1.1639858301039574,0.4249698473434905,0.40870751281463324
0.5,1.1739858301039572,0.43043904729211424,0.4142729332664627
0.5,1.1839858301039574,0.435880635275312,0.4198156188778223
0.5,1.1939858301039576,0.44129300999985205,0.4253338386621243
0.5,1.2039858301039574,0.4466746049442322,0.4308258933267616
0.5,1.2139858301039572,0.4520238893923153,0.4362901165629656
0.5,1.2239858301039575,0.4573393694089319,0.44172487627738644
0.5,1.2339858301039577,0.4626195887571862,0.44712857576437004
0.5,1.2439858301039575,0.4678631297573319,0.4524996548180398
0.5,1.2539858301039573,0.47306861408719064,0.4578365907833956
0.5,1.2639858301039575,0.47823470352420816,0.46313789954577966
0.5,1.2739858301039577,0.4833601006293617,0.46840213645817425
0.5,1.2839858301039575,0.4884435493732371,0.47362789720591836
0.5,1.2939858301039573,0.49348383570470544,0.47881381860854855
0.5,1.3039858301039575,0.4984797880627349,0.48395857935859005
0.5,1.3139858301039578,0.5034302778319604,0.4890609006972284
0.5,1.3239858301039575,0.5083342197427526,0.4941195470269246
0.5,1.3339858301039573,0.5131905722165984,0.4991333264611293
0.5,1.3439858301039576,0.5179983376576986,0.5041010913113673
0.5,1.3539858301039578,0.5227565626917785,0.5090217385120717
0.5,1.3639858301039576,0.5274643383531713,0.5138942099836477
0.5,1.3739858301039574,0.5321208002213216,0.518717492934343
0.5,1.3839858301039576,0.5367251285079093,0.5234906201016027
0.5,1.3939858301039578,0.5412765480958655,0.5282126699336749
0.5,1.4039858301039576,0.5457743285316128,0.5328827667123294
0.5,1.4139858301039574,0.5502177839719011,0.5375000806176311
0.5,1.4239858301039576,0.5546062730866729,0.5420638277357953
0.5,1.4339858301039579,0.5589391989194163,0.5465732700112269
0.5,1.4439858301039576,0.5632160087065202,0.5510277151439283
0.5,1.4539858301039574,0.5674361936571585,0.5554265164335224
0.5,1.4639858301039577,0.571599288695265,0.5597690725712015
0.5,1.473985830103958,0.5757048721651807,0.5640548273809888
0.5,1.4839858301039577,0.5797525655025689,0.5682832695117415
0.5,1.4939858301039575,0.5837420328722044,0.5724539320813877
0.5,1.5039858301039577,0.5876729807742421,0.5765663922749341
0.5,1.513985830103958,0.5915451576205848,0.5806202708978293
0.5,1.5239858301039577,0.5953583532829483,0.5846152318863094
0.5,1.5339858301039575,0.5991123986142278,0.5885509817763861
0.5,1.5439858301039577,0.6028071649447382,0.5924272691331718
0.5,1.553985830103958,0.6064425635549082,0.5962438839422648
0.5,1.5639858301039578,0.6100185451259548,0.6000006569649448
0.5,1.5739858301039575,0.6135350991700688,0.6036974590589428
0.5,1.5839858301039578,0.6169922534415868,0.607334200466572
0.5,1.593985830103958,0.6203900733306095,0.6109108300720161
0.5,1.6039858301039578,0.6237286612404771,0.6144273346295778
0.5,1.6139858301039576,0.6270081559504821,0.6178837379647039
0.5,1.6239858301039578,0.6302287319651476,0.6212801001495895
0.5,1.633985830103958,0.6333905988513608,0.624616516655177
0.5,1.6439858301039578,0.6364940005645954,0.6278931174813498
0.5,1.6539858301039576,0.6395392147654204,0.6311100662671149
0.5,1.6639858301039578,0.6425265521274195,0.6342675593825555
0.5,1.673985830103958,0.6454563556376074,0.6373658250043174
0.5,1.6839858301039579,0.6483289998903734,0.6404051221763795
0.5,1.6939858301039576,0.6511448903759125,0.6433857398578302
0.5,1.7039858301039579,0.6539044627640613,0.6463079959593524
0.5,1.713985830103958,0.65660818218439,0.6491722363700896
0.5,1.723985830103958,0.6592565425033426,0.6519788339765386
0.5,1.7339858301039577,0.6618500655991628,0.6547281876750827
0.5,1.743985830103958,0.6643893006352805,0.6574207213797413
0.5,1.7539858301039581,0.6668748233327713,0.6600568830266804
0.5,1.763985830103958,0.6693072352424553,0.6626371435769887
0.5,1.7739858301039577,0.6716871630171322,0.6651619960191846
0.5,1.783985830103958,0.6740152576843921,0.6676319543728751
0.5,1.7939858301039582,0.6762921939204025,0.6700475526949516
0.5,1.803985830103958,0.6785186693249949,0.6724093440896537
0.5,1.8139858301039578,0.6806954036983401,0.6747178997237957
0.5,1.823985830103958,0.682823138319443,0.6769738078483987
0.5,1.8339858301039582,0.6849026352266383,0.6791776728279225
0.5,1.843985830103958,0.6869346765002252,0.6813301141782502
0.5,1.8539858301039578,0.6889200635473333,0.6834317656145181
0.5,1.863985830103958,0.6908596163890681,0.685483274109846
0.5,1.8739858301039582,0.6927541729499511,0.687485298965963
0.5,1.883985830103958,0.6946045883496221,0.6894385108966777
0.5,1.8939858301039578,0.6964117341967535,0.6913435911250946
0.5,1.903985830103958,0.698176497885078,0.6932012304954174
0.5,1.9139858301039583,0.6998997818914139,0.6950121286001404
0.5,1.923985830103958,0.7015825030755465,0.6967769929233723
0.5,1.9339858301039579,0.7032255919817982,0.6984965380009878
0.5,1.943985830103958,0.7048299921421033,0.7001714845982514
0.5,1.9539858301039583,0.7063966593803888,0.7018025589055109
0.5,1.963985830103958,0.7079265611180492,0.7033904917525059
0.5,1.973985830103958,0.7094206756802941,0.7049360178417896
0.5,1.9839858301039581,0.7108799916031392,0.7064398750017155
0.5,1.9939858301039584,0.7123055069408175,0.7079028034593895
0.6,-1.9960141698960454,0.01782829861596749,0.011943111904725258
0.6,-1.9860141698960454,0.016949787879952008,0.011344680344124001
0.6,-1.9760141698960454,0.016114916391935855,0.010775908540090882
0.6,-1.9660141698960454,0.015322223515573661,0.010235829763059314
0.6,-1.9560141698960454,0.014570261681046073,0.009723484050763247
0.6,-1.9460141698960454,0.013857597860466683,0.009237919256657179
0.6,-1.9360141698960454,0.013182814982012358,0.008778192060122123
0.6,-1.9260141698960453,0.01254451328138758,0.008343368937280006
0.6,-1.9160141698960453,0.011941311589419003,0.007932527091358636
0.6,-1.9060141698960453,0.011371848554728036,0.007544755341651311
0.6,-1.8960141698960453,0.010834783800606556,0.007179154970231849
0.6,-1.8860141698960453,0.010328799015400488,0.006834840525706483
0.6,-1.8760141698960453,0.009852598975863349,0.006510940583390621
0.6,-1.8660141698960453,0.009404912503123513,0.006206598461421962
0.6,-1.8560141698960453,0.008984493351055845,0.00592097289242254
0.6,-1.8460141698960453,0.008590121027043197,0.0056532386504562025
0.6,-1.8360141698960453,0.008220601545223796,0.005402587133107417
0.6,-1.8260141698960453,0.007874768112538282,0.005168226898656698
0.6,-1.8160141698960452,0.007551481747988029,0.0049493841584011735
0.6,-1.8060141698960452,0.007249631835695146,0.004745303224294233
0.6,-1.7960141698960452,0.006968136612493187,0.004555246912178674
0.6,-1.7860141698960452,0.0067059435909047,0.004378496900981191
0.6,-1.7760141698960452,0.006462029918511673,0.004214354048344617
0.6,-1.7660141698960452,0.0062354026748309005,0.004062138663255155
0.6,-1.7560141698960452,0.006025099106941722,0.003921190736321733
0.6,-1.7460141698960452,0.005830186805237207,0.003790870128457442
0.6,-1.7360141698960452,0.005649763820735442,0.003670556718768623
0.6,-1.7260141698960452,0.005482958725549658,0.003559650512574919
0.6,-1.7160141698960452,0.005328930618147703,0.003457571710517939
0.6,-1.7060141698960452,0.005186869075170844,0.003363760739819526
0.6,-1.6960141698960451,0.005055994051618704,0.003277678248788192
0.6,-1.6860141698960451,0.004935555731312788,0.0031988050657538025
0.6,-1.6760141698960451,0.004824834329581707,0.0031266421236441034
0.6,-1.6660141698960451,0.004723139850203247,0.0030607103514891064
0.6,-1.656014169896045,0.004629811798665689,0.0030005505341700457
0.6,-1.646014169896045,0.004544218853840098,0.002945723141761647
0.6,-1.636014169896045,0.004465758500233513,0.0028958081298787876
0.6,-1.626014169896045,0.0043938566229661065,0.002850404712434056
0.6,-1.616014169896045,0.004327967067678024,0.002809131108264182
0.6,-1.606014169896045,0.004267571167553728,0.0027716242630834386
0.6,-1.596014169896045,0.004212177239676197,0.0027375395482482647
0.6,-1.586014169896045,0.004161320052904099,0.0027065504378152383
0.6,-1.576014169896045,0.0041145602694790335,0.0026783481653929186
0.6,-1.566014169896045,0.004071483862525904,0.002652641362268682
0.6,-1.556014169896045,0.004031701511611098,0.0026291556783007053
0.6,-1.546014169896045,0.003994847978494116,0.0026076333870541646
0.6,-1.536014169896045,0.003960581465142716,0.0025878329766251796
0.6,-1.526014169896045,0.0039285829561047396,0.002569528727616799
0.6,-1.516014169896045,0.0038985555472158856,0.00255251027966338
0.6,-1.506014169896045,0.0038702237626276944,0.002536582187907186
0.6,-1.496014169896045,0.003843332862060198,0.0025215634707833347
0.6,-1.486014169896045,0.0038176481401288823,0.0025072871504369233
0.6,-1.476014169896045,0.003792954219549622,0.002493599787068419
0.6,-1.466014169896045,0.00376905433993355,0.0024803610084457263
0.6,-1.456014169896045,0.0037457696438477454,0.002467443035798738
0.6,-1.446014169896045,0.0037229384617272934,0.0024547302072534193
0.6,-1.436014169896045,0.003700415597144986,0.0024421184999108194
0.6,-1.426014169896045,0.003678071613907877,0.002429515051650526
0.6,-1.416014169896045,0.0036557921263254503,0.0024168376836554727
0.6,-1.4060141698960449,0.003633477093951521,0.0024040144246247055
0.6,-1.3960141698960449,0.0036110401220215407,0.0023909830375848174
0.6,-1.3860141698960449,0.0035884077686975436,0.002377690550136222
0.6,-1.3760141698960449,0.0035655188602216046,0.002364092788957919
0.6,-1.3660141698960448,0.003542323814902503,0.0023501539192756836
0.6,-1.3560141698960448,0.003518783976903717,0.002335845990020573
0.6,-1.3460141698960448,0.0034948709606054513,0.0023211484852723886
0.6,-1.3360141698960448,0.00347056600633481,0.0023060478825898656
0.6,-1.3260141698960448,0.0034458593481322152,0.002290537218740951
0.6,-1.3160141698960448,0.003420749594160392,0.0022746156632997127
0.6,-1.3060141698960448,0.003395243120315982,0.0022582881005385504
0.6,-1.2960141698960448,0.0033693534775008837,0.002241564719970981
0.6,-1.2860141698960448,0.003343100812996305,0.0022244606158827195
0.6,-1.2760141698960448,0.0033165113062621158,0.0022069953961037924
0.6,-1.2660141698960448,0.0032896166194884184,0.0021891928002691686
0.6,-1.2560141698960448,0.003262453363125908,0.002171080327743056
0.6,-1.2460141698960447,0.0032350625766002844,0.0021526888753605534
0.6,-1.2360141698960447,0.0032074892243495507,0.002134052385090257
0.6,-1.2260141698960447,0.0031797817073007354,0.002115207501699743
0.6,-1.2160141698960447,0.0031519913898427816,0.0020961932404605934
0.6,-1.2060141698960447,0.003124172142330493,0.0020770506649089525
0.6,-1.1960141698960447,0.0030963798991322997,0.00205782257465728
0.6,-1.1860141698960447,0.0030686722321664884,0.002038553203203648
0.6,-1.1760141698960447,0.003041107939912247,0.002019287925706408
0.6,-1.1660141698960447,0.0030137466517987967,0.0020000729766343995
0.6,-1.1560141698960447,0.0029866484479027077,0.001980955177215975
0.6,-1.1460141698960447,0.0029598734938507797,0.001961981672585935
0.6,-1.1360141698960446,0.0029334816908335704,0.0019431996785318972
0.6,-1.1260141698960446,0.002907532340608211,0.001924656237722715
0.6,-1.1160141698960446,0.002882083825394467,0.0019063979853168433
0.6,-1.1060141698960446,0.002857193302545511,0.001888470923833694
0.6,-1.0960141698960446,0.0028329164139092294,0.0018709202071938336
0.6,-1.0860141698960446,0.0028093070097640117,0.0018537899338144114
0.6,-1.0760141698960446,0.002786416887267543,0.0018371229486837848
0.6,-1.0660141698960446,0.0027642955433383517,0.0018209606543298663
0.6,-1.0560141698960446,0.0027429899419257673,0.0018053428306239283
0.6,-1.0460141698960446,0.0027225442956257772,0.0017903074633672134
0.6,-1.0360141698960446,0.0027029998616333395,0.001775890581634485
0.6,-1.0260141698960445,0.002684394752039893,0.0017621261038665637
0.6,-1.0160141698960445,0.0026667637584960077,0.0017490456927181698
0.6,-1.0060141698960445,0.0026501381912963336,0.001736678618699017
0.6,-0.9960141698960445,0.002634545732968176,0.001725051632670187
0.6,-0.9860141698960445,0.0026200103064517683,0.0017141888472713162
0.6,-0.9760141698960445,0.0026065519580053707,0.0017041116273929192
0.6,-0.9660141698960445,0.002594186754987151,0.0016948384898306302
0.6,-0.9560141698960445,0.002582926698672638,0.0016863850122736323
0.6,-0.9460141698960445,0.0025727796523198473,0.0016787637518250876
0.6,-0.9360141698960445,0.0025637492846879045,0.0016719841732603415
0.6,-0.9260141698960445,0.002555835029252236,0.0016660525872648436
0.6,-0.9160141698960445,0.0025490320593744595,0.0016609720989158917
0.6,-0.9060141698960444,0.002543331279696376,0.0016567425666924151
0.6,-0.8960141698960444,0.0025387193340512637,0.0016533605723250844
0.6,-0.8860141698960444,0.002535178630192678,0.0016508194018167188
0.6,-0.8760141698960444,0.002532687381659124,0.0016491090379874152
0.6,-0.8660141698960444,0.0025312196670757045,0.0016482161649008732
0.6,-0.8560141698960444,0.0025307455072468843,0.0016481241845749395
0.6,-0.8460141698960444,0.0025312309603305167,0.0016488132463510397
0.6,-0.8360141698960444,0.0025326382354499393,0.001650260289351877
0.6,-0.8260141698960444,0.0025349258250329096,0.0016524390984250204
0.6,-0.8160141698960444,0.0025380486562104443,0.0016553203740094346
0.6,-0.8060141698960444,0.002541958261550062,0.0016588718163352211
0.6,-0.7960141698960443,0.0025466029694249945,0.0016630582243939073
0.6,-0.7860141698960443,0.0025519281142557504,0.001667841610084153
0.6,-0.7760141698960443,0.002557876266880731,0.0016731813279588436
0.6,-0.7660141698960443,0.0025643874852478406,0.0016790342209655053
0.6,-0.7560141698960443,0.002571399585612398,0.001685354782574038
0.6,-0.7460141698960443,0.0025788484343767983,0.0016920953356589052
0.6,-0.7360141698960443,0.0025866682606711247,0.0016992062284839449
0.6,-0.7260141698960443,0.002594791989738676,0.001706636048118071
0.6,-0.7160141698960443,0.002603151597131204,0.0017143318515739027
0.6,-0.7060141698960443,0.0026116784836731294,0.0017222394149322895
0.6,-0.6960141698960443,0.0026203038711124444,0.0017303035006879242
0.6,-0.6860141698960442,0.0026289592182898373,0.0017384681434933925
0.6,-0.6760141698960442,0.002637576657633492,0.001746676954459403
0.6,-0.6660141698960442,0.002646089451696522,0.0017548734441053427
0.6,-0.6560141698960442,0.0026544324694043916,0.0017630013640152953
0.6,-0.6460141698960442,0.002662542681592556,0.0017710050671900035
0.6,-0.6360141698960442,0.002670359675380902,0.0017788298870534192
0.6,-0.6260141698960442,0.002677826186816204,0.0017864225349864427
0.6,-0.6160141698960442,0.0026848886511672385,0.0017937315162172495
0.6,-0.6060141698960442,0.002691497770176711,0.001800707563830457
0.6,-0.5960141698960442,0.0026976090954976633,0.0018073040905921545
0.6,-0.5860141698960442,0.002703183627457965,0.0018134776582150636
0.6,-0.5760141698960441,0.0027081884282351603,0.001819188463629402
0.6,-0.5660141698960441,0.0027125972484259753,0.001824400841740541
0.6,-0.5560141698960441,0.0027163911659386347,0.0018290837840959995
0.6,-0.5460141698960441,0.002719559236044789,0.0018332114728013948
0.6,-0.5360141698960441,0.002722099151360568,0.001836763828956407
0.6,-0.5260141698960441,0.0027240179104404878,0.001839727074799953
0.6,-0.5160141698960441,0.002725332493618243,0.0018420943086938735
0.6,-0.5060141698960441,0.002726070544633699,0.0018438660919845517
0.6,-0.4960141698960441,0.0027262710565243466,0.0018450510467127401
0.6,-0.48601416989604407,0.002725985060204206,0.0018456664630749488
0.6,-0.47601416989604406,0.0027252763140810828,0.0018457389154619365
0.6,-0.46601416989604405,0.0027242219929997182,0.0018453048858263089
0.6,-0.45601416989604404,0.0027229133747528364,0.0018444113930686967
0.6,-0.44601416989604403,0.002721456522351028,0.0018431166270654843
0.6,-0.436014169896044,0.0027199729601774,0.0018414905858850973
0.6,-0.426014169896044,0.002718600342137854,0.0018396157146956683
0.6,-0.416014169896044,0.0027174931098502665,0.0018375875447889456
0.6,-0.406014169896044,0.0027168231389117265,0.001835515331108013
0.6,-0.396014169896044,0.0027167803712278985,0.0018335226865966092
0.6,-0.386014169896044,0.00271757343139347,0.0018317482116565742
0.6,-0.37601416989604397,0.0027194302250671985,0.001830346116937136
0.6,-0.36601416989604396,0.002722598517302363,0.0018294868376574414
0.6,-0.35601416989604395,0.002727346488775284,0.0018293576376194665
0.6,-0.34601416989604394,0.002733963267854079,0.00183016320103647
0.6,-0.33601416989604393,0.0027427594364591874,0.0018321262102771385
0.6,-0.3260141698960439,0.0027540675077010607,0.0018354879076177611
0.6,-0.3160141698960439,0.002768242373264412,0.0018405086390558979
0.6,-0.3060141698960439,0.0027856617185736264,0.0018474683782538648
0.6,-0.2960141698960439,0.0028067264037860257,0.0018566672286623033
0.6,-0.2860141698960439,0.0028318608087108364,0.0018684259018831996
0.6,-0.2760141698960439,0.0028615131397899275,0.0018830861703339253
0.6,-0.2660141698960439,0.0028961556973439,0.0019010112922967436
0.6,-0.25601416989604386,0.0029362851013384626,0.001922586407453082
0.6,-0.24601416989604385,0.0029824224739900284,0.0019482189010264505
0.6,-0.23601416989604385,0.003035113577620494,0.0019783387347024474
0.6,-0.22601416989604384,0.0030949289062273603,0.002013398742518433
0.6,-0.21601416989604383,0.003162463729336252,0.002053874889971041
0.6,-0.20601416989604382,0.0032383380867992114,0.0021002664946443875
0.6,-0.1960141698960438,0.0033231967332677374,0.002153096406699788
0.6,-0.1860141698960438,0.003417709031223797,0.0022129111476648687
0.6,-0.1760141698960438,0.0035225687915047964,0.0022802810059948087
0.6,-0.16601416989604378,0.0036384940604115208,0.0023558000879802424
0.6,-0.15601416989604378,0.003766226852581984,0.0024400863226429694
0.6,-0.14601416989604377,0.003906532828940959,0.0025337814193511577
0.6,-0.13601416989604376,0.0040602009191700065,0.00263755077698427
0.6,-0.12601416989604375,0.004228042888246698,0.0027520833435593773
0.6,-0.11601416989604374,0.0044108928467700955,0.0028780914253559334
0.6,-0.10601416989604373,0.004609606704879019,0.0030163104446540244
0.6,-0.09601416989604372,0.004825061569744003,0.003167498645335769
0.6,-0.08601416989604371,0.005058155086740203,0.0033324367457066018
0.6,-0.0760141698960437,0.005309804724537728,0.0035119275380044715
0.6,-0.0660141698960437,0.005580947004505431,0.003706795434198469
0.6,-0.056014169896043686,0.0058725366749537876,0.003917885957795164
0.6,-0.04601416989604368,0.00618554583089156,0.004146065181502933
0.6,-0.03601416989604367,0.006520962980116258,0.004392219110735951
0.6,-0.02601416989604366,0.006879792056589205,0.004657253013064917
0.6,-0.01601416989604365,0.00726305138220648,0.004942090693867058
0.6,-0.006014169896043642,0.007671772578191222,0.005247673718546864
0.6,0.003985830103956367,0.008106999427503076,0.005574960581855351
0.6,0.013985830103956154,0.008569786689770872,0.00592492582495538
0.6,0.023985830103956385,0.009061198870395505,0.006298559101022008
0.6,0.033985830103956616,0.009582308945606455,0.006696864190306542
0.6,0.0439858301039564,0.010134197045390727,0.007120857965733834
0.6,0.05398583010395619,0.010717949096298246,0.007571569310212141
0.6,0.06398583010395642,0.011334655426302576,0.008050037987003194
0.6,0.07398583010395665,0.011985409333961757,0.00855731346459983
0.6,0.08398583010395644,0.012671305624274022,0.009094453697712624
0.6,0.09398583010395622,0.013393439113686064,0.009662523866066195
0.6,0.10398583010395646,0.014152903106851864,0.010262595072854595
0.6,0.11398583010395669,0.014950787847808475,0.010895743004808977
0.6,0.12398583010395647,0.015788178948329866,0.011563046555950507
0.6,0.13398583010395626,0.016666155796293762,0.012265586417208497
0.6,0.1439858301039565,0.01758578994699048,0.013004443634203113
0.6,0.15398583010395672,0.018548143500336026,0.013780698135571897
0.6,0.1639858301039565,0.01955426746705623,0.01459542723434467
0.6,0.1739858301039563,0.020605200126910833,0.015449704104929652
0.6,0.18398583010395653,0.021701965382120218,0.01634459623839021
0.6,0.19398583010395676,0.022845571109154472,0.01728116387874465
0.6,0.20398583010395654,0.02403700751210637,0.0182604584431148
0.6,0.21398583010395633,0.025277245480864033,0.019283520928597968
0.6,0.22398583010395656,0.026567234957335026,0.020351380308809723
0.6,0.2339858301039568,0.02790790331297237,0.021465051923093555
0.6,0.24398583010395658,0.02930015374083454,0.022625535861427723
0.6,0.25398583010395637,0.030744863665432515,0.02383381534811818
0.6,0.2639858301039566,0.0322428831735718,0.025090855127379044
0.6,0.27398583010395683,0.033795033469379065,0.026397599853931128
0.6,0.2839858301039566,0.035402105356680445,0.027754972491770644
0.6,0.2939858301039564,0.03706485775182829,0.029163872724251333
0.6,0.30398583010395663,0.038784016230062106,0.03062517537864622
0.6,0.31398583010395686,0.040560271608390396,0.03213972886832238
0.6,0.32398583010395665,0.04239427856795155,0.033708353655668974
0.6,0.33398583010395644,0.044286654318703864,0.03533184073887199
0.6,0.34398583010395667,0.046237977309262,0.037010950165629664
0.6,0.3539858301039569,0.04824878598455176,0.03874640957682374
0.6,0.3639858301039567,0.05031957759391183,0.04053891278314957
0.6,0.3739858301039565,0.05245080705215369,0.04238911837764142
0.6,0.3839858301039567,0.05464288585597009,0.04429764838695945
0.6,0.39398583010395694,0.056896181058004765,0.04626508696425788
0.6,0.4039858301039567,0.05921101430073872,0.04829197912635436
0.6,0.4139858301039565,0.06158766091225795,0.05037882953785783
0.6,0.42398583010395674,0.06402634906583507,0.05252610134482147
0.6,0.43398583010395697,0.0665272590051039,0.0547342150603793
0.6,0.44398583010395676,0.06909052233648932,0.05700354750473636
0.6,0.45398583010395654,0.0717162213904219,0.059334430801781295
0.6,0.4639858301039568,0.07440438865270095,0.061727151434463896
0.6,0.473985830103957,0.07715500626722843,0.06418194936096626
0.6,0.4839858301039568,0.07996800561121309,0.06669901719359303
0.6,0.4939858301039566,0.08284326694375502,0.0692784994421536
0.6,0.5039858301039568,0.08578061912858594,0.07192049182349301
0.6,0.513985830103957,0.08877983943159165,0.07462504063869574
0.6,0.5239858301039568,0.0918406533935717,0.07739214221934176
0.6,0.5339858301039566,0.09496273477855122,0.08022174244406244
0.6,0.5439858301039568,0.0981457055977831,0.08311373632648775
0.6,0.5539858301039571,0.10138913620943577,0.08606796767554023
0.6,0.5639858301039569,0.1046925454938134,0.0890842288288895
0.6,0.5739858301039567,0.10805540110376276,0.09216226046020488
0.6,0.5839858301039569,0.11147711978982261,0.09530175146073312
0.6,0.5939858301039571,0.1149570677994686,0.09850233889553998
0.6,0.6039858301039569,0.11849456134967436,0.1017636080346201
0.6,0.6139858301039567,0.12208886717188967,0.10508509245893975
0.6,0.6239858301039569,0.12573920312832554,0.10846627424128798
0.6,0.6339858301039571,0.12944473889836944,0.11190658420170749
0.6,0.6439858301039569,0.1332045967337559,0.11540540223708902
0.6,0.6539858301039567,0.13701785228102542,0.1189620577243926
0.6,0.663985830103957,0.14088353546964297,0.12257582999679194
0.6,0.6739858301039572,0.14480063146403535,0.12624594889190455
0.6,0.683985830103957,0.14876808167769712,0.12997159537113484
0.6,0.6939858301039568,0.1527847848473694,0.13375190220900124
0.6,0.703985830103957,0.1568495981652171,0.13758595475120258
0.6,0.7139858301039572,0.16096133846680236,0.14147279174003374
0.6,0.723985830103957,0.1651187834725647,0.1454114062056395
0.6,0.7339858301039568,0.1693206730804172,0.1494007464214684
0.6,0.743985830103957,0.17356571070699317,0.15343971692217323
0.6,0.7539858301039573,0.17785256467497873,0.15752717958208337
0.6,0.763985830103957,0.1821798696439152,0.16166195475227446
0.6,0.7739858301039568,0.18654622808176682,0.16584282245414578
0.6,0.7839858301039571,0.19095021177450697,0.17006852362732516
0.6,0.7939858301039573,0.19539036337090246,0.17433776142961876
0.6,0.8039858301039571,0.19986519795965796,0.1786492025866491
0.6,0.8139858301039569,0.20437320467600825,0.18300147878872466
0.6,0.8239858301039571,0.20891284833484697,0.18739318813242492
0.6,0.8339858301039573,0.2134825710874262,0.19182289660430166
0.6,0.8439858301039571,0.21808079409867426,0.19628913960404795
0.6,0.8539858301039569,0.22270591924213365,0.20079042350441229
0.6,0.8639858301039571,0.22735633080955336,0.20532522724510238
0.6,0.8739858301039574,0.23203039723213845,0.20989200395786078
0.6,0.8839858301039571,0.2367264728105019,0.2144891826198748
0.6,0.8939858301039569,0.24144289945035716,0.21911516973263823
0.6,0.9039858301039572,0.24617800840103418,0.22376835102336792
0.6,0.9139858301039574,0.25093012199390274,0.22844709316604495
0.6,0.9239858301039572,0.25569755537786204,0.23314974551916
0.6,0.933985830103957,0.2604786182490816,0.23787464187722712
0.6,0.9439858301039572,0.26527161657220333,0.24262010223311464
0.6,0.9539858301039574,0.27007485429032657,0.2473844345482862
0.6,0.9639858301039572,0.2748866350211042,0.2521659365280232
0.6,0.973985830103957,0.2797052637363796,0.2569628973987412
0.6,0.9839858301039572,0.284529048422853,0.2617735996845289
0.6,0.9939858301039575,0.28935630172134574,0.2665963209800752
0.6,1.0039858301039573,0.29418534254231676,0.2714293357171833
0.6,1.013985830103957,0.29901449765536525,0.2762709169221156
0.6,1.0239858301039573,0.3038421032505556,0.28111933796106153
0.6,1.0339858301039575,0.30866650646947724,0.2859728742710679
0.6,1.0439858301039573,0.313486066904084,0.29082980507384454
0.6,1.053985830103957,0.3182991580614163,0.29568841506990057
0.6,1.0639858301039573,0.32310416879244974,0.30054699611054686
0.6,1.0739858301039575,0.3278995046834117,0.3054038488453745
0.6,1.0839858301039573,0.3326835894079995,0.3102572843428782
0.6,1.0939858301039571,0.3374548660390897,0.31510562568200057
0.6,1.1039858301039573,0.3422117983185759,0.31994720951241706
0.6,1.1139858301039576,0.3469528718841695,0.3247803875815155
0.6,1.1239858301039574,0.3516765954520273,0.32960352822606376
0.6,1.1339858301039571,0.35638150195427115,0.334415017826697
0.6,1.1439858301039574,0.36106614963050965,0.3392132622234129
0.6,1.1539858301039576,0.3657291230726405,0.3439966880903842
0.6,1.1639858301039574,0.37036903422230105,0.34876374426848705
0.6,1.1739858301039572,0.3749845233204675,0.3535129030540482
0.6,1.1839858301039574,0.37957425980880444,0.3582426614424084
0.6,1.1939858301039576,0.3841369431824896,0.36295154232501275
0.6,1.2039858301039574,0.38867130379435233,0.36763809563883654
0.6,1.2139858301039572,0.39317610361027205,0.372300899467064
0.6,1.2239858301039575,0.39765013691588613,0.37693856109003643
0.6,1.2339858301039577,0.4020922309747712,0.3815497179855958
0.6,1.2439858301039575,0.4065012466383651,0.3861330387780606
0.6,1.2539858301039573,0.4108760789079886,0.39068722413516427
0.6,1.2639858301039575,0.41521565744942823,0.39521100761239863
0.6,1.2739858301039577,0.41951894706063864,0.3997031564443087
0.6,1.2839858301039575,0.4237849480932025,0.4041624722823837
0.6,1.2939858301039573,0.4280126968282805,0.4085877918792948
0.6,1.3039858301039575,0.43220126580786433,0.4129779877193302
0.6,1.3139858301039578,0.43634976412221205,0.41733196859496824
0.6,1.3239858301039575,0.44045733765443473,0.42164868012964235
0.6,1.3339858301039573,0.4445231692832571,0.42592710524683036
0.6,1.3439858301039576,0.44854647904504386,0.4301662645857
0.6,1.3539858301039578,0.4525265242562373,0.4343652168636345
0.6,1.3639858301039576,0.45646259959741237,0.438523059186046
0.6,1.3739858301039574,0.4603540371601934,0.4426389273039727
0.6,1.3839858301039576,0.46420020645832616,0.44671199582003435
0.6,1.3939858301039578,0.46800051440423,0.4507414783434025
0.6,1.4039858301039576,0.4717544052523949,0.4547266275945211
0.6,1.4139858301039574,0.4754613605110049,0.4586667354603786
0.6,1.4239858301039576,0.4791208988231988,0.462561133001212
0.6,1.4339858301039579,0.48273257581938905,0.46640919040958023
0.6,1.4439858301039576,0.48629598394207274,0.4702103169228189
0.6,1.4539858301039574,0.4898107522445761,0.47396396068993907
0.6,1.4639858301039577,0.49327654616516753,0.47766960859409197
0.6,1.473985830103958,0.49669306727797474,0.4813267860317771
0.6,1.4839858301039577,0.5000600530221322,0.48493505665001935
0.6,1.4939858301039575,0.503377276410566,0.4884940220427842
0.6,1.5039858301039577,0.5066445457198034,0.49200332140794384
0.6,1.513985830103958,0.5098617041621767,0.4954626311661477
0.6,1.5239858301039577,0.5130286295417583,0.498871664542984
0.6,1.5339858301039575,0.5161452338953284,0.5022301711158496
0.6,1.5439858301039577,0.519211463119643,0.5055379363269732
0.6,1.553985830103958,0.5222272965862328,0.508794780964066
0.6,1.5639858301039578,0.5251927467449141,0.5120005606100861
0.6,1.5739858301039575,0.5281078587171423,0.5151551650636311
0.6,1.5839858301039578,0.5309727098803021,0.5182585177314748
0.6,1.593985830103958,0.5337874094439548,0.5213105749947871
0.6,1.6039858301039578,0.5365520980190256,0.524311325550573
0.6,1.6139858301039576,0.5392669471808427,0.5272607897298807
0.6,1.6239858301039578,0.5419321590268844,0.5301590187943164
0.6,1.633985830103958,0.5445479657300275,0.5330060942124177
0.6,1.6439858301039578,0.5471146290880241,0.5358021269174185
0.6,1.6539858301039576,0.5496324400698729,0.538547256547938
0.6,1.6639858301039578,0.5521017183596802,0.541241650673114
0.6,1.673985830103958,0.5545228118985372,0.5438855040036842
0.6,1.6839858301039579,0.5568960964248841,0.5464790375905105
0.6,1.6939858301039576,0.559221975013747,0.5490224980120152
0.6,1.7039858301039579,0.5615008776151795,0.5515161565519807
0.6,1.713985830103958,0.5637332605921711,0.5539603083691431
0.6,1.723985830103958,0.5659196062582106,0.5563552716599796
0.6,1.7339858301039577,0.5680604224146382,0.5587013868160705
0.6,1.743985830103958,0.5701562418878509,0.5609990155773792
0.6,1.7539858301039581,0.5722076220663602,0.5632485401827674
0.6,1.763985830103958,0.5742151444376477,0.5654503625190304
0.6,1.7739858301039577,0.5761794141246992,0.5676049032697041
0.6,1.783985830103958,0.5781010594220471,0.5697126010648534
0.6,1.7939858301039582,0.5799807313310889,0.5717739116330254
0.6,1.803985830103958,0.581819103094409,0.5737893069565044
0.6,1.8139858301039578,0.5836168697287755,0.5757592744309724
0.6,1.823985830103958,0.5853747475564388,0.5776843160306335
0.6,1.8339858301039582,0.587093473734323,0.5795649474798272
0.6,1.843985830103958,0.5887738057806522,0.5814016974321069
0.6,1.8539858301039578,0.590416521098533,0.5831951066577221
0.6,1.863985830103958,0.5920224164959719,0.584945727240402
0.6,1.8739858301039582,0.5935923077017812,0.5866541217842884
0.6,1.883985830103958,0.5951270288768117,0.5883208626318317
0.6,1.8939858301039578,0.5966274321199225,0.5899465310934141
0.6,1.903985830103958,0.5980943869680857,0.5915317166894228
0.6,1.9139858301039583,0.5995287798900187,0.5930770164054531
0.6,1.923985830103958,0.6009315137727187,0.5945830339612777
0.6,1.9339858301039579,0.6023035074002858,0.5960503790941762
0.6,1.943985830103958,0.6036456949244149,0.5974796668571746
0.6,1.9539858301039583,0.6049590253259387,0.5988715169327027
0.6,1.963985830103958,0.6062444618668282,0.6002265529621383
0.6,1.973985830103958,0.6075029815320605,0.6015454018916605
0.6,1.9839858301039581,0.6087355744607845,0.6028286933347972
0.6,1.9939858301039584,0.609943243366244,0.6040770589520124
0.7000000000000001,-1.9960141698960454,0.017430346851020555,0.009517167299077938
0.7000000000000001,-1.9860141698960454,0.016576871910057696,0.00904029214922381
0.7000000000000001,-1.9760141698960454,0.015765948491004267,0.00858705211788492
0.7000000000000001,-1.9660141698960454,0.014996130456467237,0.00815667684243789
0.7000000000000001,-1.9560141698960454,0.014265985879487362,0.0077484013529519604
0.7000000000000001,-1.9460141698960454,0.013574098466714455,0.007361466907648688
0.7000000000000001,-1.9360141698960454,0.012919068919154994,0.0069951217979098155
0.7000000000000001,-1.9260141698960453,0.012299516229242911,0.006648622121895003
0.7000000000000001,-1.9160141698960453,0.01171407891317107,0.006321232525926412
0.7000000000000001,-1.9060141698960453,0.011161416177571142,0.0060122269128783865
0.7000000000000001,-1.8960141698960453,0.010640209019806925,0.005720889116903503
0.7000000000000001,-1.8860141698960453,0.010149161261324135,0.0054465135439223525
0.7000000000000001,-1.8760141698960453,0.00968700051365565,0.0051884057773894
0.7000000000000001,-1.8660141698960453,0.009252479076860635,0.004945883148945625
0.7000000000000001,-1.8560141698960453,0.008844374770320915,0.004718275273649211
0.7000000000000001,-1.8460141698960453,0.00846149169600947,0.0045049245495822855
0.7000000000000001,-1.8360141698960453,0.008102660934453908,0.004305186621694972
0.7000000000000001,-1.8260141698960453,0.007766741173831758,0.0041184308098670555
0.7000000000000001,-1.8160141698960452,0.007452619272728744,0.003944040501225934
0.7000000000000001,-1.8060141698960452,0.007159210757265816,0.003781413506859466
0.7000000000000001,-1.7960141698960452,0.0068854602534351075,0.0036299623831423803
0.7000000000000001,-1.7860141698960452,0.006630341855607609,0.003489114717969385
0.7000000000000001,-1.7760141698960452,0.006392859432320385,0.0033583133822746164
0.7000000000000001,-1.7660141698960452,0.006172046870552292,0.003237016747281451
0.7000000000000001,-1.7560141698960452,0.005966968259827371,0.0031246988680063807
0.7000000000000001,-1.7460141698960452,0.005776718017603384,0.0030208496336145236
0.7000000000000001,-1.7360141698960452,0.005600420957463226,0.002924974885268746
0.7000000000000001,-1.7260141698960452,0.005437232301783423,0.0028365965022081377
0.7000000000000001,-1.7160141698960452,0.005286337640580125,0.0027552524568189825
0.7000000000000001,-1.7060141698960452,0.005146952838366811,0.0026804968395436842
0.7000000000000001,-1.6960141698960451,0.005018323890889086,0.00261189985450309
0.7000000000000001,-1.6860141698960451,0.004899726733701937,0.0025490477867725608
0.7000000000000001,-1.6760141698960451,0.004790467004579747,0.0024915429422788945
0.7000000000000001,-1.6660141698960451,0.004689879761835842,0.0024390035613428814
0.7000000000000001,-1.656014169896045,0.004597329160650127,0.0023910637069167544
0.7000000000000001,-1.646014169896045,0.004512208089527043,0.002347373128591312
0.7000000000000001,-1.636014169896045,0.0044339377690792315,0.002307597103497158
0.7000000000000001,-1.626014169896045,0.004361967315299912,0.002271416255220888
0.7000000000000001,-1.616014169896045,0.004295773269544899,0.0022385263518980196
0.7000000000000001,-1.606014169896045,0.00423485909742217,0.002208638084644615
0.7000000000000001,-1.596014169896045,0.004178754658806895,0.0021814768275103353
0.7000000000000001,-1.586014169896045,0.004127015651176065,0.0021567823801340175
0.7000000000000001,-1.576014169896045,0.004079223028466623,0.0021343086942974816
0.7000000000000001,-1.566014169896045,0.0040349823976128605,0.002113823585557855
0.7000000000000001,-1.556014169896045,0.00399392339491683,0.0020951084311458743
0.7000000000000001,-1.546014169896045,0.003955699044372796,0.002077957855308787
0.7000000000000001,-1.536014169896045,0.00391998509999807,0.0020621794032481895
0.7000000000000001,-1.526014169896045,0.00388647937424255,0.002047593204819636
0.7000000000000001,-1.516014169896045,0.00385490105443278,0.002034031629106756
0.7000000000000001,-1.506014169896045,0.0038249900092087942,0.0020213389309885386
0.7000000000000001,-1.496014169896045,0.00379650608683017,0.0020093708907804693
0.7000000000000001,-1.486014169896045,0.003769228407170869,0.001997994448004423
0.7000000000000001,-1.476014169896045,0.003742954649174949,0.001987087330320146
0.7000000000000001,-1.466014169896045,0.0037175003354522136,0.0019765376786051877
0.7000000000000001,-1.456014169896045,0.003692698115655514,0.0019662436691521186
0.7000000000000001,-1.446014169896045,0.0036683970501905725,0.0019561131339050682
0.7000000000000001,-1.436014169896045,0.003644461895729051,0.0019460631796164338
0.7000000000000001,-1.426014169896045,0.003620772393958291,0.0019360198067840124
0.7000000000000001,-1.416014169896045,0.0035972225648767185,0.0019259175291629544
0.7000000000000001,-1.4060141698960449,0.003573720005901095,0.0019156989946228116
0.7000000000000001,-1.3960141698960449,0.0035501851979718472,0.001905314608075401
0.7000000000000001,-1.3860141698960449,0.0035265508197336467,0.0018947221571398018
0.7000000000000001,-1.3760141698960449,0.00350276107085764,0.0018838864412008413
0.7000000000000001,-1.3660141698960448,0.0034787710053964644,0.0018727789044228102
0.7000000000000001,-1.3560141698960448,0.003454545876107241,0.0018613772732976438
0.7000000000000001,-1.3460141698960448,0.00343006049048361,0.0018496651992014341
0.7000000000000001,-1.3360141698960448,0.0034052985792600654,0.0018376319064387987
0.7000000000000001,-1.3260141698960448,0.0033802521780271887,0.001825271846184195
0.7000000000000001,-1.3160141698960448,0.003354921022535534,0.0018125843566919582
0.7000000000000001,-1.3060141698960448,0.003329311958221122,0.001799573330116657
0.7000000000000001,-1.2960141698960448,0.003303438364383324,0.001786246886226875
0.7000000000000001,-1.2860141698960448,0.003277319593433285,0.001772617053281542
0.7000000000000001,-1.2760141698960448,0.0032509804255115055,0.0017586994562702092
0.7000000000000001,-1.2660141698960448,0.0032244505387785585,0.0017445130127144934
0.7000000000000001,-1.2560141698960448,0.0031977639955834704,0.0017300796361702472
0.7000000000000001,-1.2460141698960447,0.003170958744693823,0.0017154239475529406
0.7000000000000001,-1.2360141698960447,0.0031440761397057027,0.0017005729943687983
0.7000000000000001,-1.2260141698960447,0.0031171604737299163,0.0016855559779169822
0.7000000000000001,-1.2160141698960447,0.0030902585303912845,0.001670403988492035
0.7000000000000001,-1.2060141698960447,0.0030634191511561175,0.0016551497485993213
0.7000000000000001,-1.1960141698960447,0.003036692818980698,0.0016398273641800194
0.7000000000000001,-1.1860141698960447,0.0030101312582050846,0.0016244720838029067
0.7000000000000001,-1.1760141698960447,0.0029837870506577266,0.0016091200657972933
0.7000000000000001,-1.1660141698960447,0.002957713267852315,0.0015938081532555367
0.7000000000000001,-1.1560141698960447,0.00293196311918411,0.0015785736568439798
0.7000000000000001,-1.1460141698960447,0.0029065896159988155,0.0015634541453419168
0.7000000000000001,-1.1360141698960446,0.002881645251413013,0.0015484872438301053
0.7000000000000001,-1.1260141698960446,0.0028571816957369076,0.0015337104394352883
0.7000000000000001,-1.1160141698960446,0.002833249507373013,0.0015191608945493592
0.7000000000000001,-1.1060141698960446,0.0028098978590395713,0.0015048752674299746
0.7000000000000001,-1.0960141698960446,0.0027871742791987404,0.0014908895401075858
0.7000000000000001,-1.0860141698960446,0.0027651244085349397,0.001477238853508359
0.7000000000000001,-1.0760141698960446,0.00274379177137956,0.0014639573497323907
0.7000000000000001,-1.0660141698960446,0.002723217561956148,0.0014510780214191119
0.7000000000000001,-1.0560141698960446,0.0027034404453519117,0.0014386325681534425
0.7000000000000001,-1.0460141698960446,0.0026844963731192046,0.0014266512598707479
0.7000000000000001,-1.0360141698960446,0.0026664184134393035,0.00141516280723998
0.7000000000000001,-1.0260141698960445,0.002649236595794384,0.0014041942390186676
0.7000000000000001,-1.0160141698960445,0.002632977770100003,0.0013937707863847912
0.7000000000000001,-1.0060141698960445,0.002617665480282739,0.0013839157742757788
0.7000000000000001,-0.9960141698960445,0.0026033198523066244,0.001374650519784055
0.7000000000000001,-0.9860141698960445,0.002589957496653657,0.00136599423766933
0.7000000000000001,-0.9760141698960445,0.002577591425303363,0.001357963953078732
0.7000000000000001,-0.9660141698960445,0.0025662309832699326,0.001350574421583783
0.7000000000000001,-0.9560141698960445,0.0025558817947568613,0.0013438380566555505
0.7000000000000001,-0.9460141698960445,0.002546545724037032,0.0013377648647356164
0.7000000000000001,-0.9360141698960445,0.0025382208511545673,0.0013323623880668342
0.7000000000000001,-0.9260141698960445,0.0025309014625767433,0.0013276356554766718
0.7000000000000001,-0.9160141698960445,0.0025245780569342546,0.0013235871413236008
0.7000000000000001,-0.9060141698960444,0.0025192373659943695,0.0013202167328330182
0.7000000000000001,-0.8960141698960444,0.0025148623910305756,0.0013175217060715514
0.7000000000000001,-0.8860141698960444,0.00251143245475468,0.0013154967108226976
0.7000000000000001,-0.8760141698960444,0.0025089232689913155,0.0013141337646462212
0.7000000000000001,-0.8660141698960444,0.002507307018253434,0.0013134222564053829
0.7000000000000001,-0.8560141698960444,0.00250655245942688,0.0013133489595831547
0.7000000000000001,-0.8460141698960444,0.0025066250377047813,0.0013138980556859844
0.7000000000000001,-0.8360141698960444,0.0025074870189764112,0.0013150511680772767
0.7000000000000001,-0.8260141698960444,0.0025090976388046846,0.001316787406557438
0.7000000000000001,-0.8160141698960444,0.002511413268168931,0.001319083423038768
0.7000000000000001,-0.8060141698960444,0.0025143875960895964,0.001321913478642129
0.7000000000000001,-0.7960141698960443,0.002517971829277884,0.0013252495225638946
0.7000000000000001,-0.7860141698960443,0.00252211490888787,0.0013290612830358093
0.7000000000000001,-0.7760141698960443,0.0025267637444694865,0.0013333163707172032
0.7000000000000001,-0.7660141698960443,0.00253186346515701,0.0013379803948318867
0.7000000000000001,-0.7560141698960443,0.002537357688122829,0.001343017092363686
0.7000000000000001,-0.7460141698960443,0.002543188804278945,0.00134838847060319
0.7000000000000001,-0.7360141698960443,0.0025492982811755127,0.0013540549633231432
0.7000000000000001,-0.7260141698960443,0.002555626983014522,0.0013599756008440874
0.7000000000000001,-0.7160141698960443,0.0025621155076421547,0.0013661081942229533
0.7000000000000001,-0.7060141698960443,0.0025687045403433788,0.0013724095337741679
0.7000000000000001,-0.6960141698960443,0.0025753352242269905,0.0013788356021106893
0.7000000000000001,-0.6860141698960442,0.002581949546910181,0.0013853418018462968
0.7000000000000001,-0.6760141698960442,0.002588490743195456,0.0013918831980848365
0.7000000000000001,-0.6660141698960442,0.0025949037133508727,0.0013984147757714446
0.7000000000000001,-0.6560141698960442,0.00260113545656431,0.0014048917119496881
0.7000000000000001,-0.6460141698960442,0.0026071355190656355,0.0014112696629170337
0.7000000000000001,-0.6360141698960442,0.0026128564563877936,0.001417505066245693
0.7000000000000001,-0.6260141698960442,0.002618254309134317,0.0014235554575673212
0.7000000000000001,-0.6160141698960442,0.002623289091586415,0.0014293798019856204
0.7000000000000001,-0.6060141698960442,0.002627925292415733,0.0014349388399273952
0.7000000000000001,-0.5960141698960442,0.002632132386705796,0.0014401954471906229
0.7000000000000001,-0.5860141698960442,0.002635885358415963,0.0014451150088901285
0.7000000000000001,-0.5760141698960441,0.0026391652323750872,0.0014496658069546794
0.7000000000000001,-0.5660141698960441,0.002641959614810055,0.0014538194207619935
0.7000000000000001,-0.5560141698960441,0.0026442632413741832,0.0014575511404514992
0.7000000000000001,-0.5460141698960441,0.002646078531565916,0.0014608403923886113
0.7000000000000001,-0.5360141698960441,0.0026474161483780287,0.0014636711761996366
0.7000000000000001,-0.5260141698960441,0.00264829556194927,0.001466032512731212
0.7000000000000001,-0.5160141698960441,0.00264874561595854,0.00146791890224043
0.7000000000000001,-0.5060141698960441,0.0026488050954251233,0.0014693307920501894
0.7000000000000001,-0.4960141698960441,0.002648523294535648,0.0014702750528492144
0.7000000000000001,-0.48601416989604407,0.002647960583081917,0.0014707654627628495
0.7000000000000001,-0.47601416989604406,0.0026471889700400136,0.0014708231982587302
0.7000000000000001,-0.46601416989604405,0.002646292662776459,0.0014704773308928396
0.7000000000000001,-0.45601416989604404,0.002645368620340269,0.0014697653288516174
0.7000000000000001,-0.44601416989604403,0.0026445270992670584,0.0014687335621928073
0.7000000000000001,-0.436014169896044,0.0026438921902746794,0.0014674378106271865
0.7000000000000001,-0.426014169896044,0.0026436023442328194,0.0014659437726481104
0.7000000000000001,-0.416014169896044,0.0026438108857391356,0.0014643275747536907
0.7000000000000001,-0.406014169896044,0.0026446865126476013,0.0014626762794766976
0.7000000000000001,-0.396014169896044,0.002646413779856549,0.0014610883908816727
0.7000000000000001,-0.386014169896044,0.0026491935656850875,0.0014596743561638324
0.7000000000000001,-0.37601416989604397,0.0026532435191367076,0.00145855706193428
0.7000000000000001,-0.36601416989604396,0.0026587984863812317,0.0014578723237582733
0.7000000000000001,-0.35601416989604395,0.00266611091478233,0.001457769367478012
0.7000000000000001,-0.34601416989604394,0.002675451232810662,0.0014584113008259366
0.7000000000000001,-0.33601416989604393,0.00268710820420467,0.0014599755738145944
0.7000000000000001,-0.3260141698960439,0.0027013892547863255,0.001462654426382903
0.7000000000000001,-0.3160141698960439,0.002718620770333752,0.0014666553217476683
0.7000000000000001,-0.3060141698960439,0.002739148363987167,0.0014722013639210483
0.7000000000000001,-0.2960141698960439,0.0027633371116851262,0.0014795316978402726
0.7000000000000001,-0.2860141698960439,0.002791571754186126,0.0014889018905631744
0.7000000000000001,-0.2760141698960439,0.0028242568642747948,0.0015005842919848464
0.7000000000000001,-0.2660141698960439,0.0028618169778239946,0.0015148683735489673
0.7000000000000001,-0.25601416989604386,0.002904696687438625,0.0015320610434391743
0.7000000000000001,-0.24601416989604385,0.0029533606974729075,0.0015524869367554526
0.7000000000000001,-0.23601416989604385,0.0030082938393042606,0.0015764886792160124
0.7000000000000001,-0.22601416989604384,0.00307000104580222,0.0016044271229443759
0.7000000000000001,-0.21601416989604383,0.0031390072840291544,0.0016366815529456733
0.7000000000000001,-0.20601416989604382,0.003215857445302045,0.0016736498629197458
0.7000000000000001,-0.1960141698960438,0.0033011161918046444,0.0017157486990888933
0.7000000000000001,-0.1860141698960438,0.003395367759086694,0.001763413570795442
0.7000000000000001,-0.1760141698960438,0.0034992157138311925,0.0018170989266521127
0.7000000000000001,-0.16601416989604378,0.0036132826664137126,0.001877278195109255
0.7000000000000001,-0.15601416989604378,0.0037382099378602523,0.0019444437883561158
0.7000000000000001,-0.14601416989604377,0.0038746571809239673,0.002019107068545453
0.7000000000000001,-0.13601416989604376,0.0040233019551217,0.0021017982754093396
0.7000000000000001,-0.12601416989604375,0.004184839255659226,0.002193066414398878
0.7000000000000001,-0.11601416989604374,0.004359980996325183,0.002293479104580509
0.7000000000000001,-0.10601416989604373,0.004549455446504304,0.0024036223855836755
0.7000000000000001,-0.09601416989604372,0.004754006622614995,0.0025241004830019406
0.7000000000000001,-0.08601416989604371,0.004974393634381165,0.002655535531734948
0.7000000000000001,-0.0760141698960437,0.005211389986454811,0.0027985672568473126
0.7000000000000001,-0.0660141698960437,0.005465782836041527,0.0029538526116269044
0.7000000000000001,-0.056014169896043686,0.0057383722072857565,0.003122065372618021
0.7000000000000001,-0.04601416989604368,0.006029970163295395,0.0033038956915101498
0.7000000000000001,-0.03601416989604367,0.0063413999368038465,0.00350004960386771
0.7000000000000001,-0.02601416989604366,0.00667349502056994,0.003711248494786105
0.7000000000000001,-0.01601416989604365,0.007027098218748042,0.003938228521675312
0.7000000000000001,-0.006014169896043642,0.007403060660544883,0.004181739994467031
0.7000000000000001,0.003985830103956367,0.007802240777619579,0.004442546713665982
0.7000000000000001,0.013985830103956154,0.008225503246762538,0.0047214252667613175
0.7000000000000001,0.023985830103956385,0.008673717899498244,0.0050191642836269115
0.7000000000000001,0.033985830103956616,0.009147758600361225,0.005336563651650524
0.7000000000000001,0.0439858301039564,0.00964850209569752,0.005674433691444147
0.7000000000000001,0.05398583010395619,0.0101768268348966,0.006033594294075299
0.7000000000000001,0.06398583010395642,0.010733611766100524,0.006414874020893168
0.7000000000000001,0.07398583010395665,0.01131973510847039,0.006819109167102988
0.7000000000000001,0.08398583010395644,0.01193607310320708,0.007247142790364746
0.7000000000000001,0.09398583010395622,0.01258349874555356,0.007699823705771497
0.7000000000000001,0.10398583010395646,0.01326288050011397,0.008178005448681004
0.7000000000000001,0.11398583010395669,0.013975081001860783,0.008682545206957153
0.7000000000000001,0.12398583010395647,0.014720955745264625,0.009214302724273059
0.7000000000000001,0.13398583010395626,0.015501351764023638,0.009774139176213018
0.7000000000000001,0.1439858301039565,0.016317106303933293,0.010362916021005603
0.7000000000000001,0.15398583010395672,0.017169045491440587,0.010981493826783852
0.7000000000000001,0.1639858301039565,0.018057983000502414,0.011630731077368405
0.7000000000000001,0.1739858301039563,0.018984718720341725,0.012311482958615814
0.7000000000000001,0.18398583010395653,0.019950037426762175,0.013024600127467196
0.7000000000000001,0.19398583010395676,0.020954707459652465,0.01377092746587464
0.7000000000000001,0.20398583010395654,0.021999479409349355,0.014551302821857104
0.7000000000000001,0.21398583010395633,0.023085084814498044,0.0153665557399765
0.7000000000000001,0.22398583010395656,0.024212234874063484,0.016217506183582746
0.7000000000000001,0.2339858301039568,0.025381619176123103,0.01710496325121517
0.7000000000000001,0.24398583010395658,0.026593904446034093,0.018029723889575213
0.7000000000000001,0.25398583010395637,0.027849733316571663,0.01899257160553167
0.7000000000000001,0.2639858301039566,0.029149723122572708,0.01999427517963017
0.7000000000000001,0.27398583010395683,0.030494464722587055,0.02103558738360136
0.7000000000000001,0.2839858301039566,0.0318845213500026,0.022117243704379726
0.7000000000000001,0.2939858301039564,0.033320427496028586,0.02323996107713778
0.7000000000000001,0.30398583010395663,0.0348026878269021,0.0244044366298587
0.7000000000000001,0.31398583010395686,0.03633177613757458,0.02561134644194439
0.7000000000000001,0.32398583010395665,0.037908134344101396,0.026861344319361206
0.7000000000000001,0.33398583010395644,0.039532171516845974,0.02815506058878861
0.7000000000000001,0.34398583010395667,0.041204262956573444,0.029493100913236134
0.7000000000000001,0.3539858301039569,0.04292474931536479,0.03087604513153141
0.7000000000000001,0.3639858301039567,0.044693935764238815,0.03230444612407231
0.7000000000000001,0.3739858301039565,0.04651209120925714,0.033778828707183
0.7000000000000001,0.3839858301039567,0.04837944755776971,0.03529968855835831
0.7000000000000001,0.39398583010395694,0.05029619903638986,0.03686749117464299
0.7000000000000001,0.4039858301039567,0.05226250156213695,0.03848267086631363
0.7000000000000001,0.4139858301039565,0.05427847216810657,0.04014562978798045
0.7000000000000001,0.42398583010395674,0.05634418848490785,0.0418567370091546
0.7000000000000001,0.43398583010395697,0.058459688278967484,0.043616327626239744
0.7000000000000001,0.44398583010395676,0.06062496904869952,0.04542470191783678
0.7000000000000001,0.45398583010395654,0.06283998767942388,0.04728212454516946
0.7000000000000001,0.4639858301039568,0.06510466015777147,0.0491888237993384
0.7000000000000001,0.473985830103957,0.06741886134618999,0.051144990897019973
0.7000000000000001,0.4839858301039568,0.06978242481806621,0.053150779326144426
0.7000000000000001,0.4939858301039566,0.07219514275381345,0.05520630424296614
0.7000000000000001,0.5039858301039568,0.07465676589816143,0.05731164192184598
0.7000000000000001,0.513985830103957,0.07716700357876628,0.05946682925896065
0.7000000000000001,0.5239858301039568,0.07972552378610989,0.061671863331037954
0.7000000000000001,0.5339858301039566,0.08233195331454903,0.06392670101011225
0.7000000000000001,0.5439858301039568,0.08498587796422599,0.0662312586351699
0.7000000000000001,0.5539858301039571,0.0876868428034396,0.06858541174144611
0.7000000000000001,0.5639858301039569,0.09043435249095902,0.0709889948480213
0.7000000000000001,0.5739858301039567,0.09322787165760016,0.07344180130422574
0.7000000000000001,0.5839858301039569,0.09606682534632158,0.07594358319527168
0.7000000000000001,0.5939858301039571,0.09895059950992427,0.0784940513073834
0.7000000000000001,0.6039858301039569,0.10187854156534298,0.08109287515258788
0.7000000000000001,0.6139858301039567,0.10484996100342982,0.0837396830532176
0.7000000000000001,0.6239858301039569,0.10786413005295546,0.08643406228602633
0.7000000000000001,0.6339858301039571,0.11092028439752163,0.08917555928573563
0.7000000000000001,0.6439858301039569,0.11401762394391268,0.0919636799076803
0.7000000000000001,0.6539858301039567,0.11715531364036112,0.09479788974912533
0.7000000000000001,0.663985830103957,0.12033248434307278,0.09767761452869356
0.7000000000000001,0.6739858301039572,0.12354823372927909,0.10060224052323642
0.7000000000000001,0.683985830103957,0.12680162725501296,0.10357111506137304
0.7000000000000001,0.6939858301039568,0.1300916991556904,0.10658354707279784
0.7000000000000001,0.703985830103957,0.13341745348753659,0.10963880769236455
0.7000000000000001,0.7139858301039572,0.13677786520780222,0.11273613091783935
0.7000000000000001,0.723985830103957,0.14017188129166053,0.11587471432011896
0.7000000000000001,0.7339858301039568,0.14359842188360739,0.1190537198046076
0.7000000000000001,0.743985830103957,0.1470563814811453,0.12227227442235677
0.7000000000000001,0.7539858301039573,0.15054463014846214,0.12552947122947267
0.7000000000000001,0.763985830103957,0.15406201475779793,0.12882437019321868
0.7000000000000001,0.7739858301039568,0.15760736025612976,0.13215599914314738
0.7000000000000001,0.7839858301039571,0.1611794709547987,0.1355233547655247
0.7000000000000001,0.7939858301039573,0.16477713183964846,0.13892540363922742
0.7000000000000001,0.8039858301039571,0.1683991098992622,0.14236108331123598
0.7000000000000001,0.8139858301039569,0.17204415546883225,0.14582930340976494
0.7000000000000001,0.8239858301039571,0.17571100358722214,0.14932894679302608
0.7000000000000001,0.8339858301039573,0.17939837536475625,0.15285887073155285
0.7000000000000001,0.8439858301039571,0.18310497935929806,0.15641790812197567
0.7000000000000001,0.8539858301039569,0.18682951295816297,0.1600048687300785
0.7000000000000001,0.8639858301039571,0.19057066376346143,0.1636185404609409
0.7000000000000001,0.8739858301039574,0.1943271109784518,0.16725769065392027
0.7000000000000001,0.8839858301039571,0.1980975267925486,0.1709210674002127
0.7000000000000001,0.8939858301039569,0.2018805777626395,0.17460740088069604
0.7000000000000001,0.9039858301039572,0.20567492618841693,0.17831540472174626
0.7000000000000001,0.9139858301039574,0.20947923147946151,0.18204377736669203
0.7000000000000001,0.9239858301039572,0.21329215151188136,0.18579120346058062
0.7000000000000001,0.933985830103957,0.21711234397236492,0.18955635524591533
0.7000000000000001,0.9439858301039572,0.2209384676875348,0.19333789396701317
0.7000000000000001,0.9539858301039574,0.2247691839366032,0.19713447128066552
0.7000000000000001,0.9639858301039572,0.2286031577453555,0.20094473067076848
0.7000000000000001,0.973985830103957,0.23243905915958568,0.20476730886462183
0.7000000000000001,0.9839858301039572,0.23627556449617504,0.20860083724860892
0.7000000000000001,0.9939858301039575,0.24011135757009022,0.2124439432809974
0.7000000000000001,1.0039858301039573,0.24394513089565784,0.2162952518996304
0.7000000000000001,1.013985830103957,0.24777558686055945,0.22015338692231082
0.7000000000000001,1.0239858301039573,0.25160143887109165,0.22401697243772084
0.7000000000000001,1.0339858301039575,0.25542141246730415,0.22788463418475716
0.7000000000000001,1.0439858301039573,0.2592342464067624,0.23175500091821982
0.7000000000000001,1.053985830103957,0.2630386937157399,0.23562670575882694
0.7000000000000001,1.0639858301039573,0.26683352270676747,0.239498387525592
0.7000000000000001,1.0739858301039575,0.27061751796156946,0.24336869204865777
0.7000000000000001,1.0839858301039573,0.27438948127849433,0.24723627346073102
0.7000000000000001,1.0939858301039571,0.27814823258369664,0.25109979546534417
0.7000000000000001,1.1039858301039573,0.2818926108053629,0.25495793258020727
0.7000000000000001,1.1139858301039576,0.2856214747104619,0.2588093713540201
0.7000000000000001,1.1239858301039574,0.28933370370351463,0.26265281155514447
0.7000000000000001,1.1339858301039571,0.2930281985870679,0.26648696733064914
0.7000000000000001,1.1439858301039574,0.29670388228358413,0.27031056833428213
0.7000000000000001,1.1539858301039576,0.30035970051862104,0.27412236082202485
0.7000000000000001,1.1639858301039574,0.30399462246523273,0.2779211087139506
0.7000000000000001,1.1739858301039572,0.30760764134965307,0.2817055946211946
0.7000000000000001,1.1839858301039574,0.31119777501840173,0.2854746208369191
0.7000000000000001,1.1939858301039576,0.3147640664670503,0.2892270102902445
0.7000000000000001,1.2039858301039574,0.318305584330991,0.2929616074621978
0.7000000000000001,1.2139858301039572,0.32182142333862973,0.29667727926281656
0.7000000000000001,1.2239858301039575,0.3253107047275115,0.3003729158686227
0.7000000000000001,1.2339858301039577,0.3287725766239752,0.3040474315197716
0.7000000000000001,1.2439858301039575,0.3322062143870189,0.30769976527626697
0.7000000000000001,1.2539858301039573,0.33561082091712485,0.31132888173270895
0.7000000000000001,1.2639858301039575,0.33898562693087264,0.3149337716911301
0.7000000000000001,1.2739858301039577,0.3423298912022338,0.3185134527915584
0.7000000000000001,1.2839858301039575,0.34564290077151205,0.32206697010002444
0.7000000000000001,1.2939858301039573,0.34892397112294726,0.325593396653813
0.7000000000000001,1.3039858301039575,0.35217244633206224,0.3290918339638412
0.7000000000000001,1.3139858301039578,0.35538769918387325,0.33256141247411525
0.7000000000000001,1.3239858301039575,0.3585691312631474,0.3360012919783087
0.7000000000000001,1.3339858301039573,0.36171617301791176,0.33941066199356784
0.7000000000000001,1.3439858301039576,0.36482828379746834,0.34278874209172966
0.7000000000000001,1.3539858301039578,0.36790495186619443,0.34613478218820865
0.7000000000000001,1.3639858301039576,0.3709456943944329,0.34944806278888035
0.7000000000000001,1.3739858301039574,0.3739500574278013,0.35272789519535314
0.7000000000000001,1.3839858301039576,0.37691761583625305,0.3559736216690898
0.7000000000000001,1.3939858301039578,0.37984797324424263,0.35918461555489883
0.7000000000000001,1.4039858301039576,0.3827407619433506,0.3623602813643839
0.7000000000000001,1.4139858301039574,0.3855956427887135,0.3655000548199891
0.7000000000000001,1.4239858301039576,0.38841230508060487,0.3686034028603407
0.7000000000000001,1.4339858301039579,0.3911904664324978,0.3716698236076342
0.7000000000000001,1.4439858301039576,0.39392987262692436,0.3746988462978712
0.7000000000000001,1.4539858301039574,0.3966302974604202,0.37769003117479516
0.7000000000000001,1.4639858301039577,0.39929154257881927,0.38064296934841696
0.7000000000000001,1.473985830103958,0.40191343730413165,0.3835572826190723
0.7000000000000001,1.4839858301039577,0.4044958384541927,0.38643262326798405
0.7000000000000001,1.4939858301039575,0.4070386301562415,0.3892686738153436
0.7000000000000001,1.5039858301039577,0.40954172365552943,0.39206514674695514
0.7000000000000001,1.513985830103958,0.41200505712001934,0.39482178421052383
0.7000000000000001,1.5239858301039577,0.4144285954421695,0.39753835768269025
0.7000000000000001,1.5339858301039575,0.4168123300387566,0.4002146676079425
0.7000000000000001,1.5439858301039577,0.419156278649606,0.40285054301055667
0.7000000000000001,1.553985830103958,0.42146048513605694,0.40544584108074
0.7000000000000001,1.5639858301039578,0.42372501927990724,0.4080004467361623
0.7000000000000001,1.5739858301039575,0.4259499765835177,0.41051427216008096
0.7000000000000001,1.5839858301039578,0.4281354780716812,0.4129872563172689
0.7000000000000001,1.593985830103958,0.43028167009578727,0.4154193644489708
0.7000000000000001,1.6039858301039578,0.4323887241407379,0.4178105875481128
0.7000000000000001,1.6139858301039576,0.4344568366349898,0.42016094181599856
0.7000000000000001,1.6239858301039578,0.43648622876401677,0.42247046810172073
0.7000000000000001,1.633985830103958,0.4384771462874115,0.4247392313255203
0.7000000000000001,1.6439858301039578,0.4404298593597594,0.4269673198873178
0.7000000000000001,1.6539858301039576,0.4423446623553397,0.42915484506163804
0.7000000000000001,1.6639858301039578,0.44422187369662436,0.43130194038013764
0.7000000000000001,1.673985830103958,0.44606183568646507,0.43340876100293574
0.7000000000000001,1.6839858301039579,0.44786491434378617,0.43547548307993794
0.7000000000000001,1.6939858301039576,0.4496314992425079,0.4375023031033245
0.7000000000000001,1.7039858301039579,0.4513620033533642,0.43948943725235956
0.7000000000000001,1.713985830103958,0.4530568628881843,0.4414371207316608
0.7000000000000001,1.723985830103958,0.45471653714615623,0.44334560710404614
0.7000000000000001,1.7339858301039577,0.45634150836149306,0.4452151676190561
0.7000000000000001,1.743985830103958,0.45793228155188015,0.447046090538224
0.7000000000000001,1.7539858301039581,0.459489384366995,0.4488386804581426
0.7000000000000001,1.763985830103958,0.46101336693633943,0.4505932576323522
0.7000000000000001,1.7739858301039577,0.4625048017155651,0.45231015729304536
0.7000000000000001,1.783985830103958,0.4639642833304084,0.453989728973555
0.7000000000000001,1.7939858301039582,0.46539242841731404,0.455632335832567
0.7000000000000001,1.803985830103958,0.4667898754597666,0.4572383539809644
0.7000000000000001,1.8139858301039578,0.4681572846193087,0.458808171812181
0.7000000000000001,1.823985830103958,0.4694953375602007,0.46034218933691096
0.7000000000000001,1.8339858301039582,0.47080473726661615,0.4618408175229872
0.7000000000000001,1.843985830103958,0.4720862078512671,0.46330447764121
0.7000000000000001,1.8539858301039578,0.47334049435431175,0.4647336006178722
0.7000000000000001,1.863985830103958,0.47456836253138457,0.4661286263946952
0.7000000000000001,1.8739858301039582,0.47577059862958015,0.4674900032968547
0.7000000000000001,1.883985830103958,0.4769480091502055,0.46881818740974074
0.7000000000000001,1.8939858301039578,0.4781014205971279,0.4701136419650642
0.7000000000000001,1.903985830103958,0.4792316792095307,0.4713768367368837
0.7000000000000001,1.9139858301039583,0.48033965067791795,0.4726082474480954
0.7000000000000001,1.923985830103958,0.48142621984221157,0.47380835518789305
0.7000000000000001,1.9339858301039579,0.48249229037080493,0.47497764584067154
0.7000000000000001,1.943985830103958,0.48353878441947906,0.47611660952681084
0.7000000000000001,1.9539858301039583,0.48456664226908785,0.4772257400557473
0.7000000000000001,1.963985830103958,0.4855768219409994,0.47830553439170387
0.7000000000000001,1.973985830103958,0.4865702987892746,0.4793564921324169
0.7000000000000001,1.9839858301039581,0.48754806506865694,0.48037911500116637
0.7000000000000001,1.9939858301039584,0.48851112947746456,0.48137390635238475
0.8,-1.9960141698960454,0.016860735270242403,0.006718000446407955
0.8,-1.9860141698960454,0.016040794142854822,0.006381382693569748
0.8,-1.9760141698960454,0.015262051204596191,0.006061448553801119
0.8,-1.9660141698960454,0.014523073241346739,0.005757654241720862
0.8,-1.9560141698960454,0.013822442797815906,0.005469459778554325
0.8,-1.9460141698960454,0.013158759547645685,0.005196329581869661
0.8,-1.9360141698960454,0.012530641599191806,0.004937733033818692
0.8,-1.9260141698960453,0.011936726735870975,0.004693145027220001
0.8,-1.9160141698960453,0.011375673590152114,0.004462046488889232
0.8,-1.9060141698960453,0.010846162750419545,0.004243924879678861
0.8,-1.8960141698960453,0.010346897800114961,0.004038274670755414
0.8,-1.8860141698960453,0.00987660628874315,0.003844597795709895
0.8,-1.8760141698960453,0.009434040634482336,0.003662404078157223
0.8,-1.8660141698960453,0.009017978958318884,0.003491211634549852
0.8,-1.8560141698960453,0.008627225849770919,0.003330547251987678
0.8,-1.8460141698960453,0.008260613064455,0.003179946740881613
0.8,-1.8360141698960453,0.007917000153857105,0.003038955262372921
0.8,-1.8260141698960453,0.007595275027881386,0.0029071276304943917
0.8,-1.8160141698960452,0.007294354450842152,0.002784028589100659
0.8,-1.8060141698960452,0.007013184471737093,0.002669233063665505
0.8,-1.7960141698960452,0.006750740789771381,0.0025623263881005033
0.8,-1.7860141698960452,0.006506029056222157,0.0024629045068019187
0.8,-1.7760141698960452,0.006278085113874781,0.0023705741521938464
0.8,-1.7660141698960452,0.0060659751753601755,0.002284952998081024
0.8,-1.7560141698960452,0.005868795941849171,0.0022056697891809744
0.8,-1.7460141698960452,0.005685674663674475,0.0021323644472573105
0.8,-1.7360141698960452,0.005515769144507343,0.0020646881543073497
0.8,-1.7260141698960452,0.005358267690868531,0.002002303413323391
0.8,-1.7160141698960452,0.005212389008775253,0.0019448840871663401
0.8,-1.7060141698960452,0.005077382049455505,0.0018921154161484826
0.8,-1.6960141698960451,0.004952525806088029,0.0018436940149433572
0.8,-1.6860141698960451,0.00483712906362203,0.0017993278494865133
0.8,-1.6760141698960451,0.004730530103751164,0.0017587361945498076
0.8,-1.6660141698960451,0.0046320963671985585,0.001721649572712622
0.8,-1.656014169896045,0.00454122407548723,0.00168780967547065
0.8,-1.646014169896045,0.004457337814389281,0.001656969267240926
0.8,-1.636014169896045,0.004379890081316509,0.0016288920730568174
0.8,-1.626014169896045,0.004308360798878127,0.001603352650744156
0.8,-1.616014169896045,0.004242256796885352,0.001580136248398602
0.8,-1.606014169896045,0.004181111265055246,0.0015590386479844337
0.8,-1.596014169896045,0.004124483178682405,0.0015398659958896482
0.8,-1.586014169896045,0.004071956699519318,0.001522434621271071
0.8,-1.576014169896045,0.004023140554112256,0.0015065708430335163
0.8,-1.566014169896045,0.0039776673917876265,0.0014921107662761329
0.8,-1.556014169896045,0.003935193124478414,0.0014789000690441463
0.8,-1.546014169896045,0.0038953962505439083,0.0014667937802179671
0.8,-1.536014169896045,0.003857977164664206,0.001455656049351663
0.8,-1.526014169896045,0.003822657455907657,0.0014453599092844487
0.8,-1.516014169896045,0.003789179195949965,0.001435787032310651
0.8,-1.506014169896045,0.003757304219423306,0.0014268274806977916
0.8,-1.496014169896045,0.003726813398289159,0.0014183794523156253
0.8,-1.486014169896045,0.0036975059120691774,0.0014103490221207687
0.8,-1.476014169896045,0.003669198515718408,0.0014026498802259852
0.8,-1.466014169896045,0.0036417248068299464,0.0013952030672507204
0.8,-1.456014169896045,0.0036149344938202644,0.0013879367076367894
0.8,-1.446014169896045,0.0035886926666518484,0.0013807857415800478
0.8,-1.436014169896045,0.003562879071567297,0.0013736916561998354
0.8,-1.426014169896045,0.0035373873912698988,0.0013666022165534203
0.8,-1.416014169896045,0.0035121245318595964,0.001359471197056203
0.8,-1.4060141698960449,0.003487009917788302,0.0013522581138513963
0.8,-1.3960141698960449,0.003461974796017107,0.0013449279586414593
0.8,-1.3860141698960449,0.0034369615504470166,0.0013374509344516246
0.8,-1.3760141698960449,0.003411923027682367,0.0013298021937888289
0.8,-1.3660141698960448,0.003386821875009301,0.0013219615795925716
0.8,-1.3560141698960448,0.003361629891513695,0.0013139133693865718
0.8,-1.3460141698960448,0.003336327393067477,0.001305646022965718
0.8,-1.3360141698960448,0.0033109025919323405,0.001297151933956799
0.8,-1.3260141698960448,0.0032853509916036506,0.0012884271855417846
0.8,-1.3160141698960448,0.003259674797454305,0.001279471310606088
0.8,-1.3060141698960448,0.0032338823436918957,0.0012702870565529341
0.8,-1.2960141698960448,0.0032079875370377713,0.0012608801549836763
0.8,-1.2860141698960448,0.0031820093175221353,0.0012512590964340294
0.8,-1.2760141698960448,0.003155971136667295,0.0012414349103083827
0.8,-1.2660141698960448,0.003129900453333909,0.0012314209501514068
0.8,-1.2560141698960448,0.003103828247403116,0.0012212326843554684
0.8,-1.2460141698960447,0.0030777885514440793,0.0012108874923903107
0.8,-1.2360141698960447,0.0030518180004475005,0.0012004044666132693
0.8,-1.2260141698960447,0.003025955399680741,0.001189804219706105
0.8,-1.2160141698960447,0.0030002413106571778,0.0011791086977590833
0.8,-1.2060141698960447,0.0029747176551871103,0.0011683409990112855
0.8,-1.1960141698960447,0.002949427337451422,0.0011575251982447194
0.8,-1.1860141698960447,0.002924413883966613,0.0011466861768020516
0.8,-1.1760141698960447,0.0028997211013468745,0.001135849458209854
0.8,-1.1660141698960447,0.0028753927516801665,0.0011250410493568494
0.8,-1.1560141698960447,0.0028514722453565843,0.0011142872871839856
0.8,-1.1460141698960447,0.0028280023511482013,0.0011036146908295881
0.8,-1.1360141698960446,0.002805024923340363,0.0010930498191741918
0.8,-1.1260141698960446,0.0027825806456810926,0.001082619133719027
0.8,-1.1160141698960446,0.002760708791932501,0.001072348866740724
0.8,-1.1060141698960446,0.002739447002777952,0.0010622648946564525
0.8,-1.0960141698960446,0.002718831078863819,0.001052392616546531
0.8,-1.0860141698960446,0.0026988947897147375,0.001042756837770606
0.8,-1.0760141698960446,0.0026796696983054933,0.0010333816586346285
0.8,-1.0660141698960446,0.002661185001045083,0.0010242903680605495
0.8,-1.0560141698960446,0.0026434673829536944,0.0010155053422259593
0.8,-1.0460141698960446,0.0026265408878052322,0.0010070479481440573
0.8,-1.0360141698960446,0.002610426803030443,0.0009989384521693974
0.8,-1.0260141698960445,0.002595143559183101,0.0009911959334249418
0.8,-1.0160141698960445,0.002580706643772076,0.0009838382021539701
0.8,-1.0060141698960445,0.002567128529288401,0.0009768817230181967
0.8,-0.9960141698960445,0.00255441861526952,0.0009703415433769799
0.8,-0.9860141698960445,0.0025425831842388414,0.000964231226590115
0.8,-0.9760141698960445,0.002531625371392783,0.0009585627904085167
0.8,-0.9660141698960445,0.0025215451479157695,0.0009533466505297291
0.8,-0.9560141698960445,0.00251233931779986,0.0009485915694039178
0.8,-0.9460141698960445,0.0025040015280890365,0.0009443046104016114
0.8,-0.9360141698960445,0.0024965222924520558,0.0009404910974589416
0.8,-0.9260141698960445,0.0024898890280156114,0.0009371545803364741
0.8,-0.9160141698960445,0.0024840861053960174,0.0009342968056401887
0.8,-0.9060141698960444,0.0024790949118705537,0.0009319176937644832
0.8,-0.8960141698960444,0.0024748939276460916,0.0009300153219328597
0.8,-0.8860141698960444,0.002471458815182641,0.0009285859135219041
0.8,-0.8760141698960444,0.002468762521542042,0.0009276238338679207
0.8,-0.8660141698960444,0.002466775393709462,0.0009271215927567408
0.8,-0.8560141698960444,0.0024654653068846666,0.0009270698538234031
0.8,-0.8460141698960444,0.0024647978056728513,0.0009274574510724595
0.8,-0.8360141698960444,0.0024647362581698626,0.0009282714127604305
0.8,-0.8260141698960444,0.0024652420228678264,0.0009294969928640737
0.8,-0.8160141698960444,0.002466274628352233,0.0009311177103803066
0.8,-0.8060141698960444,0.002467791965704793,0.0009331153966885615
0.8,-0.7960141698960443,0.002469750493556913,0.0009354702512215726
0.8,-0.7860141698960443,0.00247210545567802,0.0009381609056723358
0.8,-0.7760141698960443,0.0024748111110096975,0.0009411644969768492
0.8,-0.7660141698960443,0.002477820975999454,0.0009444567492930963
0.8,-0.7560141698960443,0.002481088079090549,0.0009480120651978959
0.8,-0.7460141698960443,0.00248456522718553,0.0009518036263081339
0.8,-0.7360141698960443,0.0024882052838771326,0.0009558035035222187
0.8,-0.7260141698960443,0.0024919614592192863,0.0009599827770664145
0.8,-0.7160141698960443,0.002495787610767369,0.0009643116665103198
0.8,-0.7060141698960443,0.0024996385555889145,0.0009687596708994125
0.8,-0.6960141698960443,0.002503470392923373,0.000973295719136957
0.8,-0.6860141698960442,0.002507240837104076,0.000977888330715033
0.8,-0.6760141698960442,0.002510909560353795,0.0009825057868834137
0.8,-0.6660141698960442,0.0025144385449987153,0.000987116312309255
0.8,-0.6560141698960442,0.002517792444621496,0.0009916882672586032
0.8,-0.6460141698960442,0.0025209389536141077,0.0009961903502943767
0.8,-0.6360141698960442,0.002523849184585747,0.001000591811467548
0.8,-0.6260141698960442,0.002526498052996012,0.0010048626759298737
0.8,-0.6160141698960442,0.0025288646683677904,0.0010089739778722025
0.8,-0.6060141698960442,0.002530932731387123,0.0010128980046546316
0.8,-0.5960141698960442,0.0025326909361536613,0.0010166085509580865
0.8,-0.5860141698960442,0.0025341333767972384,0.0010200811827459728
0.8,-0.5760141698960441,0.002535259957649819,0.0010232935107915382
0.8,-0.5660141698960441,0.0025360768061017773,0.0010262254734790539
0.8,-0.5560141698960441,0.002536596687252534,0.0010288596285539995
0.8,-0.5460141698960441,0.0025368394194130468,0.0010311814534507842
0.8,-0.5360141698960441,0.002536832289489305,0.0010331796537879786
0.8,-0.5260141698960441,0.002536610467229829,0.0010348464795749731
0.8,-0.5160141698960441,0.002536217417310405,0.0010361780486403034
0.8,-0.5060141698960441,0.0025357053081748403,0.00103717467674131
0.8,-0.4960141698960441,0.002535135416529338,0.0010378412137759159
0.8,-0.48601416989604407,0.0025345785263736625,0.0010381873854796583
0.8,-0.47601416989604406,0.0025341153214195147,0.0010382281399473389
0.8,-0.46601416989604405,0.0025338367697231683,0.0010379839982772984
0.8,-0.45601416989604404,0.0025338444993530337,0.0010374814086011415
0.8,-0.44601416989604403,0.002534251163900041,0.0010367531027243345
0.8,-0.436014169896044,0.0025351807966115785,0.0010358384545603669
0.8,-0.426014169896044,0.002536769151951263,0.001034783839516313
0.8,-0.416014169896044,0.0025391640333549993,0.0010336429939437816
0.8,-0.406014169896044,0.0025425256059838034,0.001032477373748257
0.8,-0.396014169896044,0.0025470266932518144,0.0010313565112105923
0.8,-0.386014169896044,0.0025528530559442712,0.0010303583690568225
0.8,-0.37601416989604397,0.002560203652724224,0.0010295696907771385
0.8,-0.36601416989604396,0.002569290880871959,0.0010290863461823105
0.8,-0.35601416989604395,0.0025803407961088208,0.0010290136711609496
0.8,-0.34601416989604394,0.0025935933103800883,0.0010294668005830139
0.8,-0.33601416989604393,0.002609302366502602,0.00103057099328089
0.8,-0.3260141698960439,0.00262773608863542,0.0010324619480349903
0.8,-0.3160141698960439,0.002649176907532593,0.0010352861094689422
0.8,-0.3060141698960439,0.002673921659615913,0.0010392009627677985
0.8,-0.2960141698960439,0.0027022816589291976,0.0010443753161225452
0.8,-0.2860141698960439,0.002734582741094741,0.0010509895698092994
0.8,-0.2760141698960439,0.0027711652784365216,0.0010592359708128326
0.8,-0.2660141698960439,0.0028123841655047777,0.001069318851916918
0.8,-0.25601416989604386,0.002858608774287125,0.0010814548541923583
0.8,-0.24601416989604385,0.0029102228784520377,0.001095873131827378
0.8,-0.23601416989604385,0.002967624546054383,0.0011128155382701262
0.8,-0.22601416989604384,0.0030312260001792457,0.001132536792666618
0.8,-0.21601416989604383,0.0031014534470875767,0.0011553046256087102
0.8,-0.20601416989604382,0.003178746871507364,0.0011813999032374673
0.8,-0.1960141698960438,0.0032635597987597047,0.0012111167287686304
0.8,-0.1860141698960438,0.003356359023540512,0.0012447625205614884
0.8,-0.1760141698960438,0.0034576243052052663,0.0012826580658720794
0.8,-0.16601416989604378,0.0035678480295277355,0.0013251375494888857
0.8,-0.15601416989604378,0.003687534836965144,0.0013725485564866698
0.8,-0.14601416989604377,0.0038172012175534216,0.0014252520483850257
0.8,-0.13601416989604376,0.003957375072652594,0.0014836223120536513
0.8,-0.12601416989604375,0.004108595243824644,0.0015480468807521491
0.8,-0.11601416989604374,0.004271411009250187,0.0016189264267627119
0.8,-0.10601416989604373,0.004446381548132226,0.0016966746251178882
0.8,-0.09601416989604372,0.0046340753736601485,0.0017817179880013695
0.8,-0.08601416989604371,0.004835069735180652,0.0018744956694599628
0.8,-0.0760141698960437,0.005049949990296863,0.0019754592401275144
0.8,-0.0660141698960437,0.005279308947719162,0.002085072431736638
0.8,-0.056014169896043686,0.005523746181761743,0.002203810851259779
0.8,-0.04601416989604368,0.005783867319466355,0.0023321616645953992
0.8,-0.03601416989604367,0.0060602833014176,0.0024706232497889715
0.8,-0.02601416989604366,0.00635360961737929,0.002619704819849015
0.8,-0.01601416989604365,0.006664465517976658,0.0027799260153002193
0.8,-0.006014169896043642,0.006993473203695245,0.0029518164666826096
0.8,0.003985830103956367,0.00734125699256942,0.0031359153272936336
0.8,0.013985830103956154,0.007708442467974309,0.0033327707765374004
0.8,0.023985830103956385,0.008095655608005773,0.003542939494324878
0.8,0.033985830103956616,0.008503521897998753,0.0037669861070474286
0.8,0.0439858301039564,0.008932665427799174,0.00400548260572528
0.8,0.05398583010395619,0.009383707975418692,0.004259007736994328
0.8,0.06398583010395642,0.00985726807880577,0.004528146367689295
0.8,0.07398583010395665,0.010353960097462311,0.004813488823837402
0.8,0.08398583010395644,0.01087439326571499,0.005115630204963349
0.8,0.09398583010395622,0.011419170739444595,0.0054351696746622324
0.8,0.10398583010395646,0.011988888638149226,0.005772709728480707
0.8,0.11398583010395669,0.012584135084218361,0.006128855440205048
0.8,0.12398583010395647,0.013205489241325027,0.006504213687722158
0.8,0.13398583010395626,0.013853520353852528,0.006899392359679776
0.8,0.1439858301039565,0.014528786789305465,0.007314999544239249
0.8,0.15398583010395672,0.015231835085627407,0.007751642701259189
0.8,0.1639858301039565,0.015963199005395175,0.008209927819318874
0.8,0.1739858301039563,0.016723398598806043,0.008690458559022925
0.8,0.18398583010395653,0.01751293927741608,0.00919383538409449
0.8,0.19398583010395676,0.018332310900534332,0.009720654681793861
0.8,0.20398583010395654,0.01918198687619304,0.010271507874252071
0.8,0.21398583010395633,0.02006242327856362,0.010846980522336352
0.8,0.22398583010395656,0.02097405798368447,0.011447651423705466
0.8,0.2339858301039568,0.02191730982532708,0.01207409170674012
0.8,0.24398583010395658,0.022892577772774692,0.012726863922053088
0.8,0.25398583010395637,0.023900240132279017,0.013406521133316472
0.8,0.2639858301039566,0.024940653773887374,0.014113606009150707
0.8,0.27398583010395683,0.026014153385292497,0.014848649917836253
0.8,0.2839858301039566,0.02712105075431492,0.015612172026620982
0.8,0.2939858301039564,0.028261634081541327,0.01640467840739137
0.8,0.30398583010395663,0.029436167324621898,0.01722666115048849
0.8,0.31398583010395686,0.030644889575620504,0.018078597488431332
0.8,0.32398583010395665,0.03188801447278131,0.018960948931313792
0.8,0.33398583010395644,0.03316572964796749,0.01987416041561549
0.8,0.34398583010395667,0.03447819621099818,0.02081865946816668
0.8,0.3539858301039569,0.035825548271975066,0.021794855386963345
0.8,0.3639858301039567,0.037207892502655646,0.022803138440521627
0.8,0.3739858301039565,0.038625307737833514,0.023843879087423293
0.8,0.3839858301039567,0.04007784461758106,0.024917427217664684
0.8,0.39398583010395694,0.04156552527115925,0.026024111417395045
0.8,0.4039858301039567,0.043088343043267835,0.02716423825857432
0.8,0.4139858301039565,0.04464626226325052,0.028338091615045018
0.8,0.42398583010395674,0.04623921805777305,0.029545932006462067
0.8,0.43398583010395697,0.04786711620737577,0.030787995971463346
0.8,0.44398583010395676,0.04952983304722873,0.03206449547141419
0.8,0.45398583010395654,0.05122721541232647,0.033375617326001965
0.8,0.4639858301039568,0.0529590806272474,0.03472152268188593
0.8,0.473985830103957,0.05472521654050576,0.036102346515543504
0.8,0.4839858301039568,0.0565253816034601,0.03751819717139606
0.8,0.4939858301039566,0.05835930499360689,0.03896915593621139
0.8,0.5039858301039568,0.06022668678201213,0.04045527665071481
0.8,0.513985830103957,0.06212719814454791,0.041976585359266336
0.8,0.5239858301039568,0.06406048161649033,0.04353307999837973
0.8,0.5339858301039566,0.06602615138996194,0.04512473012478511
0.8,0.5439858301039568,0.06802379365359287,0.04675147668364934
0.8,0.5539858301039571,0.07005296697369942,0.04841323181749136
0.8,0.5639858301039569,0.07211320271620122,0.05010987871625032
0.8,0.5739858301039567,0.07420400550837569,0.05184127150886522
0.8,0.5839858301039569,0.07632485373952605,0.053607235196662356
0.8,0.5939858301039571,0.07847520009950536,0.05540756562874122
0.8,0.6039858301039569,0.08065447215398372,0.05724202951947379
0.8,0.6139858301039567,0.08286207295529831,0.059110364508153594
0.8,0.6239858301039569,0.08509738168759201,0.061012279260724465
0.8,0.6339858301039571,0.0873597543449522,0.06294745361346044
0.8,0.6439858301039569,0.08964852444113984,0.06491553875836255
0.8,0.6539858301039567,0.09196300374947913,0.06691615746997082
0.8,0.663985830103957,0.09430248307139288,0.06894890437319544
0.8,0.6739858301039572,0.09666623303202823,0.07101334625169628
0.8,0.683985830103957,0.0990535049013808,0.07310902239626331
0.8,0.6939858301039568,0.10146353143924997,0.07523544499256317
0.8,0.703985830103957,0.10389552776235604,0.07739209954755143
0.8,0.7139858301039572,0.10634869223187914,0.07957844535376894
0.8,0.723985830103957,0.10882220735967574,0.08179391599067219
0.8,0.7339858301039568,0.11131524073137808,0.08403791986207594
0.8,0.743985830103957,0.11382694594458531,0.08630984076872242
0.8,0.7539858301039573,0.1163564635603068,0.08860903851492186
0.8,0.763985830103957,0.11890292206583591,0.09093484954815435
0.8,0.7739858301039568,0.12146543884719752,0.09328658763045697
0.8,0.7839858301039571,0.12404312116933064,0.09566354454037038
0.8,0.7939858301039573,0.12663506716214185,0.09806499080416052
0.8,0.8039858301039571,0.12924036681060708,0.10049017645499009
0.8,0.8139858301039569,0.13185810294706912,0.10293833181865758
0.8,0.8239858301039571,0.13448735224392605,0.10540866832448897
0.8,0.8339858301039573,0.13712718620489928,0.10790037933991964
0.8,0.8439858301039571,0.13977667215311934,0.11041264102727694
0.8,0.8539858301039569,0.1424348742142645,0.11294461322123187
0.8,0.8639858301039571,0.14510085429305786,0.11549544032537004
0.8,0.8739858301039574,0.14777367304142008,0.11806425222629664
0.8,0.8839858301039571,0.15045239081666303,0.12065016522367954
0.8,0.8939858301039569,0.15313606862811652,0.12325228297460895
0.8,0.9039858301039572,0.15582376907065776,0.1258696974506444
0.8,0.9139858301039574,0.1585145572436351,0.12850148990590024
0.8,0.9239858301039572,0.1612075016537664,0.13114673185452747
0.8,0.933985830103957,0.16390167510064338,0.1338044860559402
0.8,0.9439858301039572,0.16659615554350676,0.13647380750612695
0.8,0.9539858301039574,0.16929002694807552,0.13915374443341094
0.8,0.9639858301039572,0.17198238011223893,0.141843339297013
0.8,0.973985830103957,0.17467231346951295,0.14454162978679186
0.8,0.9839858301039572,0.17735893386923876,0.14724764982254746
0.8,0.9939858301039575,0.1800413573325661,0.14996043055129224
0.8,1.0039858301039573,0.18271870978335958,0.15267900134091555
0.8,1.013985830103957,0.18539012775322905,0.15540239076868995
0.8,1.0239858301039573,0.18805475905998992,0.15812962760309704
0.8,1.0339858301039575,0.1907117634589191,0.1608597417774756
0.8,1.0439858301039573,0.19336031326628778,0.1635917653540375
0.8,1.053985830103957,0.19599959395470812,0.166324733476819
0.8,1.0639858301039573,0.19862880471993716,0.16905768531218254
0.8,1.0739858301039575,0.2012471590188762,0.17178966497552312
0.8,1.0839858301039573,0.20385388507855684,0.17451972244286892
0.8,1.0939858301039571,0.2064482263760523,0.17724691444612525
0.8,1.1039858301039573,0.20902944208926288,0.17997030535073452
0.8,1.1139858301039576,0.21159680751869892,0.1826889680146024
0.8,1.1239858301039574,0.21414961448038222,0.1854019846271608
0.8,1.1339858301039571,0.21668717167015505,0.18810844752751701
0.8,1.1439858301039574,0.2192088049996994,0.1908074600006697
0.8,1.1539858301039576,0.22171385790470222,0.19349813705084104
0.8,1.1639858301039574,0.2242016916256479,0.1961796061510239
0.8,1.1739858301039572,0.22667168546182415,0.19885100796790203
0.8,1.1839858301039574,0.22912323699917747,0.20151149706135466
0.8,1.1939858301039576,0.23155576231274644,0.20416024255781962
0.8,1.2039858301039574,0.2339686961444597,0.20679642879684548
0.8,1.2139858301039572,0.23636149205716178,0.20941925595022343
0.8,1.2239858301039575,0.23873362256577524,0.2120279406131454
0.8,1.2339858301039577,0.24108457924658877,0.21462171636689756
0.8,1.2439858301039575,0.24341387282569776,0.21719983431265902
0.8,1.2539858301039573,0.24572103324769135,0.21976156357602983
0.8,1.2639858301039575,0.2480056097257064,0.22230619178197417
0.8,1.2739858301039577,0.25026717077403937,0.22483302549992357
0.8,1.2839858301039575,0.2525053042245092,0.22734139065884074
0.8,1.2939858301039573,0.2547196172278368,0.22983063293210323
0.8,1.3039858301039575,0.2569097362413064,0.23230011809212314
0.8,1.3139858301039578,0.2590753070040026,0.23474923233466954
0.8,1.3239858301039575,0.2612159945009439,0.23717738257292373
0.8,1.3339858301039573,0.26333148291745007,0.23958399670134198
0.8,1.3439858301039576,0.26542147558505647,0.2419685238294562
0.8,1.3539858301039578,0.2674856949203402,0.2443304344857943
0.8,1.3639858301039576,0.2695238823579723,0.24666922079215078
0.8,1.3739858301039574,0.27153579827933905,0.24898439660848454
0.8,1.3839858301039576,0.27352122193803236,0.2512754976487692
0.8,1.3939858301039578,0.2754799513835109,0.2535420815681638
0.8,1.4039858301039576,0.277411803384198,0.255783728021918
0.8,1.4139858301039574,0.2793166133512541,0.2580000386964629
0.8,1.4239858301039576,0.2811942352642294,0.26019063731318165
0.8,1.4339858301039579,0.2830445415997558,0.2623551696053888
0.8,1.4439858301039576,0.28486742326440195,0.26449330326908554
0.8,1.4539858301039574,0.28666278953274976,0.26660472788809064
0.8,1.4639858301039577,0.28843056799171424,0.26868915483417666
0.8,1.473985830103958,0.2901707044920466,0.2707463171428745
0.8,1.4839858301039577,0.29188316310792384,0.2727759693656358
0.8,1.4939858301039575,0.2935679261054277,0.274777887399066
0.8,1.5039858301039577,0.2952249939206748,0.2767518682919683
0.8,1.513985830103958,0.2968543851482599,0.278697730030958
0.8,1.5239858301039577,0.2984561365406028,0.2806153113054284
0.8,1.5339858301039575,0.30003030301872047,0.28250447125266526
0.8,1.5439858301039577,0.30157695769482606,0.28436508918392234
0.8,1.553985830103958,0.3030961919071113,0.28619706429228703
0.8,1.5639858301039578,0.30458811526693413,0.2880003153431734
0.8,1.5739858301039575,0.3060528557185854,0.2897747803482924
0.8,1.5839858301039578,0.3074905596116656,0.29152041622395447
0.8,1.593985830103958,0.3089013917860528,0.2932371984345676
0.8,1.6039858301039578,0.3102855356693113,0.2949251206221972
0.8,1.6139858301039576,0.3116431933863113,0.29658419422305776
0.8,1.6239858301039578,0.31297458588073235,0.2982144480718028
0.8,1.633985830103958,0.31427995304800516,0.29981592799448487
0.8,1.6439858301039578,0.3155595538791799,0.3013886963910478
0.8,1.6539858301039576,0.3168136666150888,0.30293283180821506
0.8,1.6639858301039578,0.3180425889100844,0.3044484285036265
0.8,1.673985830103958,0.31924663800453623,0.3059355960020722
0.8,1.6839858301039579,0.32042615090518956,0.307394458644662
0.8,1.6939858301039576,0.3215814845723789,0.3088251551317584
0.8,1.7039858301039579,0.3227130161130257,0.31022783806048904
0.8,1.713985830103958,0.3238211429782454,0.31160267345764286
0.8,1.723985830103958,0.3249062831643186,0.3129498403087384
0.8,1.7339858301039577,0.3259688754157106,0.31426953008403957
0.8,1.743985830103958,0.32700937942872965,0.3155619462622757
0.8,1.7539858301039581,0.3280282760543719,0.3168273038528065
0.8,1.763985830103958,0.3290260674988158,0.31806582891695445
0.8,1.7739858301039577,0.33000327751998526,0.31927775808920844
0.8,1.783985830103958,0.3309604516185338,0.32046333809898
0.8,1.7939858301039582,0.3318981572215708,0.32162282529357666
0.8,1.803985830103958,0.33281698385738745,0.3227564851630336
0.8,1.8139858301039578,0.3337175433194276,0.32386459186742184
0.8,1.823985830103958,0.33460046981769787,0.32494742776723123
0.8,1.8339858301039582,0.33546642011579986,0.3260052829574027
0.8,1.843985830103958,0.33631607365175065,0.32703845480556
0.8,1.8539858301039578,0.3371501326407369,0.3280472474949686
0.8,1.863985830103958,0.3379693221579577,0.329031971572726
0.8,1.8739858301039582,0.33877439019970834,0.3299929435036621
0.8,1.883985830103958,0.33956610772086593,0.3309304852304052
0.8,1.8939858301039578,0.34034526864695935,0.3318449237400453
0.8,1.903985830103958,0.34111268985903087,0.3327365906378002
0.8,1.9139858301039583,0.3418692111495224,0.33360582172806724
0.8,1.923985830103958,0.3426156951474727,0.33445295660321855
0.8,1.9339858301039579,0.3433530272113332,0.335278338240474
0.8,1.943985830103958,0.3440821152877963,0.33608231260716054
0.8,1.9539858301039583,0.34480388973505616,0.3368652282746451
0.8,1.963985830103958,0.3455193031090116,0.3376274360412027
0.8,1.973985830103958,0.3462293299109894,0.3383692885640589
0.8,1.9839858301039581,0.34693496629563103,0.3390911400008233
0.8,1.9939858301039584,0.34763722973769706,0.33979334566050684
0.9,-1.9960141698960454,0.015953973423436588,0.0035456113467153094
0.9,-1.9860141698960454,0.015180791499719643,0.0033679519771618116
0.9,-1.9760141698960454,0.014447133286480826,0.0031990978478394798
0.9,-1.9660141698960454,0.013751572832515945,0.0030387619609082333
0.9,-1.9560141698960454,0.013092702060288643,0.0028866593275703382
0.9,-1.9460141698960454,0.012469132089277177,0.002742507279320099
0.9,-1.9360141698960454,0.011879494491915554,0.0026060257678487547
0.9,-1.9260141698960453,0.011322442481129184,0.0024769376532550007
0.9,-1.9160141698960453,0.01079665202866155,0.0023549689802470947
0.9,-1.9060141698960453,0.010300822913540314,0.002239849242052732
0.9,-1.8960141698960453,0.009833679700215318,0.0021313116317875796
0.9,-1.8860141698960453,0.009393972646081829,0.0020290932810691116
0.9,-1.8760141698960453,0.008980478538261831,0.00193293548569409
0.9,-1.8660141698960453,0.008592001459697286,0.0018425839182346444
0.9,-1.8560141698960453,0.008227373484758067,0.0017577888274379412
0.9,-1.8460141698960453,0.007885455304757568,0.0016783052243541847
0.9,-1.8360141698960453,0.007565136783879588,0.001603893055141264
0.9,-1.8260141698960453,0.00726533744623359,0.0015343173605387068
0.9,-1.8160141698960452,0.0069850068948491845,0.001469348422025348
0.9,-1.8060141698960452,0.0067231251635946725,0.00140876189471235
0.9,-1.7960141698960452,0.006478703003137224,0.0013523389270530435
0.9,-1.7860141698960452,0.006250782102183242,0.0012998662674787904
0.9,-1.7760141698960452,0.006038435245379852,0.001251136358102308
0.9,-1.7660141698960452,0.00584076640935725,0.0012059474156538737
0.9,-1.7560141698960452,0.005656910798518245,0.0011641034998455143
0.9,-1.7460141698960452,0.005486034822296281,0.0011254145693858028
0.9,-1.7360141698960452,0.005327336015659743,0.0010896965258844345
0.9,-1.7260141698960452,0.00518004290479246,0.0010567712459206788
0.9,-1.7160141698960452,0.005043414819902183,0.001026466601560013
0.9,-1.7060141698960452,0.004916741657237724,0.0009986164696339215
0.9,-1.6960141698960451,0.004799343592421679,0.0009730607301089942
0.9,-1.6860141698960451,0.004690570747300806,0.0009496452538956599
0.9,-1.6760141698960451,0.0045898028125350605,0.0009282218804568429
0.9,-1.6660141698960451,0.004496448628227577,0.0009086483855983283
0.9,-1.656014169896045,0.004409945724914418,0.000890788439831732
0.9,-1.646014169896045,0.004329759827249763,0.0008745115577104887
0.9,-1.636014169896045,0.004255384322790607,0.0008596930385577648
0.9,-1.626014169896045,0.0041863396982456495,0.0008462138990038601
0.9,-1.616014169896045,0.004122172945605855,0.0008339607977659289
0.9,-1.606014169896045,0.004062456940544243,0.0008228259531028957
0.9,-1.596014169896045,0.004006789795486835,0.0008127070533862033
0.9,-1.586014169896045,0.003954794189726528,0.0008035071612263986
0.9,-1.576014169896045,0.003906116678955269,0.0007951346116010225
0.9,-1.566014169896045,0.003860426986535249,0.0007875029044235146
0.9,-1.556014169896045,0.003817417278822232,0.0007805305919955217
0.9,-1.546014169896045,0.0037768014268143206,0.0007741411617817049
0.9,-1.536014169896045,0.003738314256325127,0.0007682629149356
0.9,-1.526014169896045,0.0037017107888936795,0.0007628288410112369
0.9,-1.516014169896045,0.003666765475520555,0.0007577764892750658
0.9,-1.506014169896045,0.0036332714253159972,0.0007530478370349457
0.9,-1.496014169896045,0.0036010396310573855,0.0007485891553888022
0.9,-1.486014169896045,0.0035698981935901627,0.0007443508727859614
0.9,-1.476014169896045,0.003539691546952267,0.0007402874367859367
0.9,-1.466014169896045,0.0035102796860028347,0.0007363571743823248
0.9,-1.456014169896045,0.0034815373982911967,0.00073252215125275
0.9,-1.446014169896045,0.003453353501805532,0.0007287480302783587
0.9,-1.436014169896045,0.0034256300901526603,0.0007250039296610243
0.9,-1.426014169896045,0.003398281786676411,0.0007212622809587497
0.9,-1.416014169896045,0.003371235008890733,0.0007174986873352183
0.9,-1.4060141698960449,0.003344427244552815,0.0007136917823104592
0.9,-1.3960141698960449,0.0033178063406145092,0.0007098230892829924
0.9,-1.3860141698960449,0.0032913298061732605,0.0007058768820716908
0.9,-1.3760141698960449,0.0032649641305248505,0.0007018400467218819
0.9,-1.3660141698960448,0.0032386841172370832,0.0006977019447849684
0.9,-1.3560141698960448,0.00321247223519832,0.0006934542782873574
0.9,-1.3460141698960448,0.003186317987392594,0.0006890909565652402
0.9,-1.3360141698960448,0.003160217298165225,0.0006846079651438661
0.9,-1.3260141698960448,0.0031341719196093898,0.0006800032368137197
0.9,-1.3160141698960448,0.003108188857632606,0.0006752765250421021
0.9,-1.3060141698960448,0.0030822798182080116,0.0006704292798473819
0.9,-1.2960141698960448,0.0030564606742014217,0.0006654645262413848
0.9,-1.2860141698960448,0.0030307509531423936,0.0006603867453401822
0.9,-1.2760141698960448,0.0030051733461763583,0.0006552017582183132
0.9,-1.2660141698960448,0.0029797532384281383,0.0006499166125799093
0.9,-1.2560141698960448,0.0029545182608959027,0.0006445394722987195
0.9,-1.2460141698960447,0.0029294978639615357,0.0006390795098726641
0.9,-1.2360141698960447,0.0029047229125243063,0.0006335468018236699
0.9,-1.2260141698960447,0.0028802253027298435,0.000627952227067111
0.9,-1.2160141698960447,0.0028560376001929744,0.0006223073682617384
0.9,-1.2060141698960447,0.0028321926995772827,0.0006166244161448451
0.9,-1.1960141698960447,0.0028087235053575388,0.0006109160768513797
0.9,-1.1860141698960447,0.002785662633507745,0.0006051954822010828
0.9,-1.1760141698960447,0.0027630421338840382,0.0005994761029440896
0.9,-1.1660141698960447,0.0027408932329718045,0.0005937716649383371
0.9,-1.1560141698960447,0.0027192460966771605,0.0005880960682359925
0.9,-1.1460141698960447,0.0026981296127928114,0.0005824633090489494
0.9,-1.1360141698960446,0.0026775711927581997,0.0005768874045641568
0.9,-1.1260141698960446,0.0026575965922900433,0.0005713823205739308
0.9,-1.1160141698960446,0.0026382297504656737,0.0005659619018909377
0.9,-1.1060141698960446,0.0026194926468013726,0.0005606398055131277
0.9,-1.0960141698960446,0.0026014051758820357,0.0005554294365106692
0.9,-1.0860141698960446,0.002583985039049449,0.0005503438866011533
0.9,-1.0760141698960446,0.0025672476526899,0.0005453958753904984
0.9,-1.0660141698960446,0.0025512060726257295,0.0005405976942541789
0.9,-1.0560141698960446,0.002535870934130867,0.0005359611528414786
0.9,-1.0460141698960446,0.002521250407073917,0.0005314975281871413
0.9,-1.0360141698960446,0.0025073501657065693,0.0005272175164227375
0.9,-1.0260141698960445,0.002494173372614631,0.000523131187085386
0.9,-1.0160141698960445,0.0024817206763423274,0.0005192479400257065
0.9,-1.0060141698960445,0.0024699902222201937,0.0005155764649262705
0.9,-0.9960141698960445,0.002458977675933877,0.0005121247034489616
0.9,-0.9860141698960445,0.0024486762593621033,0.0005088998140336719
0.9,-0.9760141698960445,0.002439076798241328,0.0005059081393822728
0.9,-0.9660141698960445,0.002430167781219366,0.0005031551766684682
0.9,-0.9560141698960445,0.0024219354298532876,0.0005006455505187344
0.9,-0.9460141698960445,0.0024143637791484577,0.0004983829888230727
0.9,-0.9360141698960445,0.0024074347682181006,0.0004963703014366637
0.9,-0.9260141698960445,0.002401128340670282,0.0004946093618442503
0.9,-0.9160141698960445,0.002395422554336617,0.0004931010918656552
0.9,-0.9060141698960444,0.0023902936999614767,0.0004918454494868106
0.9,-0.8960141698960444,0.002385716428489823,0.0004908414199090093
0.9,-0.8860141698960444,0.0023816638865954516,0.0004900870099143383
0.9,-0.8760141698960444,0.0023781078601091835,0.0004895792456525137
0.9,-0.8660141698960444,0.0023750189249897103,0.0004893141739549466
0.9,-0.8560141698960444,0.0023723666055364846,0.000489286867295685
0.9,-0.8460141698960444,0.002370119539484891,0.0004894914325104647
0.9,-0.8360141698960444,0.002368245649698645,0.0004899210234013383
0.9,-0.8260141698960444,0.0023667123221159754,0.0004905678573449278
0.9,-0.8160141698960444,0.002365486589662986,0.0004914232360340508
0.9,-0.8060141698960444,0.0023645353218037474,0.0004924775704745186
0.9,-0.7960141698960443,0.0023638254194412907,0.0004937204103669411
0.9,-0.7860141698960443,0.002363324014838204,0.0004951404779937328
0.9,-0.7760141698960443,0.0023629986762686607,0.0004967257067377815
0.9,-0.7660141698960443,0.0023628176170740214,0.0004984632843491342
0.9,-0.7560141698960443,0.0023627499088151715,0.0005003397010766673
0.9,-0.7460141698960443,0.0023627656981957184,0.0005023408027737373
0.9,-0.7360141698960443,0.0023628364274267152,0.000504451849081171
0.9,-0.7260141698960443,0.0023629350577042867,0.0005066575767850521
0.9,-0.7160141698960443,0.002363036295450409,0.0005089422684360021
0.9,-0.7060141698960443,0.0023631168209627233,0.0005112898263080233
0.9,-0.6960141698960443,0.0023631555191208583,0.0005136838517667274
0.9,-0.6860141698960442,0.002363133711756335,0.0005161077300996007
0.9,-0.6760141698960442,0.0023630353913172567,0.0005185447208551351
0.9,-0.6660141698960442,0.002362847455418743,0.0005209780537187734
0.9,-0.6560141698960442,0.002362559941873103,0.0005233910299420406
0.9,-0.6460141698960442,0.00236216626376126,0.0005257671293220322
0.9,-0.6360141698960442,0.0023616634441294667,0.0005280901227189837
0.9,-0.6260141698960442,0.0023610523498388356,0.0005303441900741
0.9,-0.6160141698960442,0.002360337924107719,0.0005325140438769958
0.9,-0.6060141698960442,0.0023595294172691897,0.0005345850580121668
0.9,-0.5960141698960442,0.002358640615250416,0.0005365434018945457
0.9,-0.5860141698960442,0.002357690065262307,0.0005383761797825968
0.9,-0.5760141698960441,0.002356701298189698,0.0005400715751399785
0.9,-0.5660141698960441,0.0023557030471412603,0.000541618999891723
0.9,-0.5560141698960441,0.002354729461627317,0.0005430092484034997
0.9,-0.5460141698960441,0.002353820316809423,0.0005442346559879139
0.9,-0.5360141698960441,0.002353021217264648,0.0005452892617214332
0.9,-0.5260141698960441,0.0023523837946882453,0.0005461689753312358
0.9,-0.5160141698960441,0.002351965898974774,0.0005468717478934935
0.9,-0.5060141698960441,0.0023518317820889092,0.0005473977460579136
0.9,-0.4960141698960441,0.002352052274140119,0.0005477495294928446
0.9,-0.48601416989604407,0.002352704951085035,0.0005479322312253752
0.9,-0.47601416989604406,0.002353874293470541,0.0005479537405277622
0.9,-0.46601416989604405,0.0023556518356287583,0.0005478248879796853
0.9,-0.45601416989604404,0.002358136304748718,0.0005475596323172692
0.9,-0.44601416989604403,0.0023614337492551683,0.0005471752486600654
0.9,-0.436014169896044,0.0023656576559151696,0.0005466925176846381
0.9,-0.426014169896044,0.0023709290551300623,0.0005461359153002763
0.9,-0.416014169896044,0.002377376613852832,0.0005455338023592181
0.9,-0.406014169896044,0.0023851367156129065,0.0005449186139226913
0.9,-0.396014169896044,0.002394353527119012,0.0005443270475833682
0.9,-0.386014169896044,0.0024051790509558436,0.0005438002503355454
0.9,-0.37601416989604397,0.002417773163880789,0.0005433840034657121
0.9,-0.36601416989604396,0.002432303640277168,0.0005431289049295528
0.9,-0.35601416989604395,0.0024489461603308875,0.000543090548668279
0.9,-0.34601416989604394,0.002467884302521004,0.0005433297003077019
0.9,-0.33601416989604393,0.002489309520044548,0.0005439124686760253
0.9,-0.3260141698960439,0.0025134211008447814,0.0005449104725740227
0.9,-0.3160141698960439,0.002540426110907522,0.0005464010022197195
0.9,-0.3060141698960439,0.0025705393205607296,0.000548467174794116
0.9,-0.2960141698960439,0.0026039831135266723,0.0005511980835091211
0.9,-0.2860141698960439,0.002640987378522425,0.0005546889396215747
0.9,-0.2760141698960439,0.002681789383234285,0.0005590412068178839
0.9,-0.2660141698960439,0.0027266336305451014,0.0005643627274005956
0.9,-0.25601416989604386,0.0027757716969252296,0.0005707678397126335
0.9,-0.24601416989604385,0.0028294620529378052,0.0005783774862422274
0.9,-0.23601416989604385,0.002887969865869717,0.0005873193118647889
0.9,-0.22601416989604384,0.002951566784521471,0.0005977277516851596
0.9,-0.21601416989604383,0.003020530706249088,0.0006097441079601527
0.9,-0.20601416989604382,0.003095145526402725,0.0006235166155975523
0.9,-0.1960141698960438,0.003175700870321253,0.0006392004957389995
0.9,-0.1860141698960438,0.0032624918081408357,0.0006569579969630077
0.9,-0.1760141698960438,0.0033558185526678416,0.0006769584236547086
0.9,-0.16601416989604378,0.0034559861406537663,0.0006993781511191342
0.9,-0.15601416989604378,0.0035633040978338562,0.0007244006270346313
0.9,-0.14601416989604377,0.0036780860881431175,0.0007522163588698747
0.9,-0.13601416989604376,0.003800649547579401,0.0007830228869172049
0.9,-0.12601416989604375,0.003931315303203707,0.0008170247426191898
0.9,-0.11601416989604374,0.00407040717784923,0.0008544333919025424
0.9,-0.10601416989604373,0.004218251581108267,0.0008954671632566632
0.9,-0.09601416989604372,0.004375177087246713,0.0009403511603340561
0.9,-0.08601416989604371,0.0045415140007234725,0.0009893171588816472
0.9,-0.0760141698960437,0.004717593910020619,0.001042603487845077
0.9,-0.0660141698960437,0.004903749230545592,0.00110045489452767
0.9,-0.056014169896043686,0.005100312737390329,0.001163122393720439
0.9,-0.04601416989604368,0.0053076170887719045,0.001230863100758683
0.9,-0.03601416989604367,0.005525994341015446,0.001303940048499735
0.9,-0.02601416989604366,0.005755775455956983,0.0013826219882536468
0.9,-0.01601416989604365,0.005997289801692883,0.0014671831747417826
0.9,-0.006014169896043642,0.006250864647601008,0.0015579031351935996
0.9,0.003985830103956367,0.006516824654615008,0.0016550664227383068
0.9,0.013985830103956154,0.006795491361727919,0.001758962354283628
0.9,0.023985830103956385,0.007087182669727458,0.001869884733115908
0.9,0.033985830103956616,0.007392212323186638,0.001988131556497254
0.9,0.0439858301039564,0.007710889391755524,0.0021140047085772312
0.9,0.05398583010395619,0.00804351775177218,0.0022478096389692286
0.9,0.06398583010395642,0.008390395569274192,0.0023898550273915723
0.9,0.07398583010395665,0.008751814785449431,0.0025404524348030737
0.9,0.08398583010395644,0.00912806060560634,0.0026999159415084344
0.9,0.09398583010395622,0.009519410992703122,0.002868561772738401
0.9,0.10398583010395646,0.009926136166513255,0.003046707912253707
0.9,0.11398583010395669,0.010348498109473596,0.0032346737045526644
0.9,0.12398583010395647,0.010786750080262364,0.003432779446297806
0.9,0.13398583010395626,0.011241136136134087,0.003641345967608771
0.9,0.1439858301039565,0.01171189066504727,0.003860694203904048
0.9,0.15398583010395672,0.012199237928569074,0.004091144758997906
0.9,0.1639858301039565,0.012703391616567734,0.004333017460196072
0.9,0.1739858301039563,0.01322455441463078,0.004586630906150989
0.9,0.18398583010395653,0.013762917585173489,0.004852302008272092
0.9,0.19398583010395676,0.014318660563133835,0.005130345526502316
0.9,0.20398583010395654,0.014891950567155043,0.005421073600299704
0.9,0.21398583010395633,0.015482942227097526,0.005724795275677519
0.9,0.22398583010395656,0.01609177722871291,0.006041816029177885
0.9,0.2339858301039568,0.01671858397626904,0.006372437289668397
0.9,0.24398583010395658,0.017363477273863268,0.006716955958861353
0.9,0.25398583010395637,0.018026558026153543,0.0070756639314725825
0.9,0.2639858301039566,0.01870791295916907,0.0074488476159406515
0.9,0.27398583010395683,0.01940761436182952,0.007836787456635802
0.9,0.2839858301039566,0.020125719848769357,0.008239757458494408
0.9,0.2939858301039564,0.020862272144989806,0.008658024715012112
0.9,0.30398583010395663,0.02161729889285633,0.009091848940535593
0.9,0.31398583010395686,0.0223908124818675,0.009541482007783203
0.9,0.32398583010395665,0.023182809901611187,0.010007167491526723
0.9,0.33398583010395644,0.023993272618238724,0.010489140219352619
0.9,0.34398583010395667,0.024822166474783317,0.010987625830421304
0.9,0.3539858301039569,0.025669441615540363,0.011502840343119543
0.9,0.3639858301039567,0.026535032434723486,0.012034989732497526
0.9,0.3739858301039565,0.02741885754954422,0.012584269518362294
0.9,0.3839858301039567,0.028320819797790983,0.013150864364878584
0.9,0.39398583010395694,0.029240806259969138,0.013734947692514052
0.9,0.4039858301039567,0.030178688305967233,0.014336681303136447
0.9,0.4139858301039565,0.031134321666196944,0.014956215019051538
0.9,0.42398583010395674,0.032107546527095174,0.01559368633674387
0.9,0.43398583010395697,0.033098187650804155,0.0162492200960501
0.9,0.44398583010395676,0.034106054518813385,0.0169229281654686
0.9,0.45398583010395654,0.035130941499300614,0.017614909144278816
0.9,0.4639858301039568,0.03617262803784217,0.018325248082106463
0.9,0.473985830103957,0.03723087887111193,0.01905401621653685
0.9,0.4839858301039568,0.038305444263169994,0.01980127072934792
0.9,0.4939858301039566,0.03939606026385592,0.020567054521889346
0.9,0.5039858301039568,0.04050244898877156,0.021351396010099482
0.9,0.513985830103957,0.0416243189203018,0.02215430893961279
0.9,0.5239858301039568,0.04276136522906017,0.02297579222136708
0.9,0.5339858301039566,0.04391327011511868,0.02381582978808103
0.9,0.5439858301039568,0.04507970316832502,0.02467439047192604
0.9,0.5539858301039571,0.04626032174697961,0.025551427903676
0.9,0.5639858301039569,0.047454771374116606,0.026446880433576563
0.9,0.5739858301039567,0.04866268615055827,0.027360671074123315
0.9,0.5839858301039569,0.04988368918393757,0.028292707464905135
0.9,0.5939858301039571,0.05111739303279464,0.029242881859613424
0.9,0.6039858301039569,0.052363400164843726,0.030211071135277837
0.9,0.6139858301039567,0.05362130342850606,0.03119713682374773
0.9,0.6239858301039569,0.05489068653671075,0.03220092516538236
0.9,0.6339858301039571,0.05617112456201899,0.0332222671848819
0.9,0.6439858301039569,0.057462184442041,0.034260978789135796
0.9,0.6539858301039567,0.058763425494139376,0.03531686088692904
0.9,0.663985830103957,0.060074399938368106,0.036389699530297595
0.9,0.6739858301039572,0.061394653427585294,0.03747926607728415
0.9,0.683985830103957,0.06272372558368755,0.03858531737580564
0.9,0.6939858301039568,0.06406115053886446,0.03970759596829723
0.9,0.703985830103957,0.06540645748080448,0.04084583031676326
0.9,0.7139858301039572,0.0667591712007487,0.0419997350478225
0.9,0.723985830103957,0.06811881264330433,0.043169011217299214
0.9,0.7339858301039568,0.06948489945691569,0.04435334659387342
0.9,0.743985830103957,0.07085694654391511,0.045552415961270167
0.9,0.7539858301039573,0.07223446660905056,0.04676588143843099
0.9,0.763985830103957,0.073616970705429,0.04799339281708147
0.9,0.7739858301039568,0.07500396877679916,0.04923458791607451
0.9,0.7839858301039571,0.07639497019513086,0.050489092951862144
0.9,0.7939858301039573,0.07778948429244043,0.051756522924418055
0.9,0.8039858301039571,0.07918702088586899,0.05303648201791143
0.9,0.8139858301039569,0.08058709079499735,0.05432856401540262
0.9,0.8239858301039571,0.08198920635044629,0.05563235272681363
0.9,0.8339858301039573,0.08339288189280877,0.05694742242940203
0.9,0.8439858301039571,0.08479763426101328,0.05827333831995172
0.9,0.8539858301039569,0.08620298326922976,0.05960965697787238
0.9,0.8639858301039571,0.0876084521714901,0.06095592683838975
0.9,0.8739858301039574,0.0890135681131986,0.0623116886749899
0.9,0.8839858301039571,0.0904178625687902,0.06367647609027531
0.9,0.8939858301039569,0.09182087176479747,0.06504981601437695
0.9,0.9039858301039572,0.09322213708766569,0.06643122921006234
0.9,0.9139858301039574,0.09462120547566788,0.06782023078366957
0.9,0.9239858301039572,0.09601762979435913,0.06921633070100061
0.9,0.933985830103957,0.09741096919504033,0.07061903430730178
0.9,0.9439858301039572,0.09880078945574011,0.07202784285045588
0.9,0.9539858301039574,0.10018666330432141,0.07344225400652245
0.9,0.9639858301039572,0.10156817072333324,0.07486176240675688
0.9,0.973985830103957,0.10294489923631145,0.07628586016525127
0.9,0.9839858301039572,0.10431644417528674,0.0777140374063445
0.9,0.9939858301039575,0.10568240892931713,0.07914578279095981
0.9,1.0039858301039573,0.10704240517393021,0.08058058404103877
0.9,1.013985830103957,0.1083960530814112,0.08201792846125304
0.9,1.0239858301039573,0.10974298151196094,0.08345730345719012
0.9,1.0339858301039575,0.11108282818578169,0.08489819704922325
0.9,1.0439858301039573,0.11241523983624435,0.08634009838129758
0.9,1.053985830103957,0.11373987234433924,0.0877824982238767
0.9,1.0639858301039573,0.1150563908546714,0.08922488947031858
0.9,1.0739858301039575,0.11636446987336097,0.09066676762597053
0.9,1.0839858301039573,0.11766379334821819,0.09210763128929195
0.9,1.0939858301039571,0.11895405473170029,0.0935469826243439
0.9,1.1039858301039573,0.1202349570271346,0.09498432782399878
0.9,1.1139858301039576,0.12150621281885254,0.09641917756326238
0.9,1.1239858301039574,0.12276754428684089,0.09785104744211265
0.9,1.1339858301039571,0.12401868320666576,0.09927945841730065
0.9,1.1439858301039574,0.12525937093541928,0.10070393722257569
0.9,1.1539858301039576,0.1264893583845304,0.10212401677683278
0.9,1.1639858301039574,0.12770840598032163,0.10353923657970707
0.9,1.1739858301039572,0.12891628361325358,0.10494914309417051
0.9,1.1839858301039574,0.13011277057683723,0.10635329011571495
0.9,1.1939858301039576,0.13129765549725675,0.10775123912773812
0.9,1.2039858301039574,0.13247073625477257,0.10914255964277957
0.9,1.2139858301039572,0.1336318198980293,0.1105268295292846
0.9,1.2239858301039575,0.13478072255242068,0.11190363532360452
0.9,1.2339858301039577,0.13591726932369785,0.11327257252697372
0.9,1.2439858301039575,0.1370412941980475,0.11463324588723671
0.9,1.2539858301039573,0.1381526399398716,0.11598526966512686
0.9,1.2639858301039575,0.1392511579885486,0.11732826788493081
0.9,1.2739858301039577,0.14033670835544265,0.11866187456940411
0.9,1.2839858301039575,0.14140915952247213,0.11998573395883262
0.9,1.2939858301039573,0.14246838834352105,0.1212995007141656
0.9,1.3039858301039575,0.1435142799500202,0.12260284010417612
0.9,1.3139858301039578,0.14454672766198162,0.12389542817663116
0.9,1.3239858301039575,0.14556563290579916,0.12517695191348754
0.9,1.3339858301039573,0.14657090514008997,0.12644710937015272
0.9,1.3439858301039576,0.14756246179084798,0.12770560979887965
0.9,1.3539858301039578,0.14854022819715718,0.12895217375639145
0.9,1.3639858301039576,0.14950413756867764,0.13018653319585738
0.9,1.3739858301039574,0.1504541309560946,0.13140843154336684
0.9,1.3839858301039576,0.15139015723567384,0.13261762375907266
0.9,1.3939858301039578,0.15231217310902578,0.13381387638319758
0.9,1.4039858301039576,0.15322014311914156,0.1349969675671234
0.9,1.4139858301039574,0.15411403968368842,0.13616668708979984
0.9,1.4239858301039576,0.15499384314652453,0.13732283635973477
0.9,1.4339858301039579,0.15585954184829576,0.1384652284028441
0.9,1.4439858301039576,0.1567111322169361,0.1395936878364618
0.9,1.4539858301039574,0.15754861887880467,0.14070805082982563
0.9,1.4639858301039577,0.15837201479111795,0.141808165051371
0.9,1.473985830103958,0.15918134139625928,0.14289388960318378
0.9,1.4839858301039577,0.15997662879845187,0.14396509494297444
0.9,1.4939858301039575,0.1607579159632021,0.1450216627939515
0.9,1.5039858301039577,0.16152525093981496,0.14606348604298328
0.9,1.513985830103958,0.1622786911071944,0.14709046862745004
0.9,1.5239858301039577,0.16301830344304002,0.1481025254111983
0.9,1.5339858301039575,0.16374416481644727,0.14909958205001778
0.9,1.5439858301039577,0.16445636230380767,0.15008157484707013
0.9,1.553985830103958,0.16515499352780338,0.15104845059870706
0.9,1.5639858301039578,0.16584016701919058,0.1520001664311193
0.9,1.5739858301039575,0.1665120026009227,0.15293668962826545
0.9,1.5839858301039578,0.16717063179409053,0.15385799745153156
0.9,1.593985830103958,0.16781619824502125,0.15476407695157735
0.9,1.6039858301039578,0.16844885817276278,0.15565492477282633
0.9,1.6139858301039576,0.169068780836085,0.15653054695105828
0.9,1.6239858301039578,0.16967614901898642,0.1573909587045626
0.9,1.633985830103958,0.17027115953361882,0.15823618421931146
0.9,1.6439858301039578,0.17085402373940506,0.15906625642860858
0.9,1.6539858301039576,0.17142496807701346,0.15988121678766906
0.9,1.6639858301039578,0.17198423461577617,0.16068111504358068
0.9,1.673985830103958,0.17253208161299294,0.1614660090010937
0.9,1.6839858301039579,0.17306878408349335,0.16223596428468276
0.9,1.6939858301039576,0.17359463437771394,0.16299105409731696
0.9,1.7039858301039579,0.17410994276645575,0.16373135897636923
0.9,1.713985830103958,0.17461503803040657,0.1644569665470893
0.9,1.723985830103958,0.1751102680524077,0.16516797127405639
0.9,1.7339858301039577,0.17559600041037948,0.16586447421102088
0.9,1.743985830103958,0.17607262296874915,0.1665465827495344
0.9,1.7539858301039581,0.17654054446613,0.167214410366759
0.9,1.763985830103958,0.17700019509696518,0.1678680763728371
0.9,1.7739858301039577,0.17745202708477037,0.16850770565819337
0.9,1.783985830103958,0.17789651524457772,0.16913342844112833
0.9,1.7939858301039582,0.17833415753212367,0.16974538001605435
0.9,1.803985830103958,0.17876547557729527,0.17034370050271222
0.9,1.8139858301039578,0.1791910151993178,0.17092853459669488
0.9,1.823985830103958,0.1796113469011562,0.17150003132159428
0.9,1.8339858301039582,0.18002706634056131,0.17205834378307366
0.9,1.843985830103958,0.18043879477522973,0.17260362892515668
0.9,1.8539858301039578,0.18084717947950302,0.17313604728901122
0.9,1.863985830103958,0.18125289413008983,0.1736557627744943
0.9,1.8739858301039582,0.18165663915827124,0.17416294240471056
0.9,1.883985830103958,0.18205914206611096,0.17465775609382497
0.9,1.8939858301039578,0.18246115770421756,0.17514037641835725
0.9,1.903985830103958,0.1828634685086501,0.17561097839217235
0.9,1.9139858301039583,0.18326688469461727,0.17606973924536884
0.9,1.923985830103958,0.18367224440468477,0.17651683820725425
0.9,1.9339858301039579,0.1840804138092733,0.1769524562935835
0.9,1.943985830103958,0.1844922871573167,0.17737677609822364
0.9,1.9539858301039583,0.1849087867750311,0.17778998158939605
0.9,1.963985830103958,0.18533086301085255,0.17819225791063478
0.9,1.973985830103958,0.18575949412469672,0.17858379118658665
0.9,1.9839858301039581,0.18619568611980608,0.17896476833376787
0.9,1.9939858301039584,0.18664047251558913,0.1793353768763786
