rho,x,ICM_var,scaled_exp_var
0.1,-1.9960141698960454,0.012525485177387384,0.012417090821284175
0.1,-1.9860141698960454,0.011850798447670204,0.011747549583889426
0.1,-1.9760141698960454,0.011213822647264324,0.011115458122373061
0.1,-1.9660141698960454,0.010613052332772488,0.010519321256579705
0.1,-1.9560141698960454,0.010047005509119538,0.009957667023764416
0.1,-1.9460141698960454,0.009514225058567697,0.009429048104261165
0.1,-1.9360141698960454,0.009013280087366732,0.00893204316528431
0.1,-1.9260141698960453,0.008542767188827348,0.008465258121638593
0.1,-1.9160141698960453,0.008101311621808924,0.00802732731231555
0.1,-1.9060141698960453,0.007687568403882505,0.0076169145922226995
0.1,-1.8960141698960453,0.007300223318599616,0.0072327143384616184
0.1,-1.8860141698960453,0.00693799383655305,0.006873452370825551
0.1,-1.8760141698960453,0.006599629950118991,0.006537886786390189
0.1,-1.8660141698960453,0.006283914921991224,0.00622480870829213
0.1,-1.8560141698960453,0.005989665947820201,0.0059330429489913425
0.1,-1.8460141698960453,0.005715734733496298,0.00566144858854005
0.1,-1.8360141698960453,0.005461007987796789,0.005408919468560697
0.1,-1.8260141698960453,0.00522440783134293,0.005174384602862091
0.1,-1.8160141698960452,0.005004892122971512,0.0049568085057810785
0.1,-1.8060141698960452,0.004801454704853117,0.0047551914395645165
0.1,-1.7960141698960452,0.004613125567822047,0.004568569582239643
0.1,-1.7860141698960452,0.004438970938605602,0.004396015117643169
0.1,-1.7760141698960452,0.004278093290763617,0.004236636249403306
0.1,-1.7660141698960452,0.00412963128134092,0.004089577140860502
0.1,-1.7560141698960452,0.003992759615335811,0.003954017783013905
0.1,-1.7460141698960452,0.0038666888403079223,0.0038291737928002755
0.1,-1.7360141698960452,0.0037506650734805093,0.003714296144045147
0.1,-1.7260141698960452,0.0036439696638992545,0.0036086708336325888
0.1,-1.7160141698960452,0.003545918792277349,0.0035116184855084674
0.1,-1.7060141698960452,0.0034558630112540532,0.0034224938952300697
0.1,-1.6960141698960451,0.0033731867289279686,0.003340685517909027
0.1,-1.6860141698960451,0.003297307638555199,0.003265614902424485
0.1,-1.6760141698960451,0.0032276760974167856,0.003196736074897788
0.1,-1.6660141698960451,0.003163774457891256,0.0031335348744522306
0.1,-1.656014169896045,0.0031051163538496334,0.0030755282443632424
0.1,-1.646014169896045,0.003051245945488598,0.0030222634817036785
0.1,-1.636014169896045,0.003001737125808725,0.002973317448680135
0.1,-1.626014169896045,0.002956192691883752,0.0029282957487966298
0.1,-1.616014169896045,0.002914243484168948,0.002886831871083769
0.1,-1.606014169896045,0.0028755474970100915,0.0028485863055464455
0.1,-1.596014169896045,0.002839788963579953,0.0028132456330482946
0.1,-1.586014169896045,0.0028066774183848116,0.0027805215927680436
0.1,-1.576014169896045,0.0027759467405003902,0.0027501501303798083
0.1,-1.566014169896045,0.0027473541806535317,0.00272189043006697
0.1,-1.556014169896045,0.002720679375177406,0.0026955239333916713
0.1,-1.546014169896045,0.0026957233498853773,0.002670853348059101
0.1,-1.536014169896045,0.0026723075167744787,0.00264770164948276
0.1,-1.526014169896045,0.002650272666446898,0.002625911078034356
0.1,-1.516014169896045,0.0026294779590460963,0.002605342134770764
0.1,-1.506014169896045,0.00260979991639824,0.0025858725783251633
0.1,-1.496014169896045,0.0025911314180065356,0.002567396425606312
0.1,-1.486014169896045,0.0025733807033987846,0.002549822958803466
0.1,-1.476014169896045,0.002556470383256593,0.0025330757411226113
0.1,-1.466014169896045,0.0025403364616478617,0.0025170916435731426
0.1,-1.456014169896045,0.002524927371547614,0.002501819884988069
0.1,-1.446014169896045,0.00251020302575378,0.0024872210873822277
0.1,-1.436014169896045,0.002496133885151902,0.0024732663486008786
0.1,-1.426014169896045,0.0024827000461877693,0.0024599363341159743
0.1,-1.416014169896045,0.002469890349261348,0.0024472203896820878
0.1,-1.4060141698960449,0.0024577015096528417,0.0024351156764613447
0.1,-1.3960141698960449,0.0024461372724416445,0.002423626330076869
0.1,-1.3860141698960449,0.0024352075927723707,0.002412762644947548
0.1,-1.3760141698960449,0.0024249278426813656,0.002402540285116225
0.1,-1.3660141698960448,0.002415318045572277,0.002392979522658567
0.1,-1.3560141698960448,0.0024064021393180313,0.0023841045046484157
0.1,-1.3460141698960448,0.002398207268808708,0.0023759425494977926
0.1,-1.3360141698960448,0.002390763108682775,0.002368523473407217
0.1,-1.3260141698960448,0.0023841012168220824,0.002361878947505118
0.1,-1.3160141698960448,0.00237825441910452,0.002356041886168211
0.1,-1.3060141698960448,0.002373256225759384,0.0023510458668659696
0.1,-1.2960141698960448,0.002369140279596411,0.002346924581797725
0.1,-1.2860141698960448,0.0023659398362404953,0.002343711321452072
0.1,-1.2760141698960448,0.0023636872764152147,0.0023414384901290454
0.1,-1.2660141698960448,0.0023624136502300086,0.002340137153376908
0.1,-1.2560141698960448,0.002362148253300345,0.002339836617170017
0.1,-1.2460141698960447,0.0023629182344827985,0.0023405640386061732
0.1,-1.2360141698960447,0.0023647482348850223,0.002342344067780092
0.1,-1.2260141698960447,0.002367660057764951,0.002345198520443469
0.1,-1.2160141698960447,0.0023716723688376974,0.0023491460809662644
0.1,-1.2060141698960447,0.002376800426456179,0.002354202035061085
0.1,-1.1960141698960447,0.002383055841075773,0.0023603780316765756
0.1,-1.1860141698960447,0.00239044636333643,0.0023676818733889314
0.1,-1.1760141698960447,0.00239897570008029,0.00237611733460479
0.1,-1.1660141698960447,0.0024086433575582454,0.002385684006824258
0.1,-1.1560141698960447,0.002419444511046701,0.002396377170180507
0.1,-1.1460141698960447,0.002431369900088722,0.002408187690465018
0.1,-1.1360141698960446,0.0024444057485111014,0.0024211019407852164
0.1,-1.1260141698960446,0.0024585337084003706,0.0024351017470322545
0.1,-1.1160141698960446,0.002473730827156498,0.0024501643562729347
0.1,-1.1060141698960446,0.0024899695368026543,0.002466262427238798
0.1,-1.0960141698960446,0.0025072176646656137,0.0024833640420223067
0.1,-1.0860141698960446,0.0025254384645828406,0.002501432738131276
0.1,-1.0760141698960446,0.0025445906678100262,0.0025204275600705004
0.1,-1.0660141698960446,0.0025646285527905384,0.002540303129607668
0.1,-1.0560141698960446,0.002585502032998195,0.0025610097339305426
0.1,-1.0460141698960446,0.002607156762062299,0.0025824934309004177
0.1,-1.0360141698960446,0.0026295342554397867,0.0026046961706628004
0.1,-1.0260141698960445,0.0026525720279131047,0.002627555932890556
0.1,-1.0160141698960445,0.0026762037462285935,0.002651006878971254
0.1,-1.0060141698960445,0.0027003593962571537,0.0026749795185175883
0.1,-0.9960141698960445,0.0027249654640512603,0.0026994008895729637
0.1,-0.9860141698960445,0.0027499451302594974,0.002724194751971459
0.1,-0.9760141698960445,0.002775218477387349,0.002749281793339666
0.1,-0.9660141698960445,0.002800702709443045,0.00277457984727843
0.1,-0.9560141698960445,0.002826312383549701,0.002800004123305625
0.1,-0.9460141698960445,0.0028519596531595506,0.002825467448196153
0.1,-0.9360141698960445,0.0028775545225588586,0.0028508805184087717
0.1,-0.9260141698960445,0.0029030051123900774,0.002876152163328054
0.1,-0.9160141698960445,0.002928217935965013,0.002901189619097694
0.1,-0.9060141698960444,0.00295309818621222,0.002925898812891282
0.1,-0.8960141698960444,0.0029775500331156494,0.002950184657481517
0.1,-0.8860141698960444,0.003001476931561778,0.002973951356029587
0.1,-0.8760141698960444,0.003024781939563373,0.002997102717068021
0.1,-0.8660141698960444,0.0030473680468383994,0.0030195424796617253
0.1,-0.8560141698960444,0.003069138513792321,0.0030411746488020587
0.1,-0.8460141698960444,0.0030899972209632383,0.0030619038411009826
0.1,-0.8360141698960444,0.003109849029020216,0.0030816356408839983
0.1,-0.8260141698960444,0.0031286001494441108,0.0031002769668201334
0.1,-0.8160141698960444,0.003146158526027655,0.003117736449235601
0.1,-0.8060141698960444,0.003162434227358383,0.003133924818285234
0.1,-0.7960141698960443,0.0031773398504507952,0.003148755303159426
0.1,-0.7860141698960443,0.0031907909357298736,0.003162144042540457
0.1,-0.7760141698960443,0.0032027063935189215,0.003174010506474181
0.1,-0.7660141698960443,0.0032130089422515587,0.0031842779298898683
0.1,-0.7560141698960443,0.0032216255585626095,0.003192873757937131
0.1,-0.7460141698960443,0.003228487939436339,0.003199730103332835
0.1,-0.7360141698960443,0.003233532976555554,0.0032047842158767037
0.1,-0.7260141698960443,0.003236703242991221,0.0032079789642908184
0.1,-0.7160141698960443,0.0032379474923246235,0.003209263330491272
0.1,-0.7060141698960443,0.0032372211702848502,0.0032085929163912274
0.1,-0.6960141698960443,0.003234486938913111,0.0032059304632640704
0.1,-0.6860141698960442,0.0032297152132795366,0.003201246383709302
0.1,-0.6760141698960442,0.003222884710660628,0.0031945193061473053
0.1,-0.6660141698960442,0.003213983012103768,0.0031857366317869407
0.1,-0.6560141698960442,0.003203007136188918,0.003174895103894385
0.1,-0.6460141698960442,0.003189964124784991,0.0031620013891786834
0.1,-0.6360141698960442,0.003174871640500742,0.003147072671012191
0.1,-0.6260141698960442,0.003157758575484826,0.0031301372541587
0.1,-0.6160141698960442,0.0031386656711337867,0.0031112351805863124
0.1,-0.6060141698960442,0.0031176461482234075,0.0030904188558983645
0.1,-0.5960141698960442,0.0030947663468712805,0.003067753685808232
0.1,-0.5860141698960442,0.0030701063756711114,0.0030433187220161207
0.1,-0.5760141698960441,0.0030437607692627247,0.0030172073167690225
0.1,-0.5660141698960441,0.0030158391535014015,0.002989527785284444
0.1,-0.5560141698960441,0.0029864669173223254,0.002960404075150027
0.1,-0.5460141698960441,0.0029557858902874105,0.0029299764417023977
0.1,-0.5360141698960441,0.0029239550247435186,0.0028984021283294057
0.1,-0.5260141698960441,0.0028911510814021604,0.0028658560505207043
0.1,-0.5160141698960441,0.0028575693170842984,0.0028325314824242088
0.1,-0.5060141698960441,0.0028234241732870576,0.0027986407445784
0.1,-0.4960141698960441,0.0027889499641200227,0.002764415891380726
0.1,-0.48601416989604407,0.002754401562120485,0.002730109396812688
0.1,-0.47601416989604406,0.0027200550803181994,0.0026959948368030463
0.1,-0.46601416989604405,0.002686208548895269,0.0026623675665840927
0.1,-0.45601416989604404,0.002653182584670135,0.002629545391278656
0.1,-0.44601416989604403,0.002621321051588172,0.002597869227907699
0.1,-0.436014169896044,0.002590991710318985,0.002567703756924946
0.1,-0.426014169896044,0.0025625868549979227,0.0025394380613212243
0.1,-0.416014169896044,0.0025365239350924286,0.002513486251283055
0.1,-0.406014169896044,0.0025132461603255903,0.0024902880723404776
0.1,-0.396014169896044,0.0024932230865187402,0.0024703094948675185
0.1,-0.386014169896044,0.0024769511801959582,0.002454043282778171
0.1,-0.37601416989604397,0.0024649543597425154,0.0024420095392087638
0.1,-0.36601416989604396,0.002457784510883316,0.0024347562269502287
0.1,-0.35601416989604395,0.002456021974221567,0.0024328596613666276
0.1,-0.34601416989604394,0.0024602760025535845,0.0024369249735106866
0.1,-0.33601416989604393,0.002471185185694315,0.0024475865411641316
0.1,-0.3260141698960439,0.002489417840505697,0.0024655083854871894
0.1,-0.3160141698960439,0.002515672363854265,0.002491384530994278
0.1,-0.3060141698960439,0.002550677546241704,0.0025259393265888363
0.1,-0.2960141698960439,0.002595192843836894,0.002569927725374086
0.1,-0.2860141698960439,0.0026500086067317774,0.002624135521048417
0.1,-0.2760141698960439,0.0027159462612030326,0.002689379538653186
0.1,-0.2660141698960439,0.0027938584438861043,0.0027665077775632717
0.1,-0.25601416989604386,0.0028846290857615004,0.002856399504603494
0.1,-0.24601416989604385,0.0029891734439625272,0.002959965295281578
0.1,-0.23601416989604385,0.0031084380794419247,0.00307814702115596
0.1,-0.22601416989604384,0.0032434007786657465,0.003211917781485972
0.1,-0.21601416989604383,0.003395070417538856,0.0033622817773474476
0.1,-0.20601416989604382,0.003564486765900684,0.00353027412652968
0.1,-0.1960141698960438,0.003752720231018065,0.0037169606176170357
0.1,-0.1860141698960438,0.00396087153860842,0.003923437401764159
0.1,-0.1760141698960438,0.0041900713500607565,0.004150830620806915
0.1,-0.16601416989604378,0.004441479814633462,0.004400295970462107
0.1,-0.15601416989604378,0.004716286055544999,0.004673018197505441
0.1,-0.14601416989604377,0.005015707589014153,0.004970210529957073
0.1,-0.13601416989604376,0.005340989675453451,0.005293114039450536
0.1,-0.12601416989604375,0.0056934046021619574,0.005642996935103022
0.1,-0.11601416989604374,0.006074250897022565,0.00602115378836352
0.1,-0.10601416989604373,0.006484852472881767,0.006428904688487749
0.1,-0.09601416989604372,0.0069265577024288615,0.006867594328427855
0.1,-0.08601416989604371,0.00740073842359451,0.007338591021127329
0.1,-0.0760141698960437,0.007908788875624809,0.007843285646348187
0.1,-0.0660141698960437,0.008452124566190997,0.00838309052836114
0.1,-0.056014169896043686,0.0090321810700658,0.008959438245000628
0.1,-0.04601416989604368,0.009650412760059068,0.009573780368748565
0.1,-0.03601416989604367,0.010308291471118338,0.01022758614072369
0.1,-0.02601416989604366,0.011007305098647634,0.010922341078601771
0.1,-0.01601416989604365,0.011748956132316406,0.011659545519710665
0.1,-0.006014169896043642,0.0125347601267641,0.012440713100678838
0.1,0.003985830103956367,0.013366244110857172,0.01326736917526725
0.1,0.013985830103956154,0.014244944937241402,0.014141049172102195
0.1,0.023985830103956385,0.015172407574207196,0.015063296894301354
0.1,0.033985830103956616,0.01615018334198668,0.016035662763088113
0.1,0.0439858301039564,0.01717982809580022,0.017059702007688655
0.1,0.05398583010395619,0.018262900358163275,0.01813697280400046
0.1,0.06398583010395642,0.019400959403064348,0.019269034364622403
0.1,0.07398583010395665,0.02059556329485409,0.02045744498306646
0.1,0.08398583010395644,0.02184826688478355,0.021703760035070734
0.1,0.09398583010395622,0.02316061976831499,0.023009529940119913
0.1,0.10398583010395646,0.02453416420644186,0.024376298086394018
0.1,0.11398583010395669,0.025970433014408534,0.02580559872252161
0.1,0.12398583010395647,0.02747094742133601,0.027298954819630808
0.1,0.13398583010395626,0.02903721490438453,0.028857875907317615
0.1,0.1439858301039565,0.030670727001186907,0.0304838558872556
0.1,0.15398583010395672,0.0323729571044034,0.03217837082828945
0.1,0.1639858301039565,0.034145358242332564,0.03394287674694025
0.1,0.1739858301039563,0.03598936084958375,0.035778807377323335
0.1,0.18398583010395653,0.03790637053192977,0.03768757193459379
0.1,0.19398583010395676,0.039897765829480514,0.03967055287605891
0.1,0.20398583010395654,0.04196489598240244,0.04172910366418273
0.1,0.21398583010395633,0.044109078703432,0.04386454653573253
0.1,0.22398583010395656,0.046331597961498695,0.04607817028138644
0.1,0.2339858301039568,0.0486337017807452,0.0483712280400952
0.1,0.24398583010395658,0.05101660005929997,0.05074493511256019
0.1,0.25398583010395637,0.053481462412121275,0.05320046679815554
0.1,0.2639858301039566,0.056029416042240876,0.05573895625963291
0.1,0.27398583010395683,0.0586615436447035,0.05836149241991708
0.1,0.2839858301039566,0.06137888134749042,0.0610691178952943
0.1,0.2939858301039564,0.06418241669363729,0.06386282696921892
0.1,0.30398583010395663,0.06707308666874731,0.06674356361095603
0.1,0.31398583010395686,0.07005177577800044,0.06971221954317917
0.1,0.32398583010395665,0.0731193141767097,0.07276963236259404
0.1,0.33398583010395644,0.0762764758583779,0.07591658371756249
0.1,0.34398583010395667,0.07952397690413132,0.07915379754662609
0.1,0.3539858301039569,0.08286247379727801,0.08248193838170063
0.1,0.3639858301039567,0.08629256180665568,0.08590160971963146
0.1,0.3739858301039565,0.0898147734422754,0.08941335246564243
0.1,0.3839858301039567,0.09342957698668093,0.09301764345212495
0.1,0.39398583010395694,0.09713737510525507,0.09671489403602755
0.1,0.4039858301039567,0.1009385035385894,0.1005054487779909
0.1,0.4139858301039565,0.10483322987987768,0.10438958420621894
0.1,0.42398583010395674,0.10882175244008789,0.10836750766787176
0.1,0.43398583010395697,0.11290419920356837,0.11243935627066738
0.1,0.44398583010395676,0.11708062687649382,0.11660519591712992
0.1,0.45398583010395654,0.12135102003042042,0.12086502043378627
0.1,0.4639858301039568,0.12571529034301238,0.12521875079740633
0.1,0.473985830103957,0.13017327593781336,0.12966623446019354
0.1,0.4839858301039568,0.13472474082472613,0.13420724477562274
0.1,0.4939858301039566,0.1393693744426908,0.1388414805264487
0.1,0.5039858301039568,0.14410679130579757,0.14356856555615558
0.1,0.513985830103957,0.14893653075391164,0.14838804850495776
0.1,0.5239858301039568,0.15385805680865136,0.15329940265122693
0.1,0.5339858301039566,0.15887075813532925,0.15830202585898756
0.1,0.5439858301039568,0.16397394811129942,0.16339524063195773
0.1,0.5539858301039571,0.1691668650008955,0.1685782942743506
0.1,0.5639858301039569,0.17444867223694224,0.17385035915845198
0.1,0.5739858301039567,0.17981845880862884,0.17921053309879312
0.1,0.5839858301039569,0.18527523975527635,0.1846578398324802
0.1,0.5939858301039571,0.19081795676535468,0.19019122960506707
0.1,0.6039858301039569,0.1964454788798968,0.19580957986114564
0.1,0.6139858301039567,0.20215660329920812,0.20151169603858052
0.1,0.6239858301039569,0.20795005629161512,0.20729631246515745
0.1,0.6339858301039571,0.21382449420275504,0.21316209335617364
0.1,0.6439858301039569,0.21977850456375758,0.21910763391134327
0.1,0.6539858301039567,0.2258106072964157,0.2251314615091396
0.1,0.663985830103957,0.2319192560133164,0.23123203699656486
0.1,0.6739858301039572,0.23810283941067947,0.2374077560721158
0.1,0.683985830103957,0.24435968275149342,0.24365695075955304
0.1,0.6939858301039568,0.25068804943637685,0.24997789096991832
0.1,0.703985830103957,0.2570861426593924,0.25636878614904346
0.1,0.7139858301039572,0.2635521071459449,0.2628277870076943
0.1,0.723985830103957,0.27008403096968847,0.26935298733128865
0.1,0.7339858301039568,0.2766799474452596,0.27594242586601314
0.1,0.743985830103957,0.28333783709351984,0.28259408827803295
0.1,0.7539858301039573,0.2900556296758513,0.28930590918234317
0.1,0.763985830103957,0.29683120629393706,0.2960757742376997
0.1,0.7739858301039568,0.3036624015513762,0.30290152230398226
0.1,0.7839858301039571,0.31054700577333805,0.3097809476581952
0.1,0.7939858301039573,0.3174827672804112,0.31671180226526185
0.1,0.8039858301039571,0.3244673947127151,0.3236917980996777
0.1,0.8139858301039569,0.3314985594002444,0.3307186095139896
0.1,0.8239858301039571,0.3385738977753952,0.3377898756500424
0.1,0.8339858301039573,0.34569101382353784,0.3449032028888532
0.1,0.8439858301039571,0.35284748156747675,0.3520561673349417
0.1,0.8539858301039569,0.36004084758159516,0.3592463173309066
0.1,0.8639858301039571,0.3672686335314706,0.3664711759980188
0.1,0.8739858301039574,0.3745283387347077,0.3737282437985667
0.1,0.8839858301039571,0.38181744273877005,0.3810150011157177
0.1,0.8939858301039569,0.3891334079115525,0.3883289108466217
0.1,0.9039858301039572,0.3964736820404875,0.39566742100453167
0.1,0.9139858301039574,0.40383570093597193,0.4030279673257074
0.1,0.9239858301039572,0.4112168910349483,0.4104079758769161
0.1,0.933985830103957,0.41861467200051505,0.4178048656593824
0.1,0.9439858301039572,0.42602645931347916,0.4252160512050767
0.1,0.9539858301039574,0.4334496668518134,0.43263894516128176
0.1,0.9639858301039572,0.44088170945408783,0.4400709608594789
0.1,0.973985830103957,0.4483200054629474,0.4475095148646032
0.1,0.9839858301039572,0.4557619792448567,0.45495202950085845
0.1,0.9939858301039575,0.46320506368236214,0.46239593535031603
0.1,1.0039858301039573,0.4706467026352627,0.4698386737206608
0.1,1.013985830103957,0.47808435336714217,0.4772776990785071
0.1,1.0239858301039573,0.48551548893383756,0.4847104814448316
0.1,1.0339858301039575,0.4929376005305429,0.49213450874919135
0.1,1.0439858301039573,0.5003481997943307,0.49954728913948077
0.1,1.053985830103957,0.507744821059033,0.5069463532441395
0.1,1.0639858301039573,0.515125023559523,0.5143292563838215
0.1,1.0739858301039575,0.5224863935825805,0.5216935807296795
0.1,1.0839858301039573,0.5298265465616601,0.5290369374055555
0.1,1.0939858301039571,0.5371431291130215,0.5363569685315048
0.1,1.1039858301039573,0.544433821010808,0.5436513492062127
0.1,1.1139858301039576,0.551696337098823,0.5509177894260268
0.1,1.1239858301039574,0.5589284291368972,0.5581540359384651
0.1,1.1339858301039571,0.5661278875798703,0.5653578740282037
0.1,1.1439858301039574,0.5732925432873873,0.5725271292337111
0.1,1.1539858301039576,0.5804202691628457,0.5796596689928462
0.1,1.1639858301039574,0.5875089817199821,0.5867534042158785
0.1,1.1739858301039572,0.5945566425757524,0.5938062907845681
0.1,1.1839858301039574,0.6015612598682957,0.600816330976067
0.1,1.1939858301039576,0.608520889598939,0.607781574810582
0.1,1.2039858301039574,0.6154336368973469,0.6147001213218842
0.1,1.2139858301039572,0.6222976572090743,0.6215701197499017
0.1,1.2239858301039575,0.6291111574049258,0.6283897706547862
0.1,1.2339858301039577,0.6358723968116767,0.6351573269519908
0.1,1.2439858301039575,0.6425796881638662,0.6418710948680574
0.1,1.2539858301039573,0.6492313984765009,0.6485294348169387
0.1,1.2639858301039575,0.6558259498386648,0.6551307621968423
0.1,1.2739858301039577,0.6623618201281588,0.6616735481077088
0.1,1.2839858301039575,0.668837543647449,0.6681563199895996
0.1,1.2939858301039573,0.6752517116813065,0.6745776621823679
0.1,1.3039858301039575,0.6816029729766814,0.6809362164071574
0.1,1.3139858301039578,0.6878900341454581,0.6872306821703692
0.1,1.3239858301039575,0.6941116599908754,0.6934598170908834
0.1,1.3339858301039573,0.700266673758507,0.6996224371514339
0.1,1.3439858301039576,0.7063539573128075,0.705717416875142
0.1,1.3539858301039578,0.7123724512403466,0.7117436894283427
0.1,1.3639858301039576,0.7183211548809578,0.71770024665093
0.1,1.3739858301039574,0.7241991262881241,0.723586139015562
0.1,1.3839858301039576,0.7300054821200138,0.7294004755171416
0.1,1.3939858301039578,0.7357393974626902,0.7351424234941152
0.1,1.4039858301039576,0.741400105587076,0.7408112083831818
0.1,1.4139858301039574,0.7469868976413561,0.7464061134091143
0.1,1.4239858301039576,0.75249912228057,0.7519264792114589
0.1,1.4339858301039579,0.7579361852352032,0.7573717034099449
0.1,1.4439858301039576,0.763297548820678,0.7627412401105235
0.1,1.4539858301039574,0.7685827313896748,0.7680345993539897
0.1,1.4639858301039577,0.7737913067292895,0.7732513465092168
0.1,1.473985830103958,0.7789229034050683,0.7783911016130683
0.1,1.4839858301039577,0.7839772040540164,0.7834535386591114
0.1,1.4939858301039575,0.7889539446287048,0.7884383848372812
0.1,1.5039858301039577,0.7938529135946408,0.7933454197266917
0.1,1.513985830103958,0.7986739510830887,0.7981744744438064
0.1,1.5239858301039577,0.8034169480015587,0.8029254307482191
0.1,1.5339858301039575,0.8080818451041958,0.8075982201083045
0.1,1.5439858301039577,0.8126686320243092,0.8121928227290122
0.1,1.553985830103958,0.8171773462713033,0.8167092665440958
0.1,1.5639858301039578,0.8216080721942628,0.8211476261750622
0.1,1.5739858301039575,0.8259609399144563,0.8255080218591379
0.1,1.5839858301039578,0.8302361242290048,0.8297906183485295
0.1,1.593985830103958,0.8344338434879652,0.8339956237832654
0.1,1.6039858301039578,0.8385543584470568,0.8381232885398737
0.1,1.6139858301039576,0.8425979710982467,0.8421739040581487
0.1,1.6239858301039578,0.8465650234803882,0.8461478016482319
0.1,1.633985830103958,0.8504558964720764,0.8500453512802006
0.1,1.6439858301039578,0.8542710085688701,0.8538669603583489
0.1,1.6539858301039576,0.8580108146469823,0.8576130724822901
0.1,1.6639858301039578,0.8616758047155194,0.8612841661969938
0.1,1.673985830103958,0.8652665026593015,0.8648807537338163
0.1,1.6839858301039579,0.868783464974269,0.8684033797445618
0.1,1.6939858301039576,0.8722272794974218,0.8718526200305439
0.1,1.7039858301039579,0.8755985641332072,0.8752290802685919
0.1,1.713985830103958,0.8788979655782115,0.8785333947358821
0.1,1.723985830103958,0.8821261580459727,0.8817662250354341
0.1,1.7339858301039577,0.8852838419936703,0.8849282588240516
0.1,1.743985830103958,0.8883717428524007,0.8880202085444346
0.1,1.7539858301039581,0.8913906097626864,0.8910428101631344
0.1,1.763985830103958,0.8943412143168166,0.893996821915962
0.1,1.7739858301039577,0.8972243493095555,0.8968830230624067
0.1,1.783985830103958,0.9000408274986932,0.8997022126505497
0.1,1.7939858301039582,0.9027914803768585,0.9024552082939077
0.1,1.803985830103958,0.9054771569559537,0.9051428449615734
0.1,1.8139858301039578,0.9080987225655016,0.9077659737829565
0.1,1.823985830103958,0.9106570576661418,0.9103254608683632
0.1,1.8339858301039582,0.9131530566794499,0.9128221861465958
0.1,1.843985830103958,0.9155876268351838,0.9152570422206786
0.1,1.8539858301039578,0.9179616870370103,0.9176309332427618
0.1,1.863985830103958,0.9202761667476931,0.9199447738091842
0.1,1.8739858301039582,0.9225320048946659,0.9221994878766145
0.1,1.883985830103958,0.9247301487968536,0.9243960077001265
0.1,1.8939858301039578,0.9268715531135391,0.9265352727940003
0.1,1.903985830103958,0.9289571788160177,0.9286182289159768
0.1,1.9139858301039583,0.930987992182716,0.9306458270756356
0.1,1.923985830103958,0.9329649638183984,0.9326190225674998
0.1,1.9339858301039579,0.9348890676980213,0.9345387740294139
0.1,1.943985830103958,0.93676128023574,0.9364060425266805
0.1,1.9539858301039583,0.9385825793795181,0.9382217906623848
0.1,1.963985830103958,0.9403539437317302,0.9399869817142765
0.1,1.973985830103958,0.9420763516961024,0.9417025787985256
0.1,1.9839858301039581,0.9437507806512706,0.9433695440606106
0.1,1.9939858301039584,0.9453782061511976,0.9449888378935484
0.2,-1.9960141698960454,0.012473308456401244,0.01204081534185132
0.2,-1.9860141698960454,0.01180355420824206,0.011391563232862473
0.2,-1.9760141698960454,0.011171155550771458,0.010778626058058726
0.2,-1.9660141698960454,0.010574621621042467,0.01020055394577426
0.2,-1.9560141698960454,0.010012484998620183,0.009655919538195796
0.2,-1.9460141698960454,0.009483303101209475,0.009143319373829008
0.2,-1.9360141698960454,0.008985659498895598,0.008661375190578724
0.2,-1.9260141698960453,0.00851816514586209,0.008208735148255606
0.2,-1.9160141698960453,0.008079459528648579,0.007784074969518108
0.2,-1.9060141698960453,0.007668211730276278,0.007386098998518982
0.2,-1.8960141698960453,0.007283121409733725,0.007013541176690054
0.2,-1.8860141698960453,0.006922919696565942,0.006665165935345989
0.2,-1.8760141698960453,0.006586370000508166,0.0063397690049844255
0.2,-1.8660141698960453,0.00627226873632143,0.006036178141374186
0.2,-1.8560141698960453,0.005979445964183886,0.0057532537687188775
0.2,-1.8460141698960453,0.005706765946212794,0.005489889540402472
0.2,-1.8360141698960453,0.00545312761986681,0.005245012817998251
0.2,-1.8260141698960453,0.0052174649891993784,0.005017585069442027
0.2,-1.8160141698960452,0.004998747435086448,0.0048066021874240755
0.2,-1.8060141698960452,0.004795979945773936,0.004611094729274683
0.2,-1.7960141698960452,0.004608203269217509,0.0044301280797475326
0.2,-1.7860141698960452,0.004434493988904399,0.004262802538320649
0.2,-1.7760141698960452,0.004273964524964676,0.0041082533327547206
0.2,-1.7660141698960452,0.004125763062565772,0.003965650560834426
0.2,-1.7560141698960452,0.003989073409679134,0.0038341990623165143
0.2,-1.7460141698960452,0.0038631147865229795,0.0037131382233214793
0.2,-1.7360141698960452,0.003747141549011777,0.0036017417154377185
0.2,-1.7260141698960452,0.0036404428487451677,0.003499317172007359
0.2,-1.7160141698960452,0.003542342232132102,0.003405205804129423
0.2,-1.7060141698960452,0.003452197181338819,0.0033187819590109768
0.2,-1.6960141698960451,0.0033693985998790718,0.003239452623426935
0.2,-1.6860141698960451,0.0032933702456898607,0.0031666568750782884
0.2,-1.6760141698960451,0.003223568114646335,0.00309986528474937
0.2,-1.6660141698960451,0.0031594797774973753,0.0030385792721961025
0.2,-1.656014169896045,0.0031006236732816113,0.0029823304187764775
0.2,-1.646014169896045,0.0030465483622789226,0.0029306797398338702
0.2,-1.636014169896045,0.0029968317416409662,0.002883216919932252
0.2,-1.626014169896045,0.002951080226780886,0.0028395595139846107
0.2,-1.616014169896045,0.0029089279017022966,0.002799352117414564
0.2,-1.606014169896045,0.0028700356413592933,0.0027622655084086744
0.2,-1.596014169896045,0.0028340902092030685,0.0027279957653801646
0.2,-1.586014169896045,0.0028008033329851544,0.0026962633626841635
0.2,-1.576014169896045,0.0027699107619033343,0.002666812247641026
0.2,-1.566014169896045,0.002741171308132547,0.002639408901883122
0.2,-1.556014169896045,0.0027143658756944187,0.00261384138995556
0.2,-1.546014169896045,0.002689296479636417,0.0025899183981179163
0.2,-1.536014169896045,0.002665785258357812,0.0025674682661651
0.2,-1.526014169896045,0.0026436734818978073,0.0025463380150636183
0.2,-1.516014169896045,0.0026228205589103495,0.002526392373111044
0.2,-1.506014169896045,0.0026031030449455107,0.002507512803224401
0.2,-1.496014169896045,0.002584413654615754,0.002489596533921272
0.2,-1.486014169896045,0.0025666602800799867,0.002472555596415482
0.2,-1.476014169896045,0.002549765018208468,0.0024563158701795015
0.2,-1.466014169896045,0.002533663208687213,0.0024408161392224415
0.2,-1.456014169896045,0.002518302485186468,0.0024260071612005516
0.2,-1.446014169896045,0.0025036418416422503,0.002411850751400948
0.2,-1.436014169896045,0.0024896507155502366,0.002398318883491761
0.2,-1.426014169896045,0.002476308090079524,0.0023853928088397322
0.2,-1.416014169896045,0.0024636016166714866,0.0023730621960553577
0.2,-1.4060141698960449,0.0024515267596899436,0.002361324292326152
0.2,-1.3960141698960449,0.002440085964542398,0.0023501831079533273
0.2,-1.3860141698960449,0.0024292878505892857,0.002339648625403683
0.2,-1.3760141698960449,0.0024191464300212726,0.0023297360340520964
0.2,-1.3660141698960448,0.002409680353763692,0.0023204649916689136
0.2,-1.3560141698960448,0.0024009121853600206,0.0023118589135984633
0.2,-1.3460141698960448,0.002392867703632428,0.0023039442904221018
0.2,-1.3360141698960448,0.0023855752348394565,0.0022967500348191196
0.2,-1.3260141698960448,0.002379065014897866,0.0022903068581867814
0.2,-1.3160141698960448,0.0023733685821532057,0.002284646677496447
0.2,-1.3060141698960448,0.002368518201038778,0.002279802052718516
0.2,-1.2960141698960448,0.002364546316892498,0.0022758056550765816
0.2,-1.2860141698960448,0.0023614850420660433,0.0022726897662565548
0.2,-1.2760141698960448,0.0023593656733755315,0.0022704858086099833
0.2,-1.2660141698960448,0.0023582182408582917,0.00226922390630488
0.2,-1.2560141698960448,0.002358071087678294,0.002268932477255774
0.2,-1.2460141698960447,0.0023589504809787046,0.0022696378556181073
0.2,-1.2360141698960447,0.0023608802533612687,0.002271363944514029
0.2,-1.2260141698960447,0.002363881474629577,0.0022741318986118485
0.2,-1.2160141698960447,0.0023679721533401625,0.0022779598360884988
0.2,-1.2060141698960447,0.0023731669676555806,0.002282862579453173
0.2,-1.1960141698960447,0.0023794770249402006,0.002288851424656073
0.2,-1.1860141698960447,0.002386909649464753,0.002295933937831691
0.2,-1.1760141698960447,0.00239546819757216,0.0023041137790107058
0.2,-1.1660141698960447,0.002405151899594242,0.0023133905520720077
0.2,-1.1560141698960447,0.0024159557277780848,0.002323759680175037
0.2,-1.1460141698960447,0.0024278702894749427,0.0023352123059054717
0.2,-1.1360141698960446,0.0024408817447827465,0.002347735215306876
0.2,-1.1260141698960446,0.002454971747865404,0.002361310785000974
0.2,-1.1160141698960446,0.002470117411108115,0.002375916951537391
0.2,-1.1060141698960446,0.002486291291327634,0.0023915272021709554
0.2,-1.0960141698960446,0.0025034613971924077,0.002408110586203449
0.2,-1.0860141698960446,0.0025215912170484934,0.002425631746066692
0.2,-1.0760141698960446,0.0025406397663642047,0.0024440509673410915
0.2,-1.0660141698960446,0.0025605616539930757,0.002463324246892284
0.2,-1.0560141698960446,0.002581307166503486,0.0024834033783568896
0.2,-1.0460141698960446,0.0026028223698193295,0.0025042360542064657
0.2,-1.0360141698960446,0.0026250492274702796,0.002525765983673018
0.2,-1.0260141698960445,0.0026479257347620517,0.0025479330258332666
0.2,-1.0160141698960445,0.002671386068211073,0.002570673337184246
0.2,-1.0060141698960445,0.002695360749652583,0.0025939195331079645
0.2,-0.9960141698960445,0.0027197768244209644,0.002617600862616207
0.2,-0.9860141698960445,0.0027445580530854885,0.002641643395851112
0.2,-0.9760141698960445,0.0027696251162493343,0.0026659702238445247
0.2,-0.9660141698960445,0.0027948958319668074,0.0026905016700881743
0.2,-0.9560141698960445,0.002820285385372968,0.0027151555135084848
0.2,-0.9460141698960445,0.002845706570171208,0.002739847222493239
0.2,-0.9360141698960445,0.0028710700416737394,0.0027644901996691116
0.2,-0.9260141698960445,0.0028962845811245654,0.0027889960371665977
0.2,-0.9160141698960445,0.00292125737107821,0.0028132747821553394
0.2,-0.9060141698960444,0.002945894281673458,0.0028372352125006373
0.2,-0.8960141698960444,0.0029701001676516836,0.0028607851224063197
0.2,-0.8860141698960444,0.002993779176025993,0.0028838316179680846
0.2,-0.8760141698960444,0.003016835064354936,0.002906281422611414
0.2,-0.8660141698960444,0.003039171529581408,0.0029280411923992486
0.2,-0.8560141698960444,0.0030606925474637925,0.002949017841262602
0.2,-0.8460141698960444,0.003081302722634298,0.0029691188762191343
0.2,-0.8360141698960444,0.0031009076493471945,0.0029882527426753924
0.2,-0.8260141698960444,0.0031194142830155594,0.003006329179946796
0.2,-0.8160141698960444,0.0031367313226397155,0.003023259587137552
0.2,-0.8060141698960444,0.0031527696042546035,0.003038957399549318
0.2,-0.7960141698960443,0.003167442505523595,0.0030533384757909588
0.2,-0.7860141698960443,0.003180666361639609,0.0030663214957968063
0.2,-0.7760141698960443,0.0031923608926430706,0.003077828369914357
0.2,-0.7660141698960443,0.0032024496423311913,0.003087784659287145
0.2,-0.7560141698960443,0.0032108604288662457,0.003096120007696612
0.2,-0.7460141698960443,0.003217525807212791,0.003102768585050022
0.2,-0.7360141698960443,0.003222383543497634,0.0031076695426683187
0.2,-0.7260141698960443,0.003225377101381587,0.00311076748052443
0.2,-0.7160141698960443,0.003226456140483751,0.003112012926536991
0.2,-0.7060141698960443,0.0032255770268895157,0.0031113628280157357
0.2,-0.6960141698960443,0.0032227033557020823,0.0031087810552863715
0.2,-0.6860141698960442,0.003217806485611735,0.0031042389175362927
0.2,-0.6760141698960442,0.0032108660853401158,0.003097715690809508
0.2,-0.6660141698960442,0.0032018706918358858,0.0030891991580964274
0.2,-0.6560141698960442,0.0031908182799829806,0.003078686161352131
0.2,-0.6460141698960442,0.003177716843571536,0.003066183165264178
0.2,-0.6360141698960442,0.0031625849871856305,0.00305170683249667
0.2,-0.6260141698960442,0.0031454525286189116,0.003035284610093285
0.2,-0.6160141698960442,0.0031263611113356024,0.0030169553266291517
0.2,-0.6060141698960442,0.003105364826453749,0.0029967697996590202
0.2,-0.5960141698960442,0.0030825308436228703,0.0029747914529049523
0.2,-0.5860141698960442,0.003057940050104109,0.0029510969425610867
0.2,-0.5760141698960441,0.003031687697287832,0.002925776792018446
0.2,-0.5660141698960441,0.0030038840537870743,0.002898936034215218
0.2,-0.5560141698960441,0.002974655064181288,0.0028706948607515412
0.2,-0.5460141698960441,0.002944143012380567,0.002841189276802325
0.2,-0.5360141698960441,0.0029125071885266296,0.0028105717608042724
0.2,-0.5260141698960441,0.0028799245582325547,0.0027790119277776525
0.2,-0.5160141698960441,0.0028465904329015093,0.0027466971950780203
0.2,-0.5060141698960441,0.00281271913978288,0.0027138334492881454
0.2,-0.4960141698960441,0.002778544690320126,0.0026806457128540372
0.2,-0.48601416989604407,0.0027443214453115507,0.002647378809030485
0.2,-0.47601416989604406,0.0027103247752717045,0.0026142980235665902
0.2,-0.46601416989604405,0.0026768517143615205,0.00258168976153609
0.2,-0.45601416989604404,0.002644221606144103,0.002549862197603545
0.2,-0.44601416989604403,0.002612776739382071,0.002519145917971102
0.2,-0.436014169896044,0.0025828829720154103,0.0024898945521696445
0.2,-0.426014169896044,0.002554930341401707,0.0024624853927963384
0.2,-0.416014169896044,0.002529333658849157,0.0024373200012441742
0.2,-0.406014169896044,0.0025065330864298572,0.002414824797421069
0.2,-0.396014169896044,0.0024869946939957087,0.0023954516313866845
0.2,-0.386014169896044,0.002471210994305418,0.002379678334815196
0.2,-0.37601416989604397,0.0024597014541253913,0.002368009250141831
0.2,-0.36601416989604396,0.00245301297914621,0.002360975735224464
0.2,-0.35601416989604395,0.0024517203705353673,0.0023591366413252147
0.2,-0.34601416989604394,0.0024564267509271345,0.002363078762192181
0.2,-0.33601416989604393,0.0024677639576735056,0.0023734172520379457
0.2,-0.3260141698960439,0.0024863929011417884,0.002390796010169396
0.2,-0.3160141698960439,0.0025130038858826092,0.0024158880300550576
0.2,-0.3060141698960439,0.0025483168925129708,0.0024493957106315987
0.2,-0.2960141698960439,0.002593081818147154,0.002492051127635477
0.2,-0.2860141698960439,0.0026480786733050756,0.002544616262834829
0.2,-0.2760141698960439,0.0027141177331900155,0.0026078831889970286
0.2,-0.2660141698960439,0.0027920396413545602,0.002682674208546203
0.2,-0.25601416989604386,0.002882715463768972,0.0027698419438579335
0.2,-0.24601416989604385,0.002987046691417064,0.002870269377242742
0.2,-0.23601416989604385,0.0031059651895742257,0.0029848698386966887
0.2,-0.22601416989604384,0.0032404330920539964,0.003114586939622761
0.2,-0.21601416989604383,0.003391442638746079,0.0032603944507611613
0.2,-0.20601416989604382,0.003560015954903051,0.0034232961226954473
0.2,-0.1960141698960438,0.0037472047707208488,0.003604325447386216
0.2,-0.1860141698960438,0.003954090079863847,0.0038045453592864572
0.2,-0.1760141698960438,0.004181781735718352,0.004025047874721856
0.2,-0.16601416989604378,0.004431417984268309,0.004266953668326892
0.2,-0.15601416989604378,0.004704164932622126,0.004531411585459821
0.2,-0.14601416989604377,0.005001215952357686,0.0048195980896553435
0.2,-0.13601416989604376,0.005323791016996768,0.005132716644315671
0.2,-0.12601416989604375,0.00567313597305943,0.005471997027978687
0.2,-0.11601416989604374,0.0060505217443042585,0.005838694582655534
0.2,-0.10601416989604373,0.006457243468929174,0.00623408939489721
0.2,-0.09601416989604372,0.006894619569642117,0.006659485409384587
0.2,-0.08601416989604371,0.007363990756709058,0.007116209475032562
0.2,-0.0760141698960437,0.007866718964217955,0.007605610323731575
0.2,-0.0660141698960437,0.0084041862199957,0.008129057482047166
0.2,-0.056014169896043686,0.008977793449780181,0.008687940116364245
0.2,-0.04601416989604368,0.009588959216405114,0.009283665812119821
0.2,-0.03601416989604367,0.010239118394961794,0.009917659287974487
0.2,-0.02601416989604366,0.01092972078504291,0.01059136104591687
0.2,-0.01601416989604365,0.011662229661385132,0.011306225958507311
0.2,-0.006014169896043642,0.012438120264353576,0.012063721794597661
0.2,0.003985830103956367,0.01325887823195504,0.012865327685107637
0.2,0.013985830103956154,0.014125997975145386,0.01371253253052334
0.2,0.023985830103956385,0.015040980998463295,0.014606833352049797
0.2,0.033985830103956616,0.016005334168115896,0.015549733588449079
0.2,0.0439858301039564,0.017020567929832336,0.016542741340789
0.2,0.05398583010395619,0.018088194478986425,0.0175873675675156
0.2,0.06398583010395642,0.019209725885581105,0.018685124232361117
0.2,0.07398583010395665,0.020386672176908247,0.01983752240782202
0.2,0.08398583010395644,0.021620539380786962,0.021046070337038286
0.2,0.09398583010395622,0.022912827532460506,0.022312271457085975
0.2,0.10398583010395646,0.024265028648336687,0.02363762238680632
0.2,0.11398583010395669,0.025678624669902343,0.025023610882445195
0.2,0.12398583010395647,0.027155085381249715,0.02647171376449048
0.2,0.13398583010395626,0.028695866303769232,0.02798339481921708
0.2,0.1439858301039565,0.030302406571657847,0.029560102678550883
0.2,0.15398583010395672,0.03197612679200136,0.031203268681977647
0.2,0.1639858301039565,0.033718426893264895,0.03291430472430569
0.2,0.1739858301039563,0.035530683966089445,0.03469460109316202
0.2,0.18398583010395653,0.03741425010039804,0.03654552430021216
0.2,0.19398583010395676,0.03937045022283009,0.03846841491011773
0.2,0.20398583010395654,0.041400579938599955,0.04046458537132871
0.2,0.21398583010395633,0.043505903381892426,0.042535317852831545
0.2,0.22398583010395656,0.04568765107896912,0.04468186209104139
0.2,0.2339858301039568,0.047947017828125875,0.046905433251001404
0.2,0.24398583010395658,0.05028516060070341,0.049207209806118965
0.2,0.25398583010395637,0.05270319646731231,0.051588331440635675
0.2,0.2639858301039566,0.055202200553437455,0.054049896979037976
0.2,0.27398583010395683,0.05778320402855111,0.056592962346586256
0.2,0.2839858301039566,0.06044719213285156,0.059218538565133864
0.2,0.2939858301039564,0.06319510224566302,0.061927589788333494
0.2,0.30398583010395663,0.0660278219995202,0.064721031380321
0.2,0.31398583010395686,0.06894618744385782,0.06759972804187071
0.2,0.32398583010395665,0.07195098126217385,0.07056449198796998
0.2,0.33398583010395644,0.07504293104643578,0.07361608118066666
0.2,0.34398583010395667,0.07822270763242081,0.07675519762097074
0.2,0.3539858301039569,0.0814909234995525,0.07998248570346728
0.2,0.3639858301039567,0.08484813123871149,0.08329853063721838
0.2,0.3739858301039565,0.08829482209134193,0.08670385693638052
0.2,0.3839858301039567,0.09183142456308731,0.09019892698387874
0.2,0.39398583010395694,0.09545830311500383,0.09378413967129944
0.2,0.4039858301039567,0.09917575693528548,0.09745982911805179
0.2,0.4139858301039565,0.10298401879428112,0.10122626347269716
0.2,0.42398583010395674,0.10688325398538158,0.10508364379914838
0.2,0.43398583010395697,0.11087355935425842,0.10903210305034412
0.2,0.44398583010395676,0.11495496241868974,0.11307170513176235
0.2,0.45398583010395654,0.1191274205810763,0.11720244405700488
0.2,0.4639858301039568,0.12339082043554858,0.12142424319748492
0.2,0.473985830103957,0.12774497717138225,0.12573695462806647
0.2,0.4839858301039568,0.13218963407423376,0.13014035857030085
0.2,0.4939858301039566,0.13672446212654152,0.13463416293473812
0.2,0.5039858301039568,0.14134905970819,0.13921800296354478
0.2,0.513985830103957,0.14606295239838146,0.14389144097450451
0.2,0.5239858301039568,0.15086559287943177,0.14865396620725035
0.2,0.5339858301039566,0.15575636094298156,0.15350499477235158
0.2,0.5439858301039568,0.1607345635989567,0.15844386970371657
0.2,0.5539858301039571,0.16579943528735885,0.16346986111452178
0.2,0.5639858301039569,0.1709501381927764,0.16858216645668073
0.2,0.5739858301039567,0.17618576266131777,0.17377991088367817
0.2,0.5839858301039569,0.1815053277194228,0.1790621477163444
0.2,0.5939858301039571,0.18690778169384042,0.1844278590109741
0.2,0.6039858301039569,0.19239200293186118,0.18987595622898973
0.2,0.6139858301039567,0.1979568006206538,0.19540528100710836
0.2,0.6239858301039569,0.20360091570441025,0.20101460602681934
0.2,0.6339858301039571,0.2093230218977708,0.20670263598174415
0.2,0.6439858301039569,0.21512172679385985,0.21246800864130258
0.2,0.6539858301039567,0.22099557306501902,0.21830929600886265
0.2,0.663985830103957,0.22694303975420801,0.22422500557242653
0.2,0.6739858301039572,0.23296254365482943,0.23021358164568806
0.2,0.683985830103957,0.239052440776587,0.23627340679714232
0.2,0.6939858301039568,0.24521102789483262,0.24240280336476927
0.2,0.703985830103957,0.2514365441806697,0.24860003505361788
0.2,0.7139858301039572,0.2577271729089902,0.25486330861352174
0.2,0.723985830103957,0.26408104324143045,0.26119077559397685
0.2,0.7339858301039568,0.2704962320811268,0.2675805341731036
0.2,0.743985830103957,0.2769707659960337,0.2740306310574865
0.2,0.7539858301039573,0.2835026232074309,0.2805390634495449
0.2,0.763985830103957,0.2900897356401464,0.28710378107898155
0.2,0.7739858301039568,0.2967299910309481,0.29372268829477066
0.2,0.7839858301039571,0.30342123509141916,0.30039364621400744
0.2,0.7939858301039573,0.31016127372159147,0.30711447492389027
0.2,0.8039858301039571,0.3169478752705327,0.3138829557330208
0.2,0.8139858301039569,0.32377877283999135,0.3206968334681112
0.2,0.8239858301039571,0.33065166662718837,0.3275538188121624
0.2,0.8339858301039573,0.337564226302772,0.33445159068010005
0.2,0.8439858301039571,0.3445140934199263,0.34138779862782226
0.2,0.8539858301039569,0.3514988838505949,0.34836006529057606
0.2,0.8639858301039571,0.35851619024477094,0.3553659888465637
0.2,0.8739858301039574,0.36556358450877013,0.36240314550164043
0.2,0.8839858301039571,0.372638620298446,0.3694690919909989
0.2,0.8939858301039569,0.3797388355232675,0.3765613680936938
0.2,0.9039858301039572,0.3868617548572373,0.3836774991559095
0.2,0.9139858301039574,0.39400489225262464,0.39081499861886776
0.2,0.9239858301039572,0.4011657534525364,0.3979713705473126
0.2,0.933985830103957,0.4083418384983939,0.4051441121545526
0.2,0.9439858301039572,0.41553064422842256,0.4123307163200744
0.2,0.9539858301039574,0.4227296667633146,0.41952867409578837
0.2,0.9639858301039572,0.42993640397532773,0.4267354771970704
0.2,0.973985830103957,0.4371483579370933,0.43394862047476673
0.2,0.9839858301039572,0.4443630373465476,0.4411656043644688
0.2,0.9939858301039575,0.45157795992443744,0.44838393730939735
0.2,1.0039858301039573,0.4587906547809829,0.45560113815336806
0.2,1.013985830103957,0.4659986647483474,0.4628147385003705
0.2,1.0239858301039573,0.47319954867567937,0.47002228503741245
0.2,1.0339858301039575,0.4803908836836155,0.47722134181739767
0.2,1.0439858301039573,0.48757026737521353,0.4844094924988904
0.2,1.053985830103957,0.49473532000044085,0.4915843425397717
0.2,1.0639858301039573,0.5018836865714369,0.4987435213418876
0.2,1.0739858301039575,0.5090130389259084,0.5058846843439317
0.2,1.0839858301039573,0.5161210777361492,0.5130055150599326
0.2,1.0939858301039571,0.5232055344613024,0.5201037270608532
0.2,1.1039858301039573,0.5302641732406156,0.5271770658969336
0.2,1.1139858301039576,0.5372947927255926,0.5342233109585713
0.2,1.1239858301039574,0.5442952278490752,0.5412402772736631
0.2,1.1339858301039571,0.551263351529427,0.5482258172394702
0.2,1.1439858301039574,0.5581970763081454,0.555177822287235
0.2,1.1539858301039576,0.5650943559193701,0.5620942244779114
0.2,1.1639858301039574,0.5719531867898887,0.5689729980275186
0.2,1.1739858301039572,0.5787716094684103,0.5758121607607933
0.2,1.1839858301039574,0.5855477099829931,0.5826097754919437
0.2,1.1939858301039576,0.5922796211256818,0.5893639513314736
0.2,1.2039858301039574,0.5989655236635407,0.5960728449181907
0.2,1.2139858301039572,0.6056036474754198,0.6027346615756622
0.2,1.2239858301039575,0.6121922726139215,0.60934765639252
0.2,1.2339858301039577,0.6187297302921837,0.6159101352261729
0.2,1.2439858301039575,0.6252144037952393,0.6224204556296314
0.2,1.2539858301039573,0.6316447293158275,0.628877027701274
0.2,1.2639858301039575,0.6380191967146854,0.635278314857544
0.2,1.2739858301039577,0.6443363502054644,0.6416228345286874
0.2,1.2839858301039575,0.65059478896456,0.6479091587777934
0.2,1.2939858301039573,0.6567931676662433,0.6541359148435083
0.2,1.3039858301039575,0.6629301969436265,0.6603017856069405
0.2,1.3139858301039578,0.6690046437760961,0.6664055099833883
0.2,1.3239858301039575,0.6750153318039692,0.6724458832396445
0.2,1.3339858301039573,0.6809611415712361,0.678421757237754
0.2,1.3439858301039576,0.6868410106973485,0.6843320406061983
0.2,1.3539858301039578,0.6926539339791262,0.690175698839605
0.2,1.3639858301039576,0.698398963423945,0.6959517543281746
0.2,1.3739858301039574,0.7040752082154605,0.7016592863181207
0.2,1.3839858301039576,0.7096818346132033,0.7072974308045009
0.2,1.3939858301039578,0.7152180657874831,0.7128653803579298
0.2,1.4039858301039576,0.7206831815910895,0.7183623838867217
0.2,1.4139858301039574,0.7260765182693741,0.7237877463361108
0.2,1.4239858301039576,0.7313974681103552,0.7291408283262633
0.2,1.4339858301039579,0.7366454790365412,0.7344210457308556
0.2,1.4439858301039576,0.7418200541402538,0.7396278691980833
0.2,1.4539858301039574,0.7469207511642524,0.7447608236159899
0.2,1.4639858301039577,0.7519471819295352,0.749819487524089
0.2,1.473985830103958,0.7568990117122205,0.7548034924732784
0.2,1.4839858301039577,0.7617759585714599,0.759712522336108
0.2,1.4939858301039575,0.766577792630363,0.7645463125694848
0.2,1.5039858301039577,0.7713043353119481,0.7693046494319434
0.2,1.513985830103958,0.7759554585321475,0.7739873691576304
0.2,1.5239858301039577,0.7805310838519329,0.7785943570891821
0.2,1.5339858301039575,0.7850311815906269,0.7831255467716891
0.2,1.5439858301039577,0.7894557699024813,0.7875809190099512
0.2,1.553985830103958,0.7938049138186188,0.7919605008912444
0.2,1.5639858301039578,0.7980787242564227,0.796264364775818
0.2,1.5739858301039575,0.8022773569984745,0.8004926272573457
0.2,1.5839858301039578,0.8064010116431166,0.8046454480955438
0.2,1.593985830103958,0.8104499305287253,0.8087230291231665
0.2,1.6039858301039578,0.814424397633753,0.8127256131295745
0.2,1.6139858301039576,0.818324737454592,0.8166534827230533
0.2,1.6239858301039578,0.8221513138632894,0.820506959174043
0.2,1.633985830103958,0.8259045289471133,0.8242864012414066
0.2,1.6439858301039578,0.829584821831963,0.8279922039838534
0.2,1.6539858301039576,0.8331926674915647,0.8316247975585844
0.2,1.6639858301039578,0.8367285755443813,0.835184646009206
0.2,1.673985830103958,0.840193089040117,0.8386722460449128
0.2,1.6839858301039579,0.8435867832376776,0.8420881258129085
0.2,1.6939858301039576,0.8469102643763875,0.8454328436659819
0.2,1.7039858301039579,0.8501641684422471,0.8487069869271193
0.2,1.713985830103958,0.8533491599309481,0.8519111706529765
0.2,1.723985830103958,0.8564659306093432,0.8550460363979967
0.2,1.7339858301039577,0.8595151982770017,0.8581122509808985
0.2,1.743985830103958,0.862497705529447,0.8611105052552094
0.2,1.7539858301039581,0.8654142185246142,0.8640415128854636
0.2,1.763985830103958,0.8682655257540279,0.8669060091306298
0.2,1.7739858301039577,0.8710524368201367,0.8697047496362732
0.2,1.783985830103958,0.8737757812211976,0.8724385092368967
0.2,1.7939858301039582,0.8764364071450462,0.8751080807698499
0.2,1.803985830103958,0.8790351802730411,0.8777142739021317
0.2,1.8139858301039578,0.8815729825954108,0.8802579139713518
0.2,1.823985830103958,0.8840507112391803,0.8827398408420492
0.2,1.8339858301039582,0.8864692773098047,0.8851609077785172
0.2,1.843985830103958,0.8888296047475742,0.8875219803352035
0.2,1.8539858301039578,0.8911326291998092,0.8898239352657084
0.2,1.863985830103958,0.8933792969098051,0.8920676594513302
0.2,1.8739858301039582,0.8955705636234347,0.8942540488500504
0.2,1.883985830103958,0.8977073935142627,0.8963840074667894
0.2,1.8939858301039578,0.8997907581279727,0.8984584463456972
0.2,1.903985830103958,0.901821635346857,0.9004782825851896
0.2,1.9139858301039583,0.9038010083750638,0.9024444383763739
0.2,1.923985830103958,0.9057298647452513,0.9043578400654544
0.2,1.9339858301039579,0.9076091953472423,0.9062194172406437
0.2,1.943985830103958,0.9094399934792257,0.9080301018440537
0.2,1.9539858301039583,0.911223253922003,0.9097908273089792
0.2,1.963985830103958,0.9129599720367323,0.9115025277229348
0.2,1.973985830103958,0.9146511428865698,0.913166137016752
0.2,1.9839858301039581,0.9162977603825708,0.9147825881799859
0.2,1.9939858301039584,0.9179008164541609,0.9163528125028348
0.30000000000000004,-1.9960141698960454,0.012382496392186597,0.011413689542796564
0.30000000000000004,-1.9860141698960454,0.011721244821964415,0.010798252647817553
0.30000000000000004,-1.9760141698960454,0.011096742733707891,0.0102172392842015
0.30000000000000004,-1.9660141698960454,0.010507523776108927,0.00966927509443185
0.30000000000000004,-1.9560141698960454,0.009952145048476621,0.009153007062248098
0.30000000000000004,-1.9460141698960454,0.00942918843993734,0.008667104823108746
0.30000000000000004,-1.9360141698960454,0.008937261888847055,0.008210261899402748
0.30000000000000004,-1.9260141698960453,0.008475000561409167,0.007781196859283959
0.30000000000000004,-1.9160141698960453,0.008041067948681813,0.00737865439818904
0.30000000000000004,-1.9060141698960453,0.007634156881416238,0.0070014063423461175
0.30000000000000004,-1.8960141698960453,0.007252990462324432,0.006648252573737447
0.30000000000000004,-1.8860141698960453,0.006896322915616646,0.006318021876213385
0.30000000000000004,-1.8760141698960453,0.006562940353838693,0.006009572702641486
0.30000000000000004,-1.8660141698960453,0.006251661462246413,0.005721793863177614
0.30000000000000004,-1.8560141698960453,0.005961338101142161,0.005453605134931436
0.30000000000000004,-1.8460141698960453,0.005690855826810225,0.00520395779350651
0.30000000000000004,-1.8360141698960453,0.0054391343318534536,0.004971835067060842
0.30000000000000004,-1.8260141698960453,0.005205127805945222,0.004756252513741921
0.30000000000000004,-1.8160141698960452,0.004987825218153988,0.0045562583234957385
0.30000000000000004,-1.8060141698960452,0.004786250522210384,0.004370933545458293
0.30000000000000004,-1.7960141698960452,0.00459946278620472,0.004199392242260682
0.30000000000000004,-1.7860141698960452,0.004426556248410508,0.004040781572783115
0.30000000000000004,-1.7760141698960452,0.004266660301038228,0.003894281805007079
0.30000000000000004,-1.7660141698960452,0.004118939403900774,0.003759106260790966
0.30000000000000004,-1.7560141698960452,0.003982592930058309,0.003634501194487529
0.30000000000000004,-1.7460141698960452,0.003856854945716551,0.0035197456075234854
0.30000000000000004,-1.7360141698960452,0.003740993926670767,0.0034141510010920035
0.30000000000000004,-1.7260141698960452,0.003634312413781647,0.003317061069298642
0.30000000000000004,-1.7160141698960452,0.003536146610024314,0.003227851335164349
0.30000000000000004,-1.7060141698960452,0.003445865921737065,0.003145928731979155
0.30000000000000004,-1.6960141698960451,0.0033628724468189415,0.0030707311326234484
0.30000000000000004,-1.6860141698960451,0.003286600412643219,0.003001726829501294
0.30000000000000004,-1.6760141698960451,0.003216515566557853,0.00293841396783534
0.30000000000000004,-1.6660141698960451,0.0031521145218657153,0.0028803199351025554
0.30000000000000004,-1.656014169896045,0.0030929240622500935,0.0028270007094652024
0.30000000000000004,-1.646014169896045,0.0030385004076010796,0.002778040170050856
0.30000000000000004,-1.636014169896045,0.0029884284442822863,0.002733049372019114
0.30000000000000004,-1.626014169896045,0.0029423209228097756,0.002691665789297912
0.30000000000000004,-1.616014169896045,0.00289981762601133,0.002653552527965889
0.30000000000000004,-1.606014169896045,0.0028605845106426876,0.002618397513179056
0.30000000000000004,-1.596014169896045,0.0028243128254985548,0.0025859126525999473
0.30000000000000004,-1.586014169896045,0.002790718208968484,0.00255583297921103
0.30000000000000004,-1.576014169896045,0.0027595397690022127,0.0025279157764097225
0.30000000000000004,-1.566014169896045,0.0027305391484041485,0.0025019396882433763
0.30000000000000004,-1.556014169896045,0.0027034995782875635,0.002477703817562041
0.30000000000000004,-1.546014169896045,0.00267822492253634,0.002455026814882608
0.30000000000000004,-1.536014169896045,0.002654538715988806,0.002433745960635668
0.30000000000000004,-1.526014169896045,0.00263228319903738,0.0024137162434457213
0.30000000000000004,-1.516014169896045,0.0026113183512483976,0.0023948094370115102
0.30000000000000004,-1.506014169896045,0.0025915209265038523,0.0023769131780564633
0.30000000000000004,-1.496014169896045,0.002572783492127659,0.002359930047779539
0.30000000000000004,-1.486014169896045,0.0025550134743165553,0.0023437766591021757
0.30000000000000004,-1.476014169896045,0.002538132212129254,0.002328382751940986
0.30000000000000004,-1.466014169896045,0.0025220740221868097,0.0023136902986379392
0.30000000000000004,-1.456014169896045,0.0025067852761072027,0.0022996526215546893
0.30000000000000004,-1.446014169896045,0.0024922234926261547,0.002286233524765482
0.30000000000000004,-1.436014169896045,0.0024783564462112643,0.002273406441643232
0.30000000000000004,-1.426014169896045,0.002465161293890022,0.002261153600045996
0.30000000000000004,-1.416014169896045,0.0024526237218754085,0.002249465206677474
0.30000000000000004,-1.4060141698960449,0.0024407371134794967,0.0022383386521008315
0.30000000000000004,-1.3960141698960449,0.0024295017396649982,0.002227777737747425
0.30000000000000004,-1.3860141698960449,0.002418923973487979,0.0022177919261639075
0.30000000000000004,-1.3760141698960449,0.00240901552955446,0.0022083956156118832
0.30000000000000004,-1.3660141698960448,0.0023997927294990454,0.0021996074400194906
0.30000000000000004,-1.3560141698960448,0.0023912757943931446,0.0021914495951818767
0.30000000000000004,-1.3460141698960448,0.0023834881648430715,0.002183947191962617
0.30000000000000004,-1.3360141698960448,0.002376455849467015,0.0021771276371722902
0.30000000000000004,-1.3260141698960448,0.0023702068022934814,0.0021710200426562198
0.30000000000000004,-1.3160141698960448,0.0023647703295479857,0.0021656546630435067
0.30000000000000004,-1.3060141698960448,0.002360176526156432,0.0021610623624727598
0.30000000000000004,-1.2960141698960448,0.002356455742229926,0.002157274110541343
0.30000000000000004,-1.2860141698960448,0.0023536380796669943,0.002154320507597359
0.30000000000000004,-1.2760141698960448,0.002351752918930223,0.0021522313394115463
0.30000000000000004,-1.2660141698960448,0.0023508284759756392,0.002151035161184834
0.30000000000000004,-1.2560141698960448,0.0023508913891969563,0.0021507589107320354
0.30000000000000004,-1.2460141698960447,0.0023519663362082115,0.0021514275506379975
0.30000000000000004,-1.2360141698960447,0.002354075680174884,0.0021530637390705896
0.30000000000000004,-1.2260141698960447,0.0023572391453658345,0.0021556875288924813
0.30000000000000004,-1.2160141698960447,0.0023614735215100272,0.002159316094625556
0.30000000000000004,-1.2060141698960447,0.0023667923964964736,0.00216396348677332
0.30000000000000004,-1.1960141698960447,0.0023732059169063835,0.002169640412955236
0.30000000000000004,-1.1860141698960447,0.002380720575795422,0.0021763540452362905
0.30000000000000004,-1.1760141698960447,0.0023893390271336316,0.0021841078530205646
0.30000000000000004,-1.1660141698960447,0.0023990599262504325,0.002192901460818257
0.30000000000000004,-1.1560141698960447,0.0024098777956036905,0.0022027305301659202
0.30000000000000004,-1.1460141698960447,0.002421782915187848,0.002213586664972895
0.30000000000000004,-1.1360141698960446,0.0024347612368358514,0.002225457339509643
0.30000000000000004,-1.1260141698960446,0.0024487943217027584,0.002238325848282173
0.30000000000000004,-1.1160141698960446,0.0024638593001555967,0.002252171276978152
0.30000000000000004,-1.1060141698960446,0.0024799288533539324,0.0022669684937245515
0.30000000000000004,-1.0960141698960446,0.0024969712157413434,0.002282688159838686
0.30000000000000004,-1.0860141698960446,0.0025149501977082627,0.002299296759292385
0.30000000000000004,-1.0760141698960446,0.0025338252277026002,0.0023167566461254094
0.30000000000000004,-1.0660141698960446,0.002553551413049615,0.002335026109033311
0.30000000000000004,-1.0560141698960446,0.0025740796187893092,0.0023540594524008016
0.30000000000000004,-1.0460141698960446,0.0025953565638333043,0.002373807093049879
0.30000000000000004,-1.0360141698960446,0.002617324933794554,0.0023942156720233817
0.30000000000000004,-1.0260141698960445,0.0026399235098519946,0.002415228180737784
0.30000000000000004,-1.0160141698960445,0.0026630873130427733,0.0024367841008725664
0.30000000000000004,-1.0060141698960445,0.002686747763435491,0.002458819557425258
0.30000000000000004,-0.9960141698960445,0.0027108328536235736,0.0024812674843549464
0.30000000000000004,-0.9860141698960445,0.0027352673360578855,0.0025040578023171997
0.30000000000000004,-0.9760141698960445,0.0027599729237576757,0.002527117608019289
0.30000000000000004,-0.9660141698960445,0.0027848685039811895,0.002550371374771082
0.30000000000000004,-0.9560141698960445,0.0028098703644713887,0.0025737411638465844
0.30000000000000004,-0.9460141698960445,0.0028348924319383686,0.002597146846321716
0.30000000000000004,-0.9360141698960445,0.0028598465224839572,0.002620506335103012
0.30000000000000004,-0.9260141698960445,0.002884642603703167,0.002643735826897504
0.30000000000000004,-0.9160141698960445,0.002909189068235158,0.002666750053918082
0.30000000000000004,-0.9060141698960444,0.002933393018596719,0.0026894625451828955
0.30000000000000004,-0.8960141698960444,0.0029571605631358994,0.0027117858972809904
0.30000000000000004,-0.8860141698960444,0.002980397122994371,0.0027336320545322465
0.30000000000000004,-0.8760141698960444,0.0030030077500089983,0.0027549125985170697
0.30000000000000004,-0.8660141698960444,0.003024897455484403,0.002775539046961788
0.30000000000000004,-0.8560141698960444,0.003045971549829261,0.002795423162030175
0.30000000000000004,-0.8460141698960444,0.0030661359930516966,0.002814477268082721
0.30000000000000004,-0.8360141698960444,0.003085297756131714,0.002832614578994382
0.30000000000000004,-0.8260141698960444,0.0031033651933195954,0.0028497495351579
0.30000000000000004,-0.8160141698960444,0.0031202484254090673,0.002865798150307471
0.30000000000000004,-0.8060141698960444,0.00313585973405365,0.002880678368322791
0.30000000000000004,-0.7960141698960443,0.003150113967190714,0.002894310430176846
0.30000000000000004,-0.7860141698960443,0.0031629289556673198,0.002906617251224056
0.30000000000000004,-0.7760141698960443,0.0031742259411070848,0.0029175248089813176
0.30000000000000004,-0.7660141698960443,0.0031839300151191375,0.002926962541615939
0.30000000000000004,-0.7560141698960443,0.003191970569880716,0.0029348637572957467
0.30000000000000004,-0.7460141698960443,0.0031982817601448853,0.0029411660545786665
0.30000000000000004,-0.7360141698960443,0.003202802976686833,0.002945811753987677
0.30000000000000004,-0.7260141698960443,0.003205479331195986,0.0029487483409137826
0.30000000000000004,-0.7160141698960443,0.003206262152571912,0.0029499289199465227
0.30000000000000004,-0.7060141698960443,0.0032051094945718915,0.0029493126807232494
0.30000000000000004,-0.6960141698960443,0.0032019866546866495,0.0029468653753235395
0.30000000000000004,-0.6860141698960442,0.0031968667041356114,0.002942559807247944
0.30000000000000004,-0.6760141698960442,0.0031897310287570257,0.0029363763319131793
0.30000000000000004,-0.6660141698960442,0.00318056988058891,0.002928303368612238
0.30000000000000004,-0.6560141698960442,0.003169382939823545,0.0029183379237817074
0.30000000000000004,-0.6460141698960442,0.003156179886809588,0.0029064861254066683
0.30000000000000004,-0.6360141698960442,0.0031409809836829006,0.0028927637683041347
0.30000000000000004,-0.6260141698960442,0.003123817665167595,0.0028771968699842594
0.30000000000000004,-0.6160141698960442,0.0031047331379991344,0.0028598222367005495
0.30000000000000004,-0.6060141698960442,0.0030837829883851487,0.0028406880392601126
0.30000000000000004,-0.5960141698960442,0.0030610357968197757,0.0028198543980661526
0.30000000000000004,-0.5860141698960442,0.003036573759508642,0.0027973939768026965
0.30000000000000004,-0.5760141698960441,0.003010493315594166,0.0027733925841008185
0.30000000000000004,-0.5660141698960441,0.0029829057792805317,0.0027479497824331755
0.30000000000000004,-0.5560141698960441,0.0029539379759002666,0.002721179503420732
0.30000000000000004,-0.5460141698960441,0.002923732880867047,0.002693210668635537
0.30000000000000004,-0.5360141698960441,0.002892450260412692,0.0026641878149290497
0.30000000000000004,-0.5260141698960441,0.0028602673128996538,0.0026342717232058998
0.30000000000000004,-0.5160141698960441,0.0028273793094464083,0.00260364004950104
0.30000000000000004,-0.5060141698960441,0.0027940002325294584,0.002572487957137721
0.30000000000000004,-0.4960141698960441,0.0027603634111299617,0.0025410287486428893
0.30000000000000004,-0.48601416989604407,0.0027267221509683893,0.002509494496060147
0.30000000000000004,-0.47601416989604406,0.0026933503582458784,0.0024781366681724966
0.30000000000000004,-0.46601416989604405,0.002660543155300171,0.002447226753122752
0.30000000000000004,-0.45601416989604404,0.0026286174864817704,0.0024170568748116935
0.30000000000000004,-0.44601416989604403,0.0025979127125239174,0.002387940401410107
0.30000000000000004,-0.436014169896044,0.0025687911916120344,0.0023602125442441424
0.30000000000000004,-0.426014169896044,0.002541638845310178,0.0023342309452548623
0.30000000000000004,-0.416014169896044,0.0025168657074594886,0.002310376251179373
0.30000000000000004,-0.406014169896044,0.002494906454129538,0.0022890526725553883
0.30000000000000004,-0.396014169896044,0.0024762209126469826,0.0022706885255852948
0.30000000000000004,-0.386014169896044,0.002461294547720595,0.0022557367548769044
0.30000000000000004,-0.37601416989604397,0.00245063892264436,0.0022446754350302777
0.30000000000000004,-0.36601416989604396,0.0024447921335472205,0.0022380082490148566
0.30000000000000004,-0.35601416989604395,0.0024443192146448517,0.0022362649412561927
0.30000000000000004,-0.34601416989604394,0.0024498125124364414,0.0022400017433280048
0.30000000000000004,-0.33601416989604393,0.0024618920268196162,0.0022498017701609693
0.30000000000000004,-0.3260141698960439,0.0024812057170649723,0.0022662753846397397
0.30000000000000004,-0.3160141698960439,0.002508429770636133,0.00229006052848969
0.30000000000000004,-0.3060141698960439,0.0025442688328679267,0.002321823017369536
0.30000000000000004,-0.2960141698960439,0.002589456195508797,0.0023622567980711292
0.30000000000000004,-0.2860141698960439,0.0026447539422351516,0.0024120841658121814
0.30000000000000004,-0.2760141698960439,0.002710953049211976,0.0024720559395701
0.30000000000000004,-0.2660141698960439,0.002788873438904686,0.002542951593517755
0.30000000000000004,-0.25601416989604386,0.002879363985345662,0.0026255793426153327
0.30000000000000004,-0.24601416989604385,0.0029833024691723552,0.002720776180511349
0.30000000000000004,-0.23601416989604385,0.0031015954807852857,0.002829407867931236
0.30000000000000004,-0.22601416989604384,0.0032351782701072916,0.002952368869850742
0.30000000000000004,-0.21601416989604383,0.003385014541462499,0.0030905822397840174
0.30000000000000004,-0.20601416989604382,0.003552096192227775,0.0032449994496383926
0.30000000000000004,-0.1960141698960438,0.0037374429939965397,0.0034166001636681837
0.30000000000000004,-0.1860141698960438,0.003942102215099118,0.0036063919551569544
0.30000000000000004,-0.1760141698960438,0.004167148183454762,0.003815409964580093
0.30000000000000004,-0.16601416989604378,0.004413681788837603,0.0040447164981015325
0.30000000000000004,-0.15601416989604378,0.004682829923770485,0.004295400565383789
0.30000000000000004,-0.14601416989604377,0.00497574486239461,0.0045685773558191275
0.30000000000000004,-0.13601416989604376,0.0052936035768022405,0.00486538765242423
0.30000000000000004,-0.12601416989604375,0.005637606990453526,0.005186997182771464
0.30000000000000004,-0.11601416989604374,0.00600897916844774,0.0055345959064755585
0.30000000000000004,-0.10601416989604373,0.006408966444581114,0.005909397238912981
0.30000000000000004,-0.09601416989604372,0.006838836485250704,0.006312637210979139
0.30000000000000004,-0.08601416989604371,0.007299877290453757,0.006745573564874615
0.30000000000000004,-0.0760141698960437,0.0077933961322545495,0.007209484786037222
0.30000000000000004,-0.0660141698960437,0.008320718431279892,0.007705669071523875
0.30000000000000004,-0.056014169896043686,0.008883186571959769,0.008235443235303607
0.30000000000000004,-0.04601416989604368,0.00948215865737482,0.008800141551071913
0.30000000000000004,-0.03601416989604367,0.010119007204768075,0.009401114533392482
0.30000000000000004,-0.02601416989604366,0.010795117782908056,0.010039727658108698
0.30000000000000004,-0.01601416989604365,0.011511887592690333,0.01071736002316839
0.30000000000000004,-0.006014169896043642,0.01227072399247873,0.011435402951129032
0.30000000000000004,0.003985830103956367,0.01307304296991896,0.012195258534841612
0.30000000000000004,0.013985830103956154,0.013920267562022965,0.012998338127891916
0.30000000000000004,0.023985830103956385,0.01481382622557615,0.013846060781630535
0.30000000000000004,0.033985830103956616,0.015755151159999557,0.014739851630717355
0.30000000000000004,0.0439858301039564,0.016745676584976166,0.015681140229289573
0.30000000000000004,0.05398583010395619,0.017786836975321796,0.016671358840040826
0.30000000000000004,0.06398583010395642,0.018880065255658916,0.01771194067859231
0.30000000000000004,0.07398583010395665,0.020026790957658507,0.018804318115747957
0.30000000000000004,0.08398583010395644,0.02122843834269086,0.01994992084031754
0.30000000000000004,0.09398583010395622,0.022486424492889102,0.021150173985362748
0.30000000000000004,0.10398583010395646,0.02380215737372027,0.022406496220826824
0.30000000000000004,0.11398583010395669,0.02517703387129043,0.023720297815651176
0.30000000000000004,0.12398583010395647,0.02661243780770409,0.025092978672589934
0.30000000000000004,0.13398583010395626,0.028109737937901218,0.026525926339049523
0.30000000000000004,0.1439858301039565,0.029670285931476494,0.028020513997376355
0.30000000000000004,0.15398583010395672,0.03129541434308189,0.02957809843812464
0.30000000000000004,0.1639858301039565,0.032986434575076294,0.03120001801991477
0.30000000000000004,0.1739858301039563,0.03474463483613769,0.03288759061955983
0.30000000000000004,0.18398583010395653,0.036571278099646665,0.03464211157624277
0.30000000000000004,0.19398583010395676,0.03846760006565362,0.036464851633549095
0.30000000000000004,0.20398583010395654,0.040434807130308455,0.03835705488323867
0.30000000000000004,0.21398583010395633,0.042474074366637256,0.04031993671466323
0.30000000000000004,0.22398583010395656,0.04458654352060198,0.042354681773799654
0.30000000000000004,0.2339858301039568,0.046773321026335614,0.04446244193584508
0.30000000000000004,0.24398583010395658,0.04903547604449829,0.0466443342953836
0.30000000000000004,0.25398583010395637,0.05137403852765049,0.048901439178102565
0.30000000000000004,0.2639858301039566,0.05378999731653602,0.05123479817804641
0.30000000000000004,0.27398583010395683,0.056284298271123925,0.05364541222436822
0.30000000000000004,0.2839858301039566,0.05885784244024059,0.056134239681533145
0.30000000000000004,0.2939858301039564,0.06151148427353601,0.05870219448685779
0.30000000000000004,0.30398583010395663,0.0642460298795112,0.06135014432926261
0.30000000000000004,0.31398583010395686,0.06706223533322661,0.06407890887302328
0.30000000000000004,0.32398583010395665,0.06996080503725655,0.0668892580302632
0.30000000000000004,0.33398583010395644,0.07294239013935222,0.06978191028584027
0.30000000000000004,0.34398583010395667,0.07600758701019676,0.07275753107821185
0.30000000000000004,0.3539858301039569,0.07915693578450539,0.07581673123974503
0.30000000000000004,0.3639858301039567,0.08239091896863926,0.07896006549986326
0.30000000000000004,0.3739858301039565,0.0857099601177465,0.08218803105427737
0.30000000000000004,0.3839858301039567,0.08911442258535685,0.08550106620346838
0.30000000000000004,0.39398583010395694,0.0926046083481741,0.08889954906341925
0.30000000000000004,0.4039858301039567,0.09618075690869851,0.09238379635148658
0.30000000000000004,0.4139858301039565,0.09984304427816264,0.09595406225016084
0.30000000000000004,0.42398583010395674,0.10359158204206556,0.09961053735127606
0.30000000000000004,0.43398583010395697,0.10742641651050057,0.1033533476831387
0.30000000000000004,0.44398583010395676,0.1113475279552303,0.10718255382281638
0.30000000000000004,0.45398583010395654,0.11535482993533953,0.11109815009570252
0.30000000000000004,0.4639858301039568,0.11944816871310023,0.11510006386428258
0.30000000000000004,0.473985830103957,0.12362732276150881,0.11918815490785467
0.30000000000000004,0.4839858301039568,0.12789200236475984,0.12336221489476433
0.30000000000000004,0.4939858301039566,0.13224184931276312,0.12762196694855385
0.30000000000000004,0.5039858301039568,0.13667643669057403,0.1319670653091935
0.30000000000000004,0.513985830103957,0.14119526876346616,0.13639709509041573
0.30000000000000004,0.5239858301039568,0.1457977809581574,0.14091157213395605
0.30000000000000004,0.5339858301039566,0.15048333994048912,0.14550994296129158
0.30000000000000004,0.5439858301039568,0.15525124378971325,0.15019158482331466
0.30000000000000004,0.5539858301039571,0.16010072226930233,0.15495580584814042
0.30000000000000004,0.5639858301039569,0.1650309371940206,0.15980184528706193
0.30000000000000004,0.5739858301039567,0.1700409828928207,0.16472887385848659
0.30000000000000004,0.5839858301039569,0.17512988676689922,0.16973599418945146
0.30000000000000004,0.5939858301039571,0.18029660994209065,0.17482224135415253
0.30000000000000004,0.6039858301039569,0.18554004801459625,0.1799865835087298
0.30000000000000004,0.6139858301039567,0.1908590318888205,0.18522792262132146
0.30000000000000004,0.6239858301039569,0.19625232870595738,0.19054509529625582
0.30000000000000004,0.6339858301039571,0.20171864286175467,0.1959368736910283
0.30000000000000004,0.6439858301039569,0.2072566171117563,0.20140196652456804
0.30000000000000004,0.6539858301039567,0.21286483376209833,0.2069390201750677
0.30000000000000004,0.663985830103957,0.21854181594383196,0.2125466198655293
0.30000000000000004,0.6739858301039572,0.22428602896855007,0.2182232909349751
0.30000000000000004,0.683985830103957,0.2300958817629633,0.22396750019312447
0.30000000000000004,0.6939858301039568,0.23596972837993385,0.22977765735618752
0.30000000000000004,0.703985830103957,0.24190586958330287,0.23565211656124194
0.30000000000000004,0.7139858301039572,0.24790255450377474,0.24158917795656748
0.30000000000000004,0.723985830103957,0.2539579823629422,0.24758708936512389
0.30000000000000004,0.7339858301039568,0.2600703042624518,0.25364404801825446
0.30000000000000004,0.743985830103957,0.2662376250352012,0.2597582023565757
0.30000000000000004,0.7539858301039573,0.2724580051553434,0.26592765389488104
0.30000000000000004,0.763985830103957,0.2787294627037845,0.2721504591477846
0.30000000000000004,0.7739858301039568,0.28504997538580273,0.2784246316127513
0.30000000000000004,0.7839858301039571,0.29141748259729366,0.2847481438070279
0.30000000000000004,0.7939858301039573,0.2978298875361168,0.2911189293549376
0.30000000000000004,0.8039858301039571,0.30428505935495503,0.29753488512192594
0.30000000000000004,0.8139858301039569,0.3107808353520176,0.303993873391647
0.30000000000000004,0.8239858301039571,0.31731502319591454,0.3104937240823622
0.30000000000000004,0.8339858301039573,0.32388540318096776,0.3170322369988448
0.30000000000000004,0.8439858301039571,0.33048973050921165,0.3236071841159565
0.30000000000000004,0.8539858301039569,0.3371257375953121,0.3302163118900252
0.30000000000000004,0.8639858301039571,0.34379113639063563,0.3368573435941385
0.30000000000000004,0.8739858301039574,0.35048362072267253,0.34352798167342996
0.30000000000000004,0.8839858301039571,0.3572008686460677,0.35022591011646775
0.30000000000000004,0.8939858301039569,0.3639405448014815,0.35694879683881386
0.30000000000000004,0.9039858301039572,0.3707003027785676,0.3636942960748725
0.30000000000000004,0.9139858301039574,0.37747778747935357,0.370460050774135
0.30000000000000004,0.9239858301039572,0.3842706374783681,0.37724369499797333
0.30000000000000004,0.933985830103957,0.3910764873759012,0.38404285631316964
0.30000000000000004,0.9439858301039572,0.39789297014083275,0.3908551581784038
0.30000000000000004,0.9539858301039574,0.40471771943951246,0.397678222319966
0.30000000000000004,0.9639858301039572,0.41154837194728594,0.4045096710930563
0.30000000000000004,0.973985830103957,0.41838256963926623,0.4113471298250393
0.30000000000000004,0.9839858301039572,0.42521796205709494,0.41818822913715264
0.30000000000000004,0.9939858301039575,0.4320522085484688,0.42503060724119957
0.30000000000000004,1.0039858301039573,0.4388829804763428,0.43187191220788007
0.30000000000000004,1.013985830103957,0.44570796339477897,0.43870980420347616
0.30000000000000004,1.0239858301039573,0.45252485918852714,0.44554195769171384
0.30000000000000004,1.0339858301039575,0.45933138817353913,0.4523660635977415
0.30000000000000004,1.0439858301039573,0.466125291155696,0.45917983143123986
0.30000000000000004,1.053985830103957,0.4729043314451759,0.4659809913658252
0.30000000000000004,1.0639858301039573,0.47966629682397866,0.4727672962719976
0.30000000000000004,1.0739858301039575,0.4864090014642547,0.47953652370101857
0.30000000000000004,1.0839858301039573,0.49313028779521023,0.4862864778172278
0.30000000000000004,1.0939858301039571,0.4998280283164812,0.4930149912764337
0.30000000000000004,1.1039858301039573,0.5065001273559867,0.4997199270481349
0.30000000000000004,1.1139858301039576,0.5131445227704198,0.506399180179479
0.30000000000000004,1.1239858301039574,0.5197591875866506,0.5130506794989932
0.30000000000000004,1.1339858301039571,0.5263421315824446,0.5196723892582478
0.30000000000000004,1.1439858301039574,0.5328914028050415,0.5262623107097748
0.30000000000000004,1.1539858301039576,0.5394050890262683,0.5328184836196868
0.30000000000000004,1.1639858301039574,0.5458813191329827,0.5393389877135852
0.30000000000000004,1.1739858301039572,0.5523182644517958,0.545821944054502
0.30000000000000004,1.1839858301039574,0.5587141400071297,0.5522655163517383
0.30000000000000004,1.1939858301039576,0.5650672057118156,0.5586679121996259
0.30000000000000004,1.2039858301039574,0.5713757674895584,0.5650273842453682
0.30000000000000004,1.2139858301039572,0.5776381783287283,0.5713422312852632
0.30000000000000004,1.2239858301039575,0.5838528392670544,0.5776107992887428
0.30000000000000004,1.2339858301039577,0.5900182003069319,0.5838314823498097
0.30000000000000004,1.2439858301039575,0.5961327612611782,0.590002723565588
0.30000000000000004,1.2539858301039573,0.6021950725291774,0.5961230158418326
0.30000000000000004,1.2639858301039575,0.6082037358034896,0.6021909026253802
0.30000000000000004,1.2739858301039577,0.6141574047070977,0.6082049785636515
0.30000000000000004,1.2839858301039575,0.6200547853615993,0.61416389009145
0.30000000000000004,1.2939858301039573,0.6258946368867305,0.6200663359454088
0.30000000000000004,1.3039858301039575,0.6316757718317376,0.625911067606579
0.30000000000000004,1.3139858301039578,0.6373970565392019,0.6316968896717534
0.30000000000000004,1.3239858301039575,0.6430574114420231,0.6374226601542463
0.30000000000000004,1.3339858301039573,0.6486558112943679,0.6430872907149543
0.30000000000000004,1.3439858301039576,0.6541912853374617,0.6486897468246254
0.30000000000000004,1.3539858301039578,0.6596629174012105,0.6542290478583755
0.30000000000000004,1.3639858301039576,0.6650698459427059,0.6597042671235821
0.30000000000000004,1.3739858301039574,0.6704112640227532,0.6651145318223852
0.30000000000000004,1.3839858301039576,0.6756864192216224,0.6704590229500997
0.30000000000000004,1.3939858301039578,0.6808946134953158,0.6757369751309543
0.30000000000000004,1.4039858301039576,0.6860352029736806,0.6809476763926215
0.30000000000000004,1.4139858301039574,0.6911075977017809,0.686090467881105
0.30000000000000004,1.4239858301039576,0.6961112613259886,0.6911647435176036
0.30000000000000004,1.4339858301039579,0.7010457107262957,0.6961699495990402
0.30000000000000004,1.4439858301039576,0.7059105155964249,0.7011055843440165
0.30000000000000004,1.4539858301039574,0.710705297973326,0.7059711973859905
0.30000000000000004,1.4639858301039577,0.7154297317177125,0.7107663892155427
0.30000000000000004,1.473985830103958,0.7200835419473055,0.7154908105736284
0.30000000000000004,1.4839858301039577,0.7246665044245034,0.720144161797769
0.30000000000000004,1.4939858301039575,0.7291784449002041,0.7247261921231574
0.30000000000000004,1.5039858301039577,0.7336192384155421,0.7292366989406963
0.30000000000000004,1.513985830103958,0.7379888085633133,0.7336755270140038
0.30000000000000004,1.5239858301039577,0.7422871267108815,0.7380425676574538
0.30000000000000004,1.5339858301039575,0.7465142111863705,0.7423377578773304
0.30000000000000004,1.5439858301039577,0.7506701264299448,0.7465610794781828
0.30000000000000004,1.553985830103958,0.7547549821120024,0.7507125581364921
0.30000000000000004,1.5639858301039578,0.7587689322200868,0.754792262443744
0.30000000000000004,1.5739858301039575,0.7627121741163373,0.7588003029210256
0.30000000000000004,1.5839858301039578,0.7665849475672785,0.7627368310072342
0.30000000000000004,1.593985830103958,0.770387533747751,0.7666020380230015
0.30000000000000004,1.6039858301039578,0.7741202542207687,0.7703961541124091
0.30000000000000004,1.6139858301039576,0.7777834698950743,0.7741194471645609
0.30000000000000004,1.6239858301039578,0.7813775799621514,0.7777722217170616
0.30000000000000004,1.633985830103958,0.7849030208144232,0.7813548178434166
0.30000000000000004,1.6439858301039578,0.7883602649463605,0.7848676100263611
0.30000000000000004,1.6539858301039576,0.7917498198401836,0.7883110060190748
0.30000000000000004,1.6639858301039578,0.7950722268378257,0.7916854456962266
0.30000000000000004,1.673985830103958,0.7983280600007936,0.7949913998967402
0.30000000000000004,1.6839858301039579,0.8015179249595357,0.7982293692601528
0.30000000000000004,1.6939858301039576,0.8046424577538913,0.8013998830583787
0.30000000000000004,1.7039858301039579,0.8077023236661691,0.8045034980246651
0.30000000000000004,1.713985830103958,0.81069821604836,0.8075407971814673
0.30000000000000004,1.723985830103958,0.8136308551449638,0.8105123886689344
0.30000000000000004,1.7339858301039577,0.8165009869128688,0.8134189045756433
0.30000000000000004,1.743985830103958,0.8193093818396833,0.8162609997731671
0.30000000000000004,1.7539858301039581,0.8220568337618848,0.8190393507560123
0.30000000000000004,1.763985830103958,0.8247441586841129,0.8217546544884095
0.30000000000000004,1.7739858301039577,0.8273721936008926,0.824407627259384
0.30000000000000004,1.783985830103958,0.8299417953220312,0.8269990035474749
0.30000000000000004,1.7939858301039582,0.8324538393028987,0.8295295348964201
0.30000000000000004,1.803985830103958,0.8349092184807572,0.8319999888030624
0.30000000000000004,1.8139858301039578,0.8373088421182636,0.8344111476186772
0.30000000000000004,1.823985830103958,0.8396536346552296,0.836763807464859
0.30000000000000004,1.8339858301039582,0.8419445345696879,0.8390587771650527
0.30000000000000004,1.843985830103958,0.8441824932492623,0.8412968771927449
0.30000000000000004,1.8539858301039578,0.8463684738738101,0.8434789386372861
0.30000000000000004,1.863985830103958,0.8485034503102571,0.84560580218824
0.30000000000000004,1.8739858301039582,0.8505884060205089,0.8476783171391102
0.30000000000000004,1.883985830103958,0.8526243329832849,0.8496973404112274
0.30000000000000004,1.8939858301039578,0.8546122306306766,0.8516637355985254
0.30000000000000004,1.903985830103958,0.8565531048001986,0.8535783720338775
0.30000000000000004,1.9139858301039583,0.8584479667030596,0.8554421238776044
0.30000000000000004,1.923985830103958,0.8602978319093448,0.8572558692287119
0.30000000000000004,1.9339858301039579,0.8621037193507639,0.8590204892593601
0.30000000000000004,1.943985830103958,0.8638666503415807,0.8607368673730093
0.30000000000000004,1.9539858301039583,0.8655876476183066,0.8624058883866365
0.30000000000000004,1.963985830103958,0.8672677343987079,0.8640284377373653
0.30000000000000004,1.973985830103958,0.8689079334606344,0.8656054007137961
0.30000000000000004,1.9839858301039581,0.8705092662411553,0.8671376617122784
0.30000000000000004,1.9939858301039584,0.87207275195644,0.8686261035183122
0.4,-1.9960141698960454,0.012246334982381629,0.010535713424119904
0.4,-1.9860141698960454,0.011597641021552637,0.009967617828754664
0.4,-1.9760141698960454,0.010984816174334514,0.009431297800801385
0.4,-1.9660141698960454,0.010406428868333335,0.008925484702552477
0.4,-1.9560141698960454,0.009861071034685089,0.008448929595921322
0.4,-1.9460141698960454,0.009347359366505185,0.008000404452100382
0.4,-1.9360141698960454,0.008863936499715737,0.007578703291756383
0.4,-1.9260141698960453,0.008409472115429004,0.007182643254723655
0.4,-1.9160141698960453,0.007982663963246019,0.006811065598328345
0.4,-1.9060141698960453,0.007582238805076421,0.006462836623704109
0.4,-1.8960141698960453,0.007206953279230925,0.006136848529603798
0.4,-1.8860141698960453,0.006855594684768947,0.00583202019342774
0.4,-1.8760141698960453,0.006526981686261137,0.005547297879361372
0.4,-1.8660141698960453,0.006219964939321977,0.005281655873702413
0.4,-1.8560141698960453,0.005933427637442515,0.005034097047629018
0.4,-1.8460141698960453,0.005666285980852701,0.0048036533478521635
0.4,-1.8360141698960453,0.005417489568295254,0.004589386215748469
0.4,-1.8260141698960453,0.005186021712791815,0.004390386935761774
0.4,-1.8160141698960452,0.0049708996826121855,0.004205776913996067
0.4,-1.8060141698960452,0.004771174868857033,0.004034707888115347
0.4,-1.7960141698960452,0.004585932881169194,0.0038763620697790913
0.4,-1.7860141698960452,0.004414293573283535,0.003729952221030568
0.4,-1.7760141698960452,0.004255411000220894,0.0035947216661603807
0.4,-1.7660141698960452,0.004108473309096204,0.003469944240730123
0.4,-1.7560141698960452,0.0039727025655845825,0.00335492417952695
0.4,-1.7460141698960452,0.0038473545182832617,0.0032489959454062942
0.4,-1.7360141698960452,0.0037317183032134892,0.0031515240010080037
0.4,-1.7260141698960452,0.00362511609088883,0.003061902525506439
0.4,-1.7160141698960452,0.0035269026784201974,0.0029795550786132453
0.4,-1.7060141698960452,0.0034364650292024587,0.0029039342141346045
0.4,-1.6960141698960451,0.003353221762839716,0.002834521045498568
0.4,-1.6860141698960451,0.003276622597974511,0.0027708247656935024
0.4,-1.6760141698960451,0.003206147750780959,0.002712382124155699
0.4,-1.6660141698960451,0.003141307291894878,0.0026587568631715897
0.4,-1.656014169896045,0.0030816404646185976,0.002609539116429418
0.4,-1.646014169896045,0.00302671496722085,0.0025643447723546365
0.4,-1.636014169896045,0.0029761262022291166,0.0025228148049407204
0.4,-1.626014169896045,0.002929496495538224,0.0024846145747365344
0.4,-1.616014169896045,0.00288647428824974,0.0024494331027377437
0.4,-1.606014169896045,0.002846733304060555,0.00241698231985759
0.4,-1.596014169896045,0.0028099716950761946,0.002386996294707644
0.4,-1.586014169896045,0.0027759111688334193,0.0023592304423486433
0.4,-1.576014169896045,0.002744296099328722,0.0023334607166858976
0.4,-1.566014169896045,0.0027148926248024624,0.002309482789147732
0.4,-1.556014169896045,0.002687487734938345,0.002287111216211115
0.4,-1.546014169896045,0.002661888350154803,0.0022661785983531767
0.4,-1.536014169896045,0.0026379203955319316,0.0022465347328944627
0.4,-1.526014169896045,0.0026154278718979016,0.002228045763180666
0.4,-1.516014169896045,0.0025942719265111976,0.0022105933264721634
0.4,-1.506014169896045,0.002574329925674871,0.0021940737028213505
0.4,-1.496014169896045,0.00255549453158296,0.002178396967181113
0.4,-1.486014169896045,0.002537672785560532,0.002163486146863547
0.4,-1.476014169896045,0.002520785199796616,0.002149276386407064
0.4,-1.466014169896045,0.002504764859573673,0.0021357141218196363
0.4,-1.456014169896045,0.0024895565378726604,0.002122756266050483
0.4,-1.446014169896045,0.0024751158241679556,0.0021103694074758295
0.4,-1.436014169896045,0.002461408269087834,0.002098529023055291
0.4,-1.426014169896045,0.002448408546536712,0.002087218707734766
0.4,-1.416014169896045,0.00243609963474585,0.002076429421548438
0.4,-1.4060141698960449,0.002424472017633675,0.0020661587557853833
0.4,-1.3960141698960449,0.0024135229077244884,0.0020564102194591616
0.4,-1.3860141698960449,0.0024032554917858976,0.0020471925472282226
0.4,-1.3760141698960449,0.002393678200223533,0.0020385190297955848
0.4,-1.3660141698960448,0.0023848040011656747,0.0020304068677102992
0.4,-1.3560141698960448,0.002376649720078935,0.0020228765493986553
0.4,-1.3460141698960448,0.002369235385617822,0.002015951254119339
0.4,-1.3360141698960448,0.002362583602348894,0.0020096562804667296
0.4,-1.3260141698960448,0.0023567189508529383,0.0020040185009134338
0.4,-1.3160141698960448,0.0023516674156418976,0.001999065842809391
0.4,-1.3060141698960448,0.0023474558411979755,0.0019948267961287015
0.4,-1.2960141698960448,0.002344111416387557,0.001991329948192009
0.4,-1.2860141698960448,0.002341661187382571,0.0019886035454744853
0.4,-1.2760141698960448,0.002340131599151521,0.0019866750825337353
0.4,-1.2660141698960448,0.0023395480655119985,0.00198557091801677
0.4,-1.2560141698960448,0.0023399345676283476,0.001985315917598802
0.4,-1.2460141698960447,0.002341313280807197,0.0019859331236658437
0.4,-1.2360141698960447,0.0023437042293375297,0.0019874434514497753
0.4,-1.2260141698960447,0.0023471249690910985,0.0019898654112853673
0.4,-1.2160141698960447,0.0023515902975171543,0.0019932148565774367
0.4,-1.2060141698960447,0.002357111990626004,0.0019975047570215264
0.4,-1.1960141698960447,0.002363698566511971,0.002002744996574064
0.4,-1.1860141698960447,0.0023713550749003883,0.00200894219560273
0.4,-1.1760141698960447,0.0023800829121973684,0.0020160995566343674
0.4,-1.1660141698960447,0.002389879661464985,0.0020242167330630067
0.4,-1.1560141698960447,0.0024007389567194575,0.0020332897201531573
0.4,-1.1460141698960447,0.0024126503709487705,0.002043310767667288
0.4,-1.1360141698960446,0.0024255993271881555,0.002054268313393517
0.4,-1.1260141698960446,0.0024395670320266384,0.002066146936875852
0.4,-1.1160141698960446,0.0024545304308555634,0.0020789273325952174
0.4,-1.1060141698960446,0.0024704621842303745,0.002092586301899586
0.4,-1.0960141698960446,0.002487330664652447,0.0021070967629280178
0.4,-1.0860141698960446,0.0025050999731172823,0.0021224277778083556
0.4,-1.0760141698960446,0.002523729974789978,0.002138544596423455
0.4,-1.0660141698960446,0.0025431763531519845,0.0021554087160307487
0.4,-1.0560141698960446,0.0025633906820074544,0.0021729779560622784
0.4,-1.0460141698960446,0.002584320514728159,0.0021912065474306575
0.4,-1.0360141698960446,0.0026059094901637143,0.002210045235713891
0.4,-1.0260141698960445,0.002628097454648518,0.002229441397604108
0.4,-1.0160141698960445,0.002650820599562843,0.002249339170036215
0.4,-1.0060141698960445,0.0026740116139611675,0.002269679591469469
0.4,-0.9960141698960445,0.0026975998517611882,0.0022904007547891814
0.4,-0.9860141698960445,0.002721511513061035,0.002311437971369723
0.4,-0.9760141698960445,0.0027456698391660115,0.0023327239458639593
0.4,-0.9660141698960445,0.0027699953209419374,0.0023541889613271525
0.4,-0.9560141698960445,0.0027944059201393903,0.002375761074319924
0.4,-0.9460141698960445,0.0028188173033723944,0.0023973663196815843
0.4,-0.9360141698960445,0.002843143088471551,0.0024189289247104726
0.4,-0.9260141698960445,0.0028672951029535976,0.002440371532520773
0.4,-0.9160141698960445,0.002891183654379673,0.002461615434385922
0.4,-0.9060141698960444,0.00291471781242739,0.0024825808109380574
0.4,-0.8960141698960444,0.002937805702498832,0.0025031869821055294
0.4,-0.8860141698960444,0.002960354810729853,0.002523352665722074
0.4,-0.8760141698960444,0.002982272300300488,0.0025429962447849875
0.4,-0.8660141698960444,0.0030034653389400525,0.0025620360433493425
0.4,-0.8560141698960444,0.0030238414375742483,0.0025803906111047767
0.4,-0.8460141698960444,0.0030433088000570525,0.0025979790166917424
0.4,-0.8360141698960444,0.0030617766839458873,0.002614721149840968
0.4,-0.8260141698960444,0.0030791557723029894,0.0026305380324534466
0.4,-0.8160141698960444,0.0030953585564994775,0.002645352138745358
0.4,-0.8060141698960444,0.0031102997300123283,0.0026590877246056533
0.4,-0.7960141698960443,0.003123896593195057,0.0026716711663170886
0.4,-0.7860141698960443,0.003136069469027405,0.0026830313088222054
0.4,-0.7760141698960443,0.0031467421297898756,0.002693099823675062
0.4,-0.7660141698960443,0.0031558422346666536,0.0027018115768762518
0.4,-0.7560141698960443,0.003163301778207425,0.0027091050067345355
0.4,-0.7460141698960443,0.003169057549595468,0.002714922511918769
0.4,-0.7360141698960443,0.0031730516026289715,0.0027192108498347786
0.4,-0.7260141698960443,0.003175231736314509,0.0027219215454588764
0.4,-0.7160141698960443,0.003175551985921108,0.002723011310719867
0.4,-0.7060141698960443,0.0031739731243327746,0.002722442474513769
0.4,-0.6960141698960443,0.0031704631734660233,0.0027201834233755748
0.4,-0.6860141698960442,0.003164997925534654,0.002716209052844256
0.4,-0.6760141698960442,0.003157561473829438,0.0027105012294583197
0.4,-0.6660141698960442,0.0031481467527032015,0.0027030492633343737
0.4,-0.6560141698960442,0.003136756086341333,0.0026938503911831144
0.4,-0.6460141698960442,0.0031234017458926814,0.0026829102696061557
0.4,-0.6360141698960442,0.0031081065144469974,0.0026702434784345863
0.4,-0.6260141698960442,0.0030909042593103733,0.0026558740338316245
0.4,-0.6160141698960442,0.003071840510946018,0.0026398359108005076
0.4,-0.6060141698960442,0.003050973047917695,0.002622173574701643
0.4,-0.5960141698960442,0.0030283724870800977,0.002602942521291833
0.4,-0.5860141698960442,0.0030041228782092234,0.0025822098247409507
0.4,-0.5760141698960441,0.0029783223022062703,0.0025600546930161405
0.4,-0.5660141698960441,0.00295108347192693,0.002536569029938316
0.4,-0.5560141698960441,0.0029225343346394993,0.002511858003157599
0.4,-0.5460141698960441,0.002892818675027601,0.0024860406172020344
0.4,-0.5360141698960441,0.002862096717616607,0.002459250290703738
0.4,-0.5260141698960441,0.0028305457274067285,0.002431635436805446
0.4,-0.5160141698960441,0.0027983606074526123,0.002403360045693268
0.4,-0.5060141698960441,0.002765754492066852,0.002374604268127127
0.4,-0.4960141698960441,0.0027329593342405485,0.0023455649987472824
0.4,-0.48601416989604407,0.0027002264858612068,0.002316456457901674
0.4,-0.47601416989604406,0.002667827269195472,0.0022875107706207664
0.4,-0.46601416989604405,0.002636053538105507,0.0022589785413440785
0.4,-0.45601416989604404,0.0026052182273777814,0.002231129422903102
0.4,-0.44601416989604403,0.002575655888523288,0.002204252678224714
0.4,-0.436014169896044,0.002547723210352474,0.002178657733148439
0.4,-0.426014169896044,0.002521799522592354,0.002154674718696796
0.4,-0.416014169896044,0.0024982872807827877,0.0021326550010886524
0.4,-0.406014169896044,0.0024776125306668353,0.0021129716977434355
0.4,-0.396014169896044,0.002460225350245352,0.0020960201774633492
0.4,-0.386014169896044,0.0024466002676721706,0.0020822185429632965
0.4,-0.37601416989604397,0.0024372366531400565,0.0020720080938741027
0.4,-0.36601416989604396,0.0024326590829053373,0.002065853768321406
0.4,-0.35601416989604395,0.0024334176735963694,0.0020642445611595626
0.4,-0.34601416989604394,0.0024400883849485626,0.0020676939169181584
0.4,-0.33601416989604393,0.002453273289148346,0.0020767400955332025
0.4,-0.3260141698960439,0.0024736008049456673,0.002091946508898221
0.4,-0.3160141698960439,0.002501725894747448,0.0021139020262981754
0.4,-0.3060141698960439,0.0025383302229387518,0.002143221246802649
0.4,-0.2960141698960439,0.002584122273678959,0.0021805447366810425
0.4,-0.2860141698960439,0.002639837426528146,0.0022265392299804752
0.4,-0.2760141698960439,0.0027062379882309925,0.0022818977903724
0.4,-0.2660141698960439,0.002784113179121004,0.0023473399324779277
0.4,-0.25601416989604386,0.0028742790726101726,0.0024236117008756917
0.4,-0.24601416989604385,0.0029775784863458102,0.0025114857050873994
0.4,-0.23601416989604385,0.003094880823649909,0.0026117611088596025
0.4,-0.22601416989604384,0.003227081863990768,0.002725263572169916
0.4,-0.21601416989604383,0.003375103501274177,0.002852845144416016
0.4,-0.20601416989604382,0.0035398934288752453,0.0029953841073585164
0.4,-0.1960141698960438,0.0037224247704176244,0.0031537847664629393
0.4,-0.1860141698960438,0.003923695655408866,0.00332897718937565
0.4,-0.1760141698960438,0.004144728738968208,0.0035219168903816243
0.4,-0.16601416989604378,0.00438657066498602,0.00373358445978603
0.4,-0.15601416989604378,0.00465029147218053,0.003964985137277344
0.4,-0.14601416989604377,0.004936983942645363,0.004217148328448425
0.4,-0.13601416989604376,0.005247762892613555,0.004491127063776212
0.4,-0.12601416989604375,0.005583764405289568,0.004787997399481352
0.4,-0.11601416989604374,0.005946145005741091,0.005108857759823593
0.4,-0.10601416989604373,0.006336080777994531,0.005454828220535059
0.4,-0.09601416989604372,0.006754766424594629,0.005827049733211513
0.4,-0.08601416989604371,0.0072034142690672095,0.006226683290653492
0.4,-0.0760141698960437,0.007683253201834165,0.006654909033265128
0.4,-0.0660141698960437,0.008195527570305996,0.00711292529679127
0.4,-0.056014169896043686,0.00874149601401855,0.007601947601818714
0.4,-0.04601416989604368,0.009322430245811338,0.008123207585604843
0.4,-0.03601416989604367,0.009939613780225296,0.008677951876977676
0.4,-0.02601416989604366,0.010594340610411646,0.00926744091517726
0.4,-0.01601416989604365,0.01128791383502715,0.009892947713693898
0.4,-0.006014169896043642,0.012021644236688086,0.010555756570272953
0.4,0.003985830103956367,0.012796848813769515,0.011257161724469182
0.4,0.013985830103956154,0.013614849267383987,0.011998465964207922
0.4,0.023985830103956385,0.014476970445609461,0.012780979183043573
0.4,0.033985830103956616,0.015384538747097568,0.013606016889892944
0.4,0.0439858301039564,0.016338880486351615,0.014474898673190375
0.4,0.05398583010395619,0.017341320223115846,0.015388946621576149
0.4,0.06398583010395642,0.018393179058376428,0.01634948370331598
0.4,0.07398583010395665,0.019495772899661708,0.01735783210684427
0.4,0.08398583010395644,0.020650410698386135,0.0184153115449085
0.4,0.09398583010395622,0.02185839266212552,0.019523237524950228
0.4,0.10398583010395646,0.023121008444783403,0.02068291958845553
0.4,0.11398583010395669,0.02443953531772062,0.021895659522139548
0.4,0.12398583010395647,0.025815236324995255,0.02316274954392917
0.4,0.13398583010395626,0.027249358425944597,0.024485470466814947
0.4,0.1439858301039565,0.02874313062840369,0.025865089843732023
0.4,0.15398583010395672,0.0302977621159338,0.02730286009673044
0.4,0.1639858301039565,0.03191444037247909,0.02880001663376748
0.4,0.1739858301039563,0.03359432930790481,0.03035777595651677
0.4,0.18398583010395653,0.035338567387947266,0.031977333762685634
0.4,0.19398583010395676,0.037148265772093264,0.03365986304635301
0.4,0.20398583010395654,0.03902450646295847,0.03540651219991262
0.4,0.21398583010395633,0.04096834047072511,0.0372184031212276
0.4,0.22398583010395656,0.04298078599623743,0.03909662932966122
0.4,0.2339858301039568,0.045062826636296814,0.04104225409462623
0.4,0.24398583010395658,0.04721540961473941,0.04305630858035409
0.4,0.25398583010395637,0.04943944404281899,0.045139790010556215
0.4,0.2639858301039566,0.05173579921240334,0.047293659856658225
0.4,0.27398583010395683,0.05410530292544055,0.04951884205326298
0.4,0.2839858301039566,0.056548739863124683,0.05181622124449213
0.4,0.2939858301039564,0.059066849998096096,0.05418664106479181
0.4,0.30398583010395663,0.06166032705298837,0.05663090245778087
0.4,0.31398583010395686,0.06432981700852171,0.059149762036636876
0.4,0.32398583010395665,0.06707591666428306,0.06174393048947372
0.4,0.33398583010395644,0.06989917225522889,0.06441407103308333
0.4,0.34398583010395667,0.07280007812686468,0.0671607979183494
0.4,0.3539858301039569,0.07577907547192403,0.06998467499053387
0.4,0.3639858301039567,0.07883655113128725,0.07288621430756609
0.4,0.3739858301039565,0.08197283646172437,0.07586587481933296
0.4,0.3839858301039567,0.08518820627296393,0.0789240611108939
0.4,0.39398583010395694,0.08848287783641057,0.08206112221238701
0.4,0.4039858301039567,0.09185700996772644,0.08527735047829531
0.4,0.4139858301039565,0.09531070218535026,0.08857298053861001
0.4,0.42398583010395674,0.09884399394683487,0.09194818832425483
0.4,0.43398583010395697,0.10245686396480369,0.09540309016905112
0.4,0.44398583010395676,0.10614922960409441,0.09893774199029205
0.4,0.45398583010395654,0.1099209463615442,0.10255213854987927
0.4,0.4639858301039568,0.11377180742968766,0.1062462127977993
0.4,0.473985830103957,0.11770154334547539,0.11001983529955815
0.4,0.4839858301039568,0.12170982172493879,0.11387281374901323
0.4,0.4939858301039566,0.12579624708458514,0.11780489256789586
0.4,0.5039858301039568,0.12996036075008235,0.12181575259310169
0.4,0.513985830103957,0.13420164085267075,0.12590501085269146
0.4,0.5239858301039568,0.13851950241353633,0.13007222043134406
0.4,0.5339858301039566,0.14291329751618695,0.13431687042580762
0.4,0.5439858301039568,0.14738231556674575,0.138638385990752
0.4,0.5539858301039571,0.15192578364185588,0.14303612847520655
0.4,0.5639858301039569,0.15654286692373298,0.14750939564959561
0.4,0.5739858301039567,0.16123266922174834,0.1520574220232184
0.4,0.5839858301039569,0.16599423357971513,0.15667937925180137
0.4,0.5939858301039571,0.17082654296791838,0.16137437663460236
0.4,0.6039858301039569,0.1757285210587659,0.166141461700366
0.4,0.6139858301039567,0.18069903308473767,0.17097962088121982
0.4,0.6239858301039569,0.18573688677720182,0.17588778027346694
0.4,0.6339858301039571,0.19084083338447322,0.1808648064840261
0.4,0.6439858301039569,0.19600956876738648,0.18590950756113975
0.4,0.6539858301039567,0.20124173457045288,0.19102063400775482
0.4,0.663985830103957,0.20653591946658983,0.1961968798758732
0.4,0.6739858301039572,0.21189066047324095,0.20143688393997705
0.4,0.683985830103957,0.2173044443375924,0.20673923094749955
0.4,0.6939858301039568,0.22277570898848023,0.21210245294417313
0.4,0.703985830103957,0.22830284505243031,0.21752503067191564
0.4,0.7139858301039572,0.233884197431224,0.22300539503683153
0.4,0.723985830103957,0.2395180669382242,0.22854192864472977
0.4,0.7339858301039568,0.24520271199063345,0.2341329674014657
0.4,0.743985830103957,0.25093635035477035,0.23977680217530067
0.4,0.7539858301039573,0.2567171609413516,0.24547168051835175
0.4,0.763985830103957,0.262543285647702,0.25121580844410885
0.4,0.7739858301039568,0.26841283124377313,0.2570073522579243
0.4,0.7839858301039571,0.27432387129874813,0.2628444404372565
0.4,0.7939858301039573,0.2802744481449989,0.268725165558404
0.4,0.8039858301039571,0.286262574876115,0.2746475862663932
0.4,0.8139858301039569,0.2922862373756593,0.28060972928459726
0.4,0.8239858301039571,0.29834339637331986,0.2866095914606421
0.4,0.8339858301039573,0.3044319895250792,0.29264514184508755
0.4,0.8439858301039571,0.31054993351402194,0.2987143237993445
0.4,0.8539858301039569,0.3166951261683941,0.30481505712925405
0.4,0.8639858301039571,0.3228654485935414,0.3109452402407432
0.4,0.8739858301039574,0.3290587673143352,0.31710275231393537
0.4,0.8839858301039571,0.33527293642475814,0.32328545549212406
0.4,0.8939858301039569,0.3415057997412968,0.32949119708198205
0.4,0.9039858301039572,0.3477551929568621,0.3357178117614208
0.4,0.9139858301039574,0.35401894579196475,0.3419631237915093
0.4,0.9239858301039572,0.36029488413993604,0.3482249492288985
0.4,0.933985830103957,0.3665808322030318,0.3545010981352335
0.4,0.9439858301039572,0.3728746146163101,0.3607893767800651
0.4,0.9539858301039574,0.3791740585562243,0.3670875898338148
0.4,0.9639858301039572,0.3854769958309835,0.3733935425474366
0.4,0.973985830103957,0.3917812649497406,0.3797050429154209
0.4,0.9839858301039572,0.39808471316780925,0.38601990381891016
0.4,0.9939858301039575,0.40438519850514276,0.3923359451457227
0.4,1.0039858301039573,0.4106805917354377,0.39865099588419706
0.4,1.013985830103957,0.41696877834328144,0.4049628961878242
0.4,1.0239858301039573,0.423247660446871,0.4112694994077359
0.4,1.0339858301039575,0.4295151586839445,0.41756867409022297
0.4,1.0439858301039573,0.4357692140586295,0.4238583059365291
0.4,1.053985830103957,0.44200778974705945,0.4301362997223002
0.4,1.0639858301039573,0.4482288728596834,0.43640058117415165
0.4,1.0739858301039575,0.4544304761583162,0.4426490988009402
0.4,1.0839858301039573,0.4606106397260896,0.448879825677441
0.4,1.0939858301039571,0.4667674325885718,0.45509076117824654
0.4,1.1039858301039573,0.4728989542844278,0.46127993265981687
0.4,1.1139858301039576,0.47900333638412596,0.46744539708874994
0.4,1.1239858301039574,0.4850787439552987,0.4735852426144552
0.4,1.1339858301039571,0.4911233769734735,0.47969759008453644
0.4,1.1439858301039574,0.4971354716770224,0.4857805945013306
0.4,1.1539858301039576,0.5031133018652816,0.4918324464181725
0.4,1.1639858301039574,0.5090551801389044,0.4978513732740787
0.4,1.1739858301039572,0.514959459081638,0.5038356406656942
0.4,1.1839858301039574,0.5208245323828069,0.5097835535554508
0.4,1.1939858301039576,0.5266488358999142,0.5156934574150394
0.4,1.2039858301039574,0.5324308486608708,0.5215637393034168
0.4,1.2139858301039572,0.5381690938054777,0.5273928288787044
0.4,1.2239858301039575,0.5438621394658831,0.5331791993434549
0.4,1.2339858301039577,0.5495085995858425,0.5389213683229013
0.4,1.2439858301039575,0.5551071346787235,0.5446178986759275
0.4,1.2539858301039573,0.5606564525242692,0.5502673992386147
0.4,1.2639858301039575,0.5661553088042575,0.555868525500351
0.4,1.2739858301039577,0.5716025076772616,0.5614199802126014
0.4,1.2839858301039575,0.5769969022928356,0.5669205139305693
0.4,1.2939858301039573,0.5823373952454988,0.5723689254880697
0.4,1.3039858301039575,0.587622938969011,0.5777640624060729
0.4,1.3139858301039578,0.5928525360714874,0.5831048212354647
0.4,1.3239858301039575,0.5980252396119887,0.5883901478346889
0.4,1.3339858301039573,0.6031401533192959,0.5936190375830348
0.4,1.3439858301039576,0.6081964317536381,0.5987905355304235
0.4,1.3539858301039578,0.6131932804122211,0.6039037364846543
0.4,1.3639858301039576,0.6181299557794571,0.6089577850371527
0.4,1.3739858301039574,0.6230057653228618,0.6139518755283556
0.4,1.3839858301039576,0.6278200674356256,0.6188852519539383
0.4,1.3939858301039578,0.632572271326941,0.6237572078131887
0.4,1.4039858301039576,0.637261836861189,0.6285670859008815
0.4,1.4139858301039574,0.6418882743471499,0.633314278044097
0.4,1.4239858301039576,0.6464511442784401,0.6379982247854803
0.4,1.4339858301039579,0.6509500570263989,0.6426184150144987
0.4,1.4439858301039576,0.6553846724867126,0.6471743855483229
0.4,1.4539858301039574,0.6597546996810575,0.6516657206639912
0.4,1.4639858301039577,0.664059896315099,0.6560920515835779
0.4,1.473985830103958,0.668300068294186,0.6604530559141185
0.4,1.4839858301039577,0.6724750691981168,0.6647484570440945
0.4,1.4939858301039575,0.6765847997163545,0.6689780234982992
0.4,1.5039858301039577,0.6806292070450959,0.6731415682529506
0.4,1.513985830103958,0.6846082842475967,0.6772389480129266
0.4,1.5239858301039577,0.6885220695791785,0.6812700624530343
0.4,1.5339858301039575,0.6923706457783358,0.685234853425228
0.4,1.5439858301039577,0.6961541393253671,0.6891333041337073
0.4,1.553985830103958,0.6998727196699599,0.6929654382798388
0.4,1.5639858301039578,0.7035265984291537,0.6967313191788407
0.4,1.5739858301039575,0.7071160285570988,0.7004310488501775
0.4,1.5839858301039578,0.7106413034880263,0.7040647670836008
0.4,1.593985830103958,0.7141027562538376,0.7076326504827707
0.4,1.6039858301039578,0.7175007585777036,0.7111349114883777
0.4,1.6139858301039576,0.720835719945067,0.7145717973826716
0.4,1.6239858301039578,0.7241080866534131,0.7179435892772876
0.4,1.633985830103958,0.7273183408421662,0.7212506010862308
0.4,1.6439858301039578,0.7304669995040598,0.7244931784858718
0.4,1.6539858301039576,0.7335546134792972,0.7276716978637613
0.4,1.6639858301039578,0.7365817664338167,0.7307865652580553
0.4,1.673985830103958,0.7395490738229409,0.7338382152892987
0.4,1.6839858301039579,0.742457181841689,0.7368271100862949
0.4,1.6939858301039576,0.7453067663629904,0.7397537382077342
0.4,1.7039858301039579,0.7480985318650326,0.7426186135612295
0.4,1.713985830103958,0.7508332103489443,0.7454222743213544
0.4,1.723985830103958,0.7535115602480026,0.7481652818482472
0.4,1.7339858301039577,0.7561343653295198,0.7508482196082862
0.4,1.743985830103958,0.7587024335905534,0.7534716920983082
0.4,1.7539858301039581,0.7612165961485502,0.7560363237747806
0.4,1.763985830103958,0.763677706128024,0.758542757989301
0.4,1.7739858301039577,0.7660866375443327,0.7609916559317391
0.4,1.783985830103958,0.7684442841856056,0.7633836955822846
0.4,1.7939858301039582,0.7707515584938438,0.7657195706736186
0.4,1.803985830103958,0.7730093904461985,0.7679999896643652
0.4,1.8139858301039578,0.7752187264374094,0.7702256747249328
0.4,1.823985830103958,0.7773805281643565,0.772397360736793
0.4,1.8339858301039582,0.7794957715136704,0.7745157943062025
0.4,1.843985830103958,0.7815654454533073,0.7765817327933031
0.4,1.8539858301039578,0.7835905509289931,0.7785959433574948
0.4,1.863985830103958,0.7855720997664022,0.7805592020199138
0.4,1.8739858301039582,0.7875111135799293,0.7824722927437942
0.4,1.883985830103958,0.7894086226888871,0.7843360065334407
0.4,1.8939858301039578,0.7912656650419411,0.786151140552485
0.4,1.903985830103958,0.79308328515058,0.7879184972620409
0.4,1.9139858301039583,0.7948625330323935,0.7896388835793272
0.4,1.923985830103958,0.7966044631649183,0.7913131100572726
0.4,1.9339858301039579,0.7983101334507885,0.7929419900855632
0.4,1.943985830103958,0.7999806041949117,0.7945263391135471
0.4,1.9539858301039583,0.8016169370943764,0.7960669738953567
0.4,1.963985830103958,0.8032201942417733,0.7975647117575679
0.4,1.973985830103958,0.804791437142603,0.799020369889658
0.4,1.9839858301039581,0.8063317257474204,0.8004347646574878
0.4,1.9939858301039584,0.8078421174993484,0.8018087109399804
0.5,-1.9960141698960454,0.012053058299052065,0.009406886985821344
0.5,-1.9860141698960454,0.011421808696748895,0.008899658775673808
0.5,-1.9760141698960454,0.010825234195775451,0.00842080160785838
0.5,-1.9660141698960454,0.010261948785020505,0.00796918277013614
0.5,-1.9560141698960454,0.009730590108151072,0.007543687139215466
0.5,-1.9460141698960454,0.009229820614929864,0.007143218260803913
0.5,-1.9360141698960454,0.008758328637542586,0.006766699367639628
0.5,-1.9260141698960453,0.008314829391360834,0.006413074334574692
0.5,-1.9160141698960453,0.007898065899734059,0.0060813085699360225
0.5,-1.9060141698960453,0.007506809842638022,0.0057703898425929545
0.5,-1.8960141698960453,0.0071398623291383904,0.005479329044289105
0.5,-1.8860141698960453,0.006796054593844943,0.005207160886989054
0.5,-1.8760141698960453,0.0064742486176939,0.004952944535144083
0.5,-1.8660141698960453,0.006173337673575973,0.004715764172948583
0.5,-1.8560141698960453,0.005892246797486745,0.004494729506811623
0.5,-1.8460141698960453,0.005629933186059249,0.004288976203439432
0.5,-1.8360141698960453,0.0053853865214746706,0.004097666264061134
0.5,-1.8260141698960453,0.005157629224929276,0.003919988335501584
0.5,-1.8160141698960452,0.004945716639948989,0.0037551579589250594
0.5,-1.8060141698960452,0.004748737147025772,0.003602417757245846
0.5,-1.7960141698960452,0.00456581221113792,0.00346103756230276
0.5,-1.7860141698960452,0.004396096363894377,0.003330314483063007
0.5,-1.7760141698960452,0.004238777122122173,0.003209572916214626
0.5,-1.7660141698960452,0.004093074844864121,0.0030981645006518954
0.5,-1.7560141698960452,0.003958242530811403,0.002995468017434777
0.5,-1.7460141698960452,0.0038335655583738564,0.0029008892369699057
0.5,-1.7360141698960452,0.0037183613705814474,0.0028138607151857176
0.5,-1.7260141698960452,0.0036119791071776183,0.0027338415406307492
0.5,-1.7160141698960452,0.00351379918629441,0.002660317034476112
0.5,-1.7060141698960452,0.003423232838159654,0.0025927984054773257
0.5,-1.6960141698960451,0.003339721593385254,0.002530822362052293
0.5,-1.6860141698960451,0.0032627367283807737,0.002473950683654913
0.5,-1.6760141698960451,0.0031917786705190857,0.0024217697537104454
0.5,-1.6660141698960451,0.0031263763656823058,0.002373890056403205
0.5,-1.656014169896045,0.0030660866108701158,0.002329945639669123
0.5,-1.646014169896045,0.00301049335452528,0.002289593546745211
0.5,-1.636014169896045,0.0029592069672988957,0.002252513218697072
0.5,-1.626014169896045,0.002911863485896075,0.002218405870300477
0.5,-1.616014169896045,0.0028681238327259626,0.0021869938417301282
0.5,-1.606014169896045,0.0028276730139772895,0.002158019928444277
0.5,-1.596014169896045,0.002790219298792127,0.0021312466917032535
0.5,-1.586014169896045,0.0027554933821146935,0.002106455752097003
0.5,-1.576014169896045,0.002723247533800445,0.0020834470684695516
0.5,-1.566014169896045,0.0026932547365206474,0.0020620382045961894
0.5,-1.556014169896045,0.0026653078149058394,0.0020420635859027814
0.5,-1.546014169896045,0.002639218558387275,0.002023373748529622
0.5,-1.536014169896045,0.00261481684006239,0.0020058345829414848
0.5,-1.526014169896045,0.0025919497338914043,0.001989326574268452
0.5,-1.516014169896045,0.0025704806324462204,0.001973744041493003
0.5,-1.506014169896045,0.0025502883673351588,0.0019589943775190632
0.5,-1.496014169896045,0.0025312663343943823,0.001944997292125994
0.5,-1.486014169896045,0.0025133216256023683,0.0019316840596995954
0.5,-1.476014169896045,0.0024963741696165383,0.0019189967735777358
0.5,-1.466014169896045,0.0024803558827413384,0.0019068876087675324
0.5,-1.456014169896045,0.002465209832018767,0.0018953180946879311
0.5,-1.446014169896045,0.0024508894120748733,0.0018842583995319906
0.5,-1.436014169896045,0.002437357537224755,0.0018736866277279385
0.5,-1.426014169896045,0.002424585850267569,0.001863588131906041
0.5,-1.416014169896045,0.002412553949282354,0.0018539548406682482
0.5,-1.4060141698960449,0.0024012486336593723,0.0018447846033798065
0.5,-1.3960141698960449,0.002390663170479078,0.0018360805530885371
0.5,-1.3860141698960449,0.0023807965822725424,0.0018278504885966274
0.5,-1.3760141698960449,0.0023716529570860746,0.0018201062766032006
0.5,-1.3660141698960448,0.0023632407816774645,0.0018128632747413387
0.5,-1.3560141698960448,0.0023555722985909924,0.0018061397762487996
0.5,-1.3460141698960448,0.0023486628877311434,0.0017999564768922671
0.5,-1.3360141698960448,0.002342530473004173,0.001794335964702437
0.5,-1.3260141698960448,0.0023371949544707562,0.001789302232958423
0.5,-1.3160141698960448,0.0023326776663975713,0.0017848802167940991
0.5,-1.3060141698960448,0.0023290008614776712,0.0017810953536863405
0.5,-1.2960141698960448,0.0023261872214458417,0.0017779731680285793
0.5,-1.2860141698960448,0.0023242593942061096,0.0017755388798879335
0.5,-1.2760141698960448,0.0023232395575289466,0.0017738170379765494
0.5,-1.2660141698960448,0.002323149009315706,0.0017728311768006877
0.5,-1.2560141698960448,0.002324007784329883,0.0017726034978560734
0.5,-1.2460141698960447,0.002325834297273517,0.0017731545747016464
0.5,-1.2360141698960447,0.002328645011990393,0.001774503081651585
0.5,-1.2260141698960447,0.0023324541365556304,0.0017766655457905067
0.5,-1.2160141698960447,0.0023372733439377662,0.0017796561219441398
0.5,-1.2060141698960447,0.002343111517887799,0.0017834863901977915
0.5,-1.1960141698960447,0.0023499745236728394,0.0017881651755125572
0.5,-1.1860141698960447,0.0023578650032127333,0.0017936983889310087
0.5,-1.1760141698960447,0.002366782194178012,0.001800088889852114
0.5,-1.1660141698960447,0.0023767217725566996,0.001807336368806256
0.5,-1.1560141698960447,0.0023876757181770115,0.0018154372501367477
0.5,-1.1460141698960447,0.0023996322026756927,0.00182438461398865
0.5,-1.1360141698960446,0.0024125754993468535,0.0018341681369584972
0.5,-1.1260141698960446,0.0024264859143433393,0.001844774050782011
0.5,-1.1160141698960446,0.0024413397386419873,0.001856185118388587
0.5,-1.1060141698960446,0.0024571092202454797,0.001868380626696059
0.5,-1.0960141698960446,0.002473762556029081,0.0018813363954714446
0.5,-1.0860141698960446,0.00249126390267954,0.0018950248016146032
0.5,-1.0760141698960446,0.0025095734061867424,0.0019094148182352277
0.5,-1.0660141698960446,0.002528647249329721,0.0019244720678845972
0.5,-1.0560141698960446,0.0025484377166402387,0.0019401588893413202
0.5,-1.0460141698960446,0.0025688932763144423,0.0019564344173488013
0.5,-1.0360141698960446,0.002589958678586749,0.0019732546747445456
0.5,-1.0260141698960445,0.0026115750700801046,0.0019905726764322396
0.5,-1.0160141698960445,0.0026336801236675955,0.0020083385446751922
0.5,-1.0060141698960445,0.0026562081834300495,0.0020264996352405973
0.5,-0.9960141698960445,0.0026790904242683655,0.002045000673918912
0.5,-0.9860141698960445,0.0027022550257965,0.0020637839030086813
0.5,-0.9760141698960445,0.002725627360147486,0.002082789237378535
0.5,-0.9660141698960445,0.0027491301933530066,0.0021019544297563864
0.5,-0.9560141698960445,0.002772683899976101,0.0021212152449285038
0.5,-0.9460141698960445,0.0027962066907076125,0.002140505642572843
0.5,-0.9360141698960445,0.0028196148526646414,0.0021597579684914936
0.5,-0.9260141698960445,0.002842823002142661,0.0021789031540364046
0.5,-0.9160141698960445,0.0028657443495941058,0.002197870923558859
0.5,-0.9060141698960444,0.0028882909766500984,0.002216590009766123
0.5,-0.8960141698960444,0.002910374124989942,0.0022349883768799372
0.5,-0.8860141698960444,0.0029319044968970863,0.002252993451537566
0.5,-0.8760141698960444,0.002952792567365844,0.0022705323614151673
0.5,-0.8660141698960444,0.0029729489076079137,0.002287532181561913
0.5,-0.8560141698960444,0.0029922845198529033,0.002303920188486408
0.5,-0.8460141698960444,0.003010711183324042,0.002319624122046199
0.5,-0.8360141698960444,0.0030281418112778112,0.0023345724552151503
0.5,-0.8260141698960444,0.0030444908190128653,0.0023486946718334345
0.5,-0.8160141698960444,0.003059674502739802,0.0023619215524512127
0.5,-0.8060141698960444,0.0030736114292100243,0.0023741854683979047
0.5,-0.7960141698960443,0.003086222835986106,0.0023854206842116865
0.5,-0.7860141698960443,0.003097433042254636,0.002395563668591255
0.5,-0.7760141698960443,0.003107169870017675,0.0024045534139955915
0.5,-0.7660141698960443,0.0031153650755519216,0.002412331765068082
0.5,-0.7560141698960443,0.0031219547909476413,0.0024188437560129783
0.5,-0.7460141698960443,0.003126879975552809,0.0024240379570703297
0.5,-0.7360141698960443,0.0031300868771049,0.002427866830209624
0.5,-0.7260141698960443,0.0031315275023227965,0.002430287094159711
0.5,-0.7160141698960443,0.003131160096679679,0.0024312600988570243
0.5,-0.7060141698960443,0.003128949633066833,0.0024307522093872935
0.5,-0.6960141698960443,0.003124868308987516,0.0024287351994424777
0.5,-0.6860141698960442,0.0031188960519369625,0.0024251866543252287
0.5,-0.6760141698960442,0.0031110210325122293,0.0024200903834449283
0.5,-0.6660141698960442,0.003101240184821364,0.002413436842262834
0.5,-0.6560141698960442,0.0030895597336547402,0.0024052235635563524
0.5,-0.6460141698960442,0.003075995727881038,0.002395455597862639
0.5,-0.6360141698960442,0.0030605745794469877,0.0023841459628880235
0.5,-0.6260141698960442,0.003043333607331666,0.002371316101635379
0.5,-0.6160141698960442,0.0030243215857291028,0.0023569963489290247
0.5,-0.6060141698960442,0.003003599295710914,0.0023412264059836096
0.5,-0.5960141698960442,0.002981240079536198,0.002324055822581994
0.5,-0.5860141698960442,0.002957330396734304,0.002305544486375849
0.5,-0.5760141698960441,0.002931970381036468,0.002285763118764411
0.5,-0.5660141698960441,0.0029052743971616406,0.002264793776730639
0.5,-0.5560141698960441,0.002877371596424678,0.0022427303599621418
0.5,-0.5460141698960441,0.0028484064700595472,0.0022196791225018164
0.5,-0.5360141698960441,0.002818539399126005,0.002195759188128338
0.5,-0.5260141698960441,0.0027879471997852476,0.002171103068576291
0.5,-0.5160141698960441,0.0027568236627003168,0.0021458571836547036
0.5,-0.5060141698960441,0.0027253800852686566,0.0021201823822563637
0.5,-0.4960141698960441,0.00269384579532416,0.0020942544631672166
0.5,-0.48601416989604407,0.0026624686649477512,0.0020682646945550665
0.5,-0.47601416989604406,0.0026315156129275864,0.0020424203309113986
0.5,-0.46601416989604405,0.002601273094426185,0.0020169451262000704
0.5,-0.45601416989604404,0.002572047576336846,0.0019920798418777697
0.5,-0.44601416989604403,0.00254416599680704,0.0019680827484149233
0.5,-0.436014169896044,0.00251797620736583,0.001945230118882535
0.5,-0.426014169896044,0.002493847396071509,0.0019238167131221395
0.5,-0.416014169896044,0.0024721704900800548,0.0019041562509720111
0.5,-0.406014169896044,0.002453358536027459,0.0018865818729852102
0.5,-0.396014169896044,0.002437847056588651,0.0018714465870208474
0.5,-0.386014169896044,0.002426094381595812,0.001859123699074372
0.5,-0.37601416989604397,0.0024185819520863763,0.0018500072266733059
0.5,-0.36601416989604396,0.0024158145956616884,0.0018445122931441127
0.5,-0.35601416989604395,0.0024183207715472122,0.001843075501035324
0.5,-0.34601416989604394,0.002426652783754579,0.0018461552829626415
0.5,-0.33601416989604393,0.002441386960796793,0.0018542322281546453
0.5,-0.3260141698960439,0.002463123800395589,0.0018678093829448406
0.5,-0.3160141698960439,0.0024924880776826547,0.001887412523480514
0.5,-0.3060141698960439,0.002530128915439636,0.0019135903989309366
0.5,-0.2960141698960439,0.002576719814930539,0.0019469149434652167
0.5,-0.2860141698960439,0.0026329586459951843,0.00198798145533971
0.5,-0.2760141698960439,0.0026995675950507,0.002037408741403929
0.5,-0.2660141698960439,0.002777293069788732,0.002095839225426721
0.5,-0.25601416989604386,0.0028669055593625115,0.0021639390186390106
0.5,-0.24601416989604385,0.0029691994489776576,0.0022423979509708925
0.5,-0.23601416989604385,0.0030849927878361747,0.002331929561481788
0.5,-0.22601416989604384,0.0032151270095183574,0.002433271046580282
0.5,-0.21601416989604383,0.0033604666039245886,0.0025471831646571574
0.5,-0.20601416989604382,0.003521898740031338,0.002674450095855818
0.5,-0.1960141698960438,0.003700332838798715,0.0028158792557704815
0.5,-0.1860141698960438,0.0038967000956650925,0.002972301061942545
0.5,-0.1760141698960438,0.004111952952186868,0.0031445686521264504
0.5,-0.16601416989604378,0.004347064516478139,0.003333557553380384
0.5,-0.15601416989604378,0.00460302793222412,0.0035401653011404854
0.5,-0.14601416989604377,0.004880855696161402,0.0037653110075432372
0.5,-0.13601416989604376,0.005181578924040643,0.004009934878371618
0.5,-0.12601416989604375,0.005506246565202151,0.00427499767810835
0.5,-0.11601416989604374,0.0058559245660232155,0.0045614801426996365
0.5,-0.10601416989604373,0.006231694982634928,0.004870382339763446
0.5,-0.09601416989604372,0.006634655043408674,0.005202722976081708
0.5,-0.08601416989604371,0.00706591616187585,0.005559538652369189
0.5,-0.0760141698960437,0.007526602900838172,0.005941883065415293
0.5,-0.0660141698960437,0.008017851888585151,0.0063508261578493486
0.5,-0.056014169896043686,0.008540810688258396,0.006787453215909567
0.5,-0.04601416989604368,0.009096636621514383,0.00725286391571861
0.5,-0.03601416989604367,0.009686495547797973,0.007748171318730068
0.5,-0.02601416989604366,0.010311560600632343,0.008274500817122554
0.5,-0.01601416989604365,0.01097301088249344,0.008832989030083838
0.5,-0.006014169896043642,0.01167203011991225,0.009424782652029423
0.5,0.003985830103956367,0.012409805280640167,0.010051037253990341
0.5,0.013985830103956154,0.013187525154737336,0.01071291603947136
0.5,0.023985830103956385,0.014006378901656227,0.011411588556288904
0.5,0.033985830103956616,0.014867554565430364,0.012148229365975843
0.5,0.0439858301039564,0.015772237560212548,0.012924016672491406
0.5,0.05398583010395619,0.016721609128534588,0.013740130912121562
0.5,0.06398583010395642,0.017716844774695602,0.014597753306532124
0.5,0.07398583010395665,0.01875911267584825,0.015498064381110954
0.5,0.08398583010395644,0.019849572073384947,0.016442242450811162
0.5,0.09398583010395622,0.020989371647345104,0.01743146207584842
0.5,0.10398583010395646,0.02217964787661226,0.018466892489692438
0.5,0.11398583010395669,0.02342152338775857,0.01954969600191031
0.5,0.12398583010395647,0.024716105295445497,0.020681026378508188
0.5,0.13398583010395626,0.026064483537350813,0.021862027202513346
0.5,0.1439858301039565,0.027467729206632364,0.023093830217617878
0.5,0.15398583010395672,0.028926892884995455,0.024377553657795037
0.5,0.1639858301039565,0.030443002979454008,0.025714300565863824
0.5,0.1739858301039563,0.03201706406589009,0.02710515710403283
0.5,0.18398583010395653,0.03365005524257275,0.028551190859540748
0.5,0.19398583010395676,0.035342928496765486,0.030053449148529476
0.5,0.20398583010395654,0.037096607087584714,0.031612957321350554
0.5,0.21398583010395633,0.0389119839482452,0.033230717072524646
0.5,0.22398583010395656,0.040789920110849684,0.03490770475862609
0.5,0.2339858301039568,0.042731243156807985,0.03664486972734485
0.5,0.24398583010395658,0.04473674569599745,0.038443132661030444
0.5,0.25398583010395637,0.04680718387770277,0.04030338393799662
0.5,0.2639858301039566,0.0489432759363477,0.04222648201487342
0.5,0.27398583010395683,0.051145700774967134,0.04421325183327052
0.5,0.2839858301039566,0.05341509658933247,0.046264483254010835
0.5,0.2939858301039564,0.05575205953554051,0.048380929522135546
0.5,0.30398583010395663,0.058157142443845636,0.05056330576587578
0.5,0.31398583010395686,0.06063085358139794,0.0528122875327115
0.5,0.32398583010395665,0.06317365546648528,0.05512850936560154
0.5,0.33398583010395644,0.06578596373677127,0.05751256342239583
0.5,0.34398583010395667,0.0684681460739371,0.0599649981413834
0.5,0.3539858301039569,0.07122052118700493,0.062486316955833815
0.5,0.3639858301039567,0.07404335785653779,0.06507697706032686
0.5,0.3739858301039565,0.07693687404176057,0.06773738823154729
0.5,0.3839858301039567,0.07990123605256638,0.07046791170615527
0.5,0.39398583010395694,0.08293655778820065,0.07326885911820269
0.5,0.4039858301039567,0.08604290004431427,0.07614049149847796
0.5,0.4139858301039565,0.08922026988994475,0.07908301833804465
0.5,0.42398583010395674,0.09246862011580209,0.08209659671808467
0.5,0.43398583010395697,0.09578784875516537,0.08518133050808135
0.5,0.44398583010395676,0.09917779867847906,0.08833726963418934
0.5,0.45398583010395654,0.10263825726263619,0.09156440941953506
0.5,0.4639858301039568,0.10616895613576857,0.0948626899980351
0.5,0.473985830103957,0.1097695709982184,0.09823199580317693
0.5,0.4839858301039568,0.1134397215201988,0.10167215513304753
0.5,0.4939858301039566,0.1171789713165309,0.10518293979276416
0.5,0.5039858301039568,0.12098682799863875,0.10876406481526937
0.5,0.513985830103957,0.1248627433038827,0.11241518826133165
0.5,0.5239858301039568,0.12880611330213182,0.11613591109941435
0.5,0.5339858301039566,0.13281627867930437,0.11992577716589967
0.5,0.5439858301039568,0.13689252509750452,0.12378427320602858
0.5,0.5539858301039571,0.14103408363118503,0.12771082899572014
0.5,0.5639858301039569,0.14524013127863616,0.13170481754428182
0.5,0.5739858301039567,0.14950979154797156,0.13576555537787358
0.5,0.5839858301039569,0.15384213511659994,0.13989230290339408
0.5,0.5939858301039571,0.15823618056306502,0.14408426485232353
0.5,0.6039858301039569,0.16269089517000224,0.14834059080389822
0.5,0.6139858301039567,0.16720519579678803,0.15266037578680342
0.5,0.6239858301039569,0.1717779498203768,0.15704266095845262
0.5,0.6339858301039571,0.17640797614265818,0.16148643436073762
0.5,0.6439858301039569,0.1810940462625903,0.16599063175101764
0.5,0.6539858301039567,0.18583488541119242,0.17055413750692394
0.5,0.663985830103957,0.19062917374742908,0.17517578560345823
0.5,0.6739858301039572,0.1954755476128744,0.1798543606606938
0.5,0.683985830103957,0.20037260084296343,0.18458859906026745
0.5,0.6939858301039568,0.20531888613255375,0.189377190128726
0.5,0.703985830103957,0.210312916453397,0.19421877738563897
0.5,0.7139858301039572,0.21535316652109826,0.19911195985431387
0.5,0.723985830103957,0.22043807430901055,0.20405529343279444
0.5,0.7339858301039568,0.22556604260647695,0.20904729232273722
0.5,0.743985830103957,0.23073544061877138,0.21408643051366133
0.5,0.7539858301039573,0.23594460560601938,0.21917114331995693
0.5,0.763985830103957,0.24119184455833606,0.22429982896795433
0.5,0.7739858301039568,0.2464754359044053,0.2294708502302896
0.5,0.7839858301039571,0.25179363125064147,0.23468253610469333
0.5,0.7939858301039573,0.2571446571480882,0.23993318353428927
0.5,0.8039858301039571,0.2625267168841809,0.2452210591664225
0.5,0.8139858301039569,0.26793799229646026,0.25054440114696186
0.5,0.8239858301039571,0.27337664560535296,0.25590142094700186
0.5,0.8339858301039573,0.27884082126310994,0.2612903052188282
0.5,0.8439858301039571,0.28432864781600603,0.26670921767798617
0.5,0.8539858301039569,0.2898382397769182,0.2721563010082626
0.5,0.8639858301039571,0.295367699505421,0.2776296787863779
0.5,0.8739858301039574,0.3009151190925416,0.2831274574231566
0.5,0.8839858301039571,0.306478582247383,0.2886477281179679
0.5,0.8939858301039569,0.31205616618281823,0.29418856882319827
0.5,0.9039858301039572,0.3176459434975363,0.2997480462155543
0.5,0.9139858301039574,0.32324598405173594,0.30532421767099044
0.5,0.9239858301039572,0.3288543568338352,0.31091513324008796
0.5,0.933985830103957,0.33446913181561344,0.31651883762074423
0.5,0.9439858301039572,0.3400883817932644,0.3221333721250581
0.5,0.9539858301039574,0.34571018421188615,0.32775677663733466
0.5,0.9639858301039572,0.3513326229710493,0.3333870915602113
0.5,0.973985830103957,0.3569537902090908,0.33902235974591155
0.5,0.9839858301039572,0.36257178806392054,0.3446606284097412
0.5,0.9939858301039575,0.36818473040815364,0.35029995102296674
0.5,1.0039858301039573,0.37379074455650885,0.3559383891823188
0.5,1.013985830103957,0.3793879729434633,0.36157401445341447
0.5,1.0239858301039573,0.38497457476925157,0.3672049101854785
0.5,1.0339858301039575,0.3905487276124041,0.37282917329484194
0.5,1.0439858301039573,0.3961086290070722,0.37844491601475816
0.5,1.053985830103957,0.40165249798352165,0.38405026760919664
0.5,1.0639858301039573,0.4071785765702356,0.3896433760483497
0.5,1.0739858301039575,0.41268513125617945,0.39522240964369665
0.5,1.0839858301039573,0.41817045441187345,0.40078555864057236
0.5,1.0939858301039571,0.42363286566801145,0.40633103676629156
0.5,1.1039858301039573,0.42907071325045076,0.41185708273197935
0.5,1.1139858301039576,0.434482375270513,0.4173619616863839
0.5,1.1239858301039574,0.43986626096961257,0.4228439666200493
0.5,1.1339858301039571,0.4452208119173275,0.42830141971833613
0.5,1.1439858301039574,0.4505445031621254,0.4337326736619024
0.5,1.1539858301039576,0.4558358443340467,0.4391361128733683
0.5,1.1639858301039574,0.46109338069872935,0.44451015470899885
0.5,1.1739858301039572,0.4663156941622675,0.44985325059436987
0.5,1.1839858301039574,0.4715014042264577,0.4551638871030811
0.5,1.1939858301039576,0.47664916889409564,0.46044058697771373
0.5,1.2039858301039574,0.4817576855240522,0.4656819100923365
0.5,1.2139858301039572,0.4868256916359521,0.47088645435598614
0.5,1.2239858301039575,0.4918519656643425,0.47605285655665625
0.5,1.2339858301039577,0.4968353276623243,0.48117979314544757
0.5,1.2439858301039575,0.5017746399546958,0.48626598096064955
0.5,1.2539858301039573,0.5066688077407144,0.49131017789162024
0.5,1.2639858301039575,0.5115167796466629,0.4963111834824563
0.5,1.2739858301039577,0.5163175482284652,0.501267839475537
0.5,1.2839858301039575,0.5210701504246652,0.5061790302951512
0.5,1.2939858301039573,0.5257736679601255,0.5110436834714909
0.5,1.3039858301039575,0.5304272277008795,0.5158607700054223
0.5,1.3139858301039578,0.5350300019606036,0.5206293046745221
0.5,1.3239858301039575,0.5395812087592378,0.5253483462809723
0.5,1.3339858301039573,0.5440801120343293,0.5300169978419953
0.5,1.3439858301039576,0.5485260218057051,0.5346344067235924
0.5,1.3539858301039578,0.5529182942941302,0.5391997647184414
0.5,1.3639858301039576,0.5572563319946489,0.5437123080688864
0.5,1.3739858301039574,0.5615395837053287,0.5481713174360319
0.5,1.3839858301039576,0.5657675445121576,0.5525761178160163
0.5,1.3939858301039578,0.5699397557308954,0.5569260784046327
0.5,1.4039858301039576,0.5740558048066702,0.5612206124115013
0.5,1.4139858301039574,0.5781153251721668,0.5654591768250866
0.5,1.4239858301039576,0.5821179960652558,0.5696412721298931
0.5,1.4339858301039579,0.5860635423069236,0.573766441977231
0.5,1.4439858301039576,0.5899517340404075,0.5778342728110026
0.5,1.4539858301039574,0.593782386432415,0.5818443934499922
0.5,1.4639858301039577,0.5975553593373487,0.5857964746281945
0.5,1.473985830103958,0.601270556925445,0.5896902284947487
0.5,1.4839858301039577,0.604927927275755,0.5935254080750844
0.5,1.4939858301039575,0.6085274619348926,0.5973018066949101
0.5,1.5039858301039577,0.6120691954424834,0.6010192573687059
0.5,1.513985830103958,0.6155532048242394,0.6046776321543987
0.5,1.5239858301039577,0.6189796090536004,0.6082768414759235
0.5,1.5339858301039575,0.6223485684828653,0.6118168334153822
0.5,1.5439858301039577,0.6256602842447441,0.6152975929765244
0.5,1.553985830103958,0.6289149976252515,0.6187191413212847
0.5,1.5639858301039578,0.632112989408865,0.6220815349811077
0.5,1.5739858301039575,0.6352545791968576,0.6253848650448014
0.5,1.5839858301039578,0.6383401246997155,0.6286292563246436
0.5,1.593985830103958,0.6413700210045372,0.6318148665024739
0.5,1.6039858301039578,0.6443446998183149,0.6349418852574801
0.5,1.6139858301039576,0.6472646286879755,0.6380105333773854
0.5,1.6239858301039578,0.6501303101980711,0.6410210618547212
0.5,1.633985830103958,0.652942281146975,0.643973750969849
0.5,1.6439858301039578,0.6557011117024648,0.6468689093623855
0.5,1.6539858301039576,0.6584074045375319,0.6497068730926441
0.5,1.6639858301039578,0.661061793947279,0.6524880046946923
0.5,1.673985830103958,0.6636649449477348,0.6552126922225882
0.5,1.6839858301039579,0.6662175523574345,0.6578813482913348
0.5,1.6939858301039576,0.6687203398625806,0.6604944091140484
0.5,1.7039858301039579,0.6711740590666199,0.663052333536812
0.5,1.713985830103958,0.6735794885250401,0.6655556020726379
0.5,1.723985830103958,0.6759374327662148,0.668004715935935
0.5,1.7339858301039577,0.6782487212990895,0.670400196078827
0.5,1.743985830103958,0.6805142076085291,0.6727425822306323
0.5,1.7539858301039581,0.6827347681391157,0.6750324319417684
0.5,1.763985830103958,0.6849113012682071,0.6772703196333045
0.5,1.7739858301039577,0.6870447262690532,0.6794568356533385
0.5,1.783985830103958,0.6891359822647667,0.6815925853413256
0.5,1.7939858301039582,0.6911860271739483,0.6836781881014452
0.5,1.803985830103958,0.6931958366487677,0.6857142764860404
0.5,1.8139858301039578,0.6951664030063005,0.6877014952901186
0.5,1.823985830103958,0.6970987341539219,0.689640500657851
0.5,1.8339858301039582,0.6989938525095702,0.6915319592019665
0.5,1.843985830103958,0.7008527939176807,0.6933765471368778
0.5,1.8539858301039578,0.7026766065616108,0.6951749494263347
0.5,1.863985830103958,0.7044663498733696,0.6969278589463517
0.5,1.8739858301039582,0.7062230934414738,0.6986359756641018
0.5,1.883985830103958,0.7079479159177631,0.7003000058334292
0.5,1.8939858301039578,0.7096419039240001,0.7019206612075759
0.5,1.903985830103958,0.7113061509590961,0.7034986582696794
0.5,1.9139858301039583,0.7129417563078091,0.7050347174815421
0.5,1.923985830103958,0.7145498239517625,0.7065295625511363
0.5,1.9339858301039579,0.7161314614836336,0.7079839197192529
0.5,1.943985830103958,0.7176877790253867,0.709398517065667
0.5,1.9539858301039583,0.7192198881514008,0.71077408383514
0.5,1.963985830103958,0.7207289008173792,0.7121113497835428
0.5,1.973985830103958,0.7222159282959061,0.7134110445443376
0.5,1.9839858301039581,0.7236820801195378,0.7146738970156141
0.5,1.9939858301039584,0.7251284630323099,0.7159006347678397
0.6,-1.9960141698960454,0.011781842230968492,0.00802721022790088
0.6,-1.9860141698960454,0.011174350305093377,0.007594375488574983
0.6,-1.9760141698960454,0.01059996046756507,0.007185750705372485
0.6,-1.9660141698960454,0.010057343801747635,0.0068003692971828405
0.6,-1.9560141698960454,0.009545195387583853,0.006437279692130531
0.6,-1.9460141698960454,0.009062235316178458,0.006095546249219339
0.6,-1.9360141698960454,0.008607209632311182,0.005774250127052483
0.6,-1.9260141698960453,0.008178891204623723,0.0054724900988370705
0.6,-1.9160141698960453,0.00777608052337766,0.0051893833130120725
0.6,-1.9060141698960453,0.007397606425898857,0.004924065999012655
0.6,-1.8960141698960453,0.007042326749938532,0.00467569411779337
0.6,-1.8860141698960453,0.006709128915381283,0.004443443956897326
0.6,-1.8760141698960453,0.006396930434874178,0.004226512669989618
0.6,-1.8660141698960453,0.00610467935411317,0.0040241187609161245
0.6,-1.8560141698960453,0.005831354622662885,0.003835502512479252
0.6,-1.8460141698960453,0.005575966396349953,0.003659926360268315
0.6,-1.8360141698960453,0.005337556272386374,0.003496675211998834
0.6,-1.8260141698960453,0.005115197458541426,0.0033450567129613517
0.6,-1.8160141698960452,0.004907994877773905,0.0032044014582827173
0.6,-1.8060141698960452,0.004715085209898694,0.0030740631528497885
0.6,-1.7960141698960452,0.004535636871929159,0.002953418719831689
0.6,-1.7860141698960452,0.004368849938894522,0.0028418683588804327
0.6,-1.7760141698960452,0.004213956006989855,0.002738835555169814
0.6,-1.7660141698960452,0.004070218001044286,0.002643767040556284
0.6,-1.7560141698960452,0.003936929928330455,0.00255613270821101
0.6,-1.7460141698960452,0.0038134165808968406,0.0024754254822143195
0.6,-1.7360141698960452,0.0036990331885759387,0.002401161143625146
0.6,-1.7260141698960452,0.0035931650249696767,0.0023328781146715726
0.6,-1.7160141698960452,0.003495226968724374,0.0022701372027529487
0.6,-1.7060141698960452,0.003404663022450187,0.002212521306007318
0.6,-1.6960141698960451,0.003320945791721708,0.002159635082284623
0.6,-1.6860141698960451,0.0032435759265751437,0.002111104583385526
0.6,-1.6760141698960451,0.003172081527984533,0.00206657685649958
0.6,-1.6660141698960451,0.003106017521786045,0.002025719514797402
0.6,-1.656014169896045,0.003044965002559453,0.0019882202791843186
0.6,-1.646014169896045,0.002988530549935531,0.0019537864932225803
0.6,-1.636014169896045,0.002936345519853762,0.001922144613288168
0.6,-1.626014169896045,0.002888065313201917,0.0018930396759897405
0.6,-1.616014169896045,0.0028433686243420956,0.0018662347449430428
0.6,-1.606014169896045,0.002801956671916208,0.0018415103389391163
0.6,-1.596014169896045,0.0027635524143673255,0.0018186638435867765
0.6,-1.586014169896045,0.002727899752510613,0.0017975089084561091
0.6,-1.576014169896045,0.002694762721490349,0.001777874831760684
0.6,-1.566014169896045,0.002663924674404538,0.0017596059345887482
0.6,-1.556014169896045,0.002635187459783564,0.00174256092663704
0.6,-1.546014169896045,0.0026083705951223863,0.0017266122654119444
0.6,-1.536014169896045,0.002583310438531449,0.0017116455107767338
0.6,-1.526014169896045,0.002559859360552246,0.001697558676709079
0.6,-1.516014169896045,0.002537884918098356,0.0016842615820740292
0.6,-1.506014169896045,0.0025172690323870092,0.0016716752021496007
0.6,-1.496014169896045,0.0024979071726964047,0.0016597310226141816
0.6,-1.486014169896045,0.002479707547653434,0.0016483703976103215
0.6,-1.476014169896045,0.0024625903057040135,0.0016375439134530012
0.6,-1.466014169896045,0.00244648674633425,0.0016272107594816276
0.6,-1.456014169896045,0.0024313385434988825,0.0016173381074670347
0.6,-1.446014169896045,0.002417096982663665,0.0016079005009339653
0.6,-1.436014169896045,0.002403722212745456,0.0015988792556611742
0.6,-1.426014169896045,0.0023911825141718847,0.0015902618725598216
0.6,-1.416014169896045,0.002379453584171438,0.0015820414640369052
0.6,-1.4060141698960449,0.0023685178403390276,0.0015742161948841017
0.6,-1.3960141698960449,0.0023583637434104617,0.0015667887386355518
0.6,-1.3860141698960449,0.002348985140112227,0.001559765750269122
0.6,-1.3760141698960449,0.002340380626853977,0.001553157356034731
0.6,-1.3660141698960448,0.0023325529349477623,0.0015469766611126091
0.6,-1.3560141698960448,0.002325508337970521,0.001541239275732309
0.6,-1.3460141698960448,0.0023192560817717747,0.0015359628602814013
0.6,-1.3360141698960448,0.0023138078375907136,0.001531166689879413
0.6,-1.3260141698960448,0.0023091771786339695,0.0015268712387911875
0.6,-1.3160141698960448,0.0023053790804231098,0.0015230977849976313
0.6,-1.3060141698960448,0.0023024294451159883,0.0015198680351456773
0.6,-1.2960141698960448,0.0023003446499753936,0.0015172037700510543
0.6,-1.2860141698960448,0.002299141120062252,0.0015151265108377032
0.6,-1.2760141698960448,0.0022988349251836415,0.001513657205739989
0.6,-1.2660141698960448,0.002299441401078174,0.0015128159375365868
0.6,-1.2560141698960448,0.002300974794735394,0.0015126216515038494
0.6,-1.2460141698960447,0.0023034479337360712,0.001513091903745405
0.6,-1.2360141698960447,0.0023068719194148557,0.0015142426296760193
0.6,-1.2260141698960447,0.002311255843635206,0.001516087932407899
0.6,-1.2160141698960447,0.0023166065289031536,0.001518639890725666
0.6,-1.2060141698960447,0.0023229282915243226,0.0015219083863021155
0.6,-1.1960141698960447,0.002330222727480491,0.0015259009497707154
0.6,-1.1860141698960447,0.0023384885206510293,0.0015306226252211274
0.6,-1.1760141698960447,0.0023477212730117773,0.001536075852673804
0.6,-1.1660141698960447,0.0023579133563998815,0.0015422603680480052
0.6,-1.1560141698960447,0.0023690537854184636,0.0015491731201166914
0.6,-1.1460141698960447,0.002381128111062784,0.0015568082039369813
0.6,-1.1360141698960446,0.0023941183345989976,0.0015651568102045843
0.6,-1.1260141698960446,0.002408002841267164,0.0015742071900006493
0.6,-1.1160141698960446,0.0024227563533221162,0.001583944634358261
0.6,-1.1060141698960446,0.0024383499019889304,0.0015943514681139703
0.6,-1.0960141698960446,0.0024547508178461995,0.001605407057468966
0.6,-1.0860141698960446,0.002471922739189367,0.001617087830711128
0.6,-1.0760141698960446,0.0024898256379389987,0.0016293673115607278
0.6,-1.0660141698960446,0.0025084158626382325,0.0016422161645948564
0.6,-1.0560141698960446,0.0025276461981229193,0.0016556022522379267
0.6,-1.0460141698960446,0.0025474659414321415,0.0016694907028043104
0.6,-1.0360141698960446,0.0025678209935664957,0.0016838439891153456
0.6,-1.0260141698960445,0.002588653966696899,0.0016986220172221778
0.6,-1.0160141698960445,0.0026099043064423187,0.0017137822247894974
0.6,-1.0060141698960445,0.0026315084288783494,0.001729279688738643
0.6,-0.9960141698960445,0.0026533998719062944,0.0017450672417441383
0.6,-0.9860141698960445,0.0026755094606724025,0.0017610955972340748
0.6,-0.9760141698960445,0.0026977654867257053,0.0017773134825630167
0.6,-0.9660141698960445,0.002720093900623087,0.001793667780058783
0.6,-0.9560141698960445,0.0027424185177006137,0.0018101036756723232
0.6,-0.9460141698960445,0.0027646612367525697,0.0018265648149954927
0.6,-0.9360141698960445,0.002786742271377903,0.0018429934664460745
0.6,-0.9260141698960445,0.0028085803937580966,0.0018593306914443987
0.6,-0.9160141698960445,0.0028300931906418926,0.001875516521436893
0.6,-0.9060141698960444,0.0028511973313465823,0.0018914901416670915
0.6,-0.8960141698960444,0.0028718088475639197,0.0019071900816042132
0.6,-0.8860141698960444,0.0028918434247829903,0.001922554411978723
0.6,-0.8760141698960444,0.002911216705158494,0.0019375209484076095
0.6,-0.8660141698960444,0.002929844601628114,0.0019520274615994994
0.6,-0.8560141698960444,0.0029476436231186507,0.0019660118941750683
0.6,-0.8460141698960444,0.0029645312106585803,0.00197941258414609
0.6,-0.8360141698960444,0.002980426084213614,0.0019921684951169282
0.6,-0.8260141698960444,0.002995248600070254,0.0020042194532978643
0.6,-0.8160141698960444,0.003008921118570772,0.002015506391425035
0.6,-0.8060141698960444,0.0030213683820023885,0.0020259715996995453
0.6,-0.7960141698960443,0.003032517902420915,0.002035558983860639
0.6,-0.7860141698960443,0.0030423003592016176,0.0020442143305312043
0.6,-0.7760141698960443,0.003050650006039724,0.0020518855799429047
0.6,-0.7660141698960443,0.0030575050871712453,0.00205852310619143
0.6,-0.7560141698960443,0.003062808262503796,0.0020640800051310746
0.6,-0.7460141698960443,0.003066507041357249,0.002068512390033348
0.6,-0.7360141698960443,0.0030685542244687065,0.0020717796951122127
0.6,-0.7260141698960443,0.003068908353904776,0.002073844987016287
0.6,-0.7160141698960443,0.0030675341704718985,0.002074675284357994
0.6,-0.7060141698960443,0.003064403078204835,0.002074241885343824
0.6,-0.6960141698960443,0.0030594936154437944,0.0020725207035242475
0.6,-0.6860141698960442,0.0030527919320297746,0.002069492611690862
0.6,-0.6760141698960442,0.003044292272038325,0.0020651437938730057
0.6,-0.6660141698960442,0.0030339974615018533,0.0020594661053976184
0.6,-0.6560141698960442,0.0030219194004688066,0.0020524574409014206
0.6,-0.6460141698960442,0.0030080795587537064,0.002044122110176119
0.6,-0.6360141698960442,0.0029925094746554356,0.0020344712216644467
0.6,-0.6260141698960442,0.0029752512559006778,0.0020235230733955233
0.6,-0.6160141698960442,0.002956358082000999,0.002011303551086101
0.6,-0.6060141698960442,0.002935894707199619,0.0019978465331060135
0.6,-0.5960141698960442,0.002913937963109752,0.001983194301936635
0.6,-0.5860141698960442,0.0028905772601161383,0.0019673979617073913
0.6,-0.5760141698960441,0.002865915086573546,0.001950517861345631
0.6,-0.5660141698960441,0.0028400675047783163,0.0019326240228101455
0.6,-0.5560141698960441,0.002813164642665093,0.001913796573834361
0.6,-0.5460141698960441,0.002785351180119574,0.0018941261845348834
0.6,-0.5360141698960441,0.0027567868287884456,0.0018737145072028484
0.6,-0.5260141698960441,0.0027276468042000497,0.0018526746185184352
0.6,-0.5160141698960441,0.0026981222889950794,0.0018311314633853472
0.6,-0.5060141698960441,0.002668420886034467,0.0018092222995254304
0.6,-0.4960141698960441,0.002638767060097894,0.0017870971419026915
0.6,-0.48601416989604407,0.002609402566904737,0.0017649192060203234
0.6,-0.47601416989604406,0.002580586868108277,0.0017428653490443936
0.6,-0.46601416989604405,0.002552597530947195,0.0017211265076907268
0.6,-0.45601416989604404,0.002525730611180581,0.0016999081317356968
0.6,-0.44601416989604403,0.0025003010179450655,0.0016794306119807345
0.6,-0.436014169896044,0.0024766428591490716,0.00165992970144643
0.6,-0.426014169896044,0.002455109766015158,0.0016416569285308924
0.6,-0.416014169896044,0.0024360751953824487,0.0016248800008294496
0.6,-0.406014169896044,0.0024199327083898555,0.0016098831982807127
0.6,-0.396014169896044,0.0024070962241464016,0.0015969677542577898
0.6,-0.386014169896044,0.002398000247030408,0.0015864522232101308
0.6,-0.37601416989604397,0.002393100066261757,0.0015786728334278876
0.6,-0.36601416989604396,0.002392871926416303,0.0015739838234829762
0.6,-0.35601416989604395,0.0023978131675751095,0.0015727577608834764
0.6,-0.34601416989604394,0.002408442333823333,0.0015753858414614542
0.6,-0.33601416989604393,0.0024252992488766755,0.0015822781680252973
0.6,-0.3260141698960439,0.0024489450576120767,0.0015938640067795972
0.6,-0.3160141698960439,0.0024799622323522525,0.0016105920200367053
0.6,-0.3060141698960439,0.002518954542806015,0.0016329304737543993
0.6,-0.2960141698960439,0.002566546988583152,0.0016613674184236516
0.6,-0.2860141698960439,0.002623385693324636,0.0016964108418898861
0.6,-0.2760141698960439,0.002690137759473116,0.001738588792664686
0.6,-0.2660141698960439,0.002767491082853949,0.0017884494723641353
0.6,-0.25601416989604386,0.0028561541262468572,0.001846561295905289
0.6,-0.24601416989604385,0.002956855651250145,0.0019135129181618283
0.6,-0.23601416989604385,0.0030703444077757524,0.0019899132257977926
0.6,-0.22601416989604384,0.003197388780648128,0.002076391293081841
0.6,-0.21601416989604383,0.0033387763928152707,0.0021735963005074413
0.6,-0.20601416989604382,0.003495313664809301,0.0022821974151302983
0.6,-0.1960141698960438,0.003667825330172294,0.002402883631590811
0.6,-0.1860141698960438,0.0038571539066552195,0.0025363635728576383
0.6,-0.1760141698960438,0.0040641591231128996,0.002683365249814571
0.6,-0.16601416989604378,0.004289717302105752,0.0028446357788845943
0.6,-0.15601416989604378,0.0045347206983279145,0.0030209410569732144
0.6,-0.14601416989604377,0.00480007679308903,0.0032130653931035625
0.6,-0.13601416989604376,0.005086707545186502,0.0034218110962104475
0.6,-0.12601416989604375,0.0053955485986056225,0.0036479980186524584
0.6,-0.11601416989604374,0.005727548447597894,0.00389246305510369
0.6,-0.10601416989604373,0.006083667559809837,0.004156059596598141
0.6,-0.09601416989604372,0.006464877458219057,0.004439656939589725
0.6,-0.08601416989604371,0.0068721597627785696,0.004744139650021708
0.6,-0.0760141698960437,0.0073065051927437095,0.005070406882487717
0.6,-0.0660141698960437,0.007768912530794004,0.005419371654698111
0.6,-0.056014169896043686,0.008260387550162855,0.005791960077576164
0.6,-0.04601416989604368,0.008781941906076687,0.006189110541413214
0.6,-0.03601416989604367,0.009334591992941498,0.0066117728586496585
0.6,-0.02601416989604366,0.009919357768783105,0.00706090736394458
0.6,-0.01601416989604365,0.01053726154858422,0.007537483972338208
0.6,-0.006014169896043642,0.011189326768209787,0.008042481196398442
0.6,0.003985830103956367,0.011876576720777427,0.008576885123405091
0.6,0.013985830103956154,0.012600033267326609,0.009141688353682228
0.6,0.023985830103956385,0.013360715523824465,0.009737888901366532
0.6,0.033985830103956616,0.014159638526555832,0.010366489058966054
0.6,0.0439858301039564,0.014997811878050602,0.011028494227192667
0.6,0.05398583010395619,0.01587623837580043,0.011724911711677067
0.6,0.06398583010395642,0.01679591262602346,0.012456749488240746
0.6,0.07398583010395665,0.017757819644868424,0.013225014938548014
0.6,0.08398583010395644,0.018762933449454303,0.014030713558025525
0.6,0.09398583010395622,0.019812215641231437,0.014874847638057319
0.6,0.10398583010395646,0.02090661398417022,0.01575841492453755
0.6,0.11398583010395669,0.022047060980343584,0.016682407254963467
0.6,0.12398583010395647,0.023234472445493926,0.017647809176326988
0.6,0.13398583010395626,0.024469746087209334,0.018655596546144723
0.6,0.1439858301039565,0.02575376008834794,0.01970673511903392
0.6,0.15398583010395672,0.02708737169838055,0.02080217912131843
0.6,0.1639858301039565,0.028471415835319543,0.021942869816203796
0.6,0.1739858301039563,0.029906703700893496,0.023129734062108016
0.6,0.18398583010395653,0.03139402141165992,0.024363682866808106
0.6,0.19398583010395676,0.03293412864869502,0.025645609940078487
0.6,0.20398583010395654,0.034527757328512085,0.026976390247552474
0.6,0.21398583010395633,0.036175610297813854,0.028356878568554365
0.6,0.22398583010395656,0.037878360054687324,0.029787908060694264
0.6,0.2339858301039568,0.03963664749876056,0.03127028883400094
0.6,0.24398583010395658,0.04145108071285168,0.03280480653741265
0.6,0.25398583010395637,0.04332223377855288,0.03439222096042378
0.6,0.2639858301039566,0.04525064562815337,0.036033264652691986
0.6,0.27398583010395683,0.04723681893523038,0.03772864156439084
0.6,0.2839858301039566,0.04928121904619168,0.039479025710089245
0.6,0.2939858301039564,0.051384272954943244,0.041285059858889
0.6,0.30398583010395663,0.05354636832281743,0.043147354253547335
0.6,0.31398583010395686,0.05576785254577668,0.04506648536124715
0.6,0.32398583010395665,0.05804903187083878,0.04704299465864665
0.6,0.33398583010395644,0.060390170563563106,0.04907738745377777
0.6,0.34398583010395667,0.06279149012835315,0.05117013174731383
0.6,0.3539858301039569,0.06525316858320276,0.05332165713564486
0.6,0.3639858301039567,0.06777533979043393,0.05553235375814559
0.6,0.3739858301039565,0.07035809284483024,0.057802571290920354
0.6,0.3839858301039567,0.07300147152049533,0.0601326179892525
0.6,0.39398583010395694,0.07570547377760461,0.0625227597808663
0.6,0.4039858301039567,0.07847005133012608,0.06497321941203453
0.6,0.4139858301039565,0.08129510927546743,0.06748417564846478
0.6,0.42398583010395674,0.08418050578683745,0.07005576253276559
0.6,0.43398583010395697,0.0871260518690549,0.07268806870022942
0.6,0.44398583010395676,0.0901315111783375,0.07538113675450824
0.6,0.45398583010395654,0.09319659990652089,0.07813496270466992
0.6,0.4639858301039568,0.09632098673001051,0.08094949546498996
0.6,0.473985830103957,0.09950429282364369,0.08382463641871098
0.6,0.4839858301039568,0.10274609193949769,0.08676023904686724
0.6,0.4939858301039566,0.1060459105505809,0.08975610862315875
0.6,0.5039858301039568,0.1094032280591647,0.09281200197569653
0.6,0.513985830103957,0.11281747706944054,0.09592762731633635
0.6,0.5239858301039568,0.11628804372403129,0.09910264413816691
0.6,0.5339858301039566,0.11981426810374664,0.10233666318156771
0.6,0.5439858301039568,0.1233954446898981,0.1056292464691444
0.6,0.5539858301039571,0.12703082288832368,0.10897990740968119
0.6,0.5639858301039569,0.130719607614172,0.11238811097112049
0.6,0.5739858301039567,0.13446095993640048,0.11585327392245212
0.6,0.5839858301039569,0.13825399778079067,0.11937476514422962
0.6,0.5939858301039571,0.142097796690213,0.12295190600731609
0.6,0.6039858301039569,0.1459913906407712,0.12658397081932649
0.6,0.6139858301039567,0.14993377291231935,0.13027018733807225
0.6,0.6239858301039569,0.15392389701179754,0.1340097373512129
0.6,0.6339858301039571,0.15796067764770488,0.13780175732116276
0.6,0.6439858301039569,0.16204299175398562,0.1416453390942017
0.6,0.6539858301039567,0.16616967956146714,0.1455395306725751
0.6,0.663985830103957,0.17033954571497334,0.14948333704828437
0.6,0.6739858301039572,0.17455136043412434,0.15347572109712537
0.6,0.683985830103957,0.17880386071579057,0.15751560453142824
0.6,0.6939858301039568,0.18309575157611616,0.16160186890984618
0.6,0.703985830103957,0.18742570732993807,0.16573335670241193
0.6,0.7139858301039572,0.19179237290543868,0.1699088724090145
0.6,0.723985830103957,0.1961943651917709,0.17412718372931793
0.6,0.7339858301039568,0.20063027441739126,0.1783870227820691
0.6,0.743985830103957,0.20509866555680814,0.18268708737165767
0.6,0.7539858301039573,0.2095980797634103,0.18702604229969658
0.6,0.763985830103957,0.21412703582602668,0.19140252071932104
0.6,0.7739858301039568,0.21868403164688427,0.19581512552984712
0.6,0.7839858301039571,0.2232675457385748,0.2002624308093383
0.6,0.7939858301039573,0.22787603873767834,0.20474298328259352
0.6,0.8039858301039571,0.23250795493269466,0.20925530382201388
0.6,0.8139858301039569,0.2371617238039066,0.2137978889787408
0.6,0.8239858301039571,0.24183576157286443,0.2183692125414416
0.6,0.8339858301039573,0.24652847275916215,0.2229677271200667
0.6,0.8439858301039571,0.2512382517422192,0.22759186575188153
0.6,0.8539858301039569,0.2559634843258063,0.23224004352705074
0.6,0.8639858301039571,0.26070254930309456,0.2369106592310425
0.6,0.8739858301039574,0.26545382002002427,0.24160209700109364
0.6,0.8839858301039571,0.27021566593487056,0.2463127279939993
0.6,0.8939858301039569,0.274986454171887,0.25104091206246254
0.6,0.9039858301039572,0.27976455106699594,0.255784999437273
0.6,0.9139858301039574,0.28454832370352096,0.2605433324125785
0.6,0.9239858301039572,0.2893361414360299,0.2653142470315417
0.6,0.933985830103957,0.29412637740041453,0.27009607476970177
0.6,0.9439858301039572,0.29891741000839495,0.27488714421338295
0.6,0.9539858301039574,0.30370762442468857,0.2796857827305256
0.6,0.9639858301039572,0.30849541402519265,0.28449031813138026
0.6,0.973985830103957,0.31327918183453907,0.2892990803165112
0.6,0.9839858301039572,0.3180573419415128,0.29411040290964585
0.6,0.9939858301039575,0.3228283208908439,0.2989226248729316
0.6,1.0039858301039573,0.3275905590500074,0.3037340921022454
0.6,1.013985830103957,0.3323425119496998,0.30854315900024704
0.6,1.0239858301039573,0.3370826515967541,0.31334819002494163
0.6,1.0339858301039575,0.341809467758344,0.3181475612115985
0.6,1.0439858301039573,0.34652146921637184,0.32293966166592697
0.6,1.053985830103957,0.35121718499104704,0.32772289502651447
0.6,1.0639858301039573,0.35589516553270917,0.33249568089459175
0.6,1.0739858301039575,0.36055398388104076,0.3372564562292878
0.6,1.0839858301039573,0.36519223679088797,0.34200367670662174
0.6,1.0939858301039571,0.3698085458239742,0.3467358180405688
0.6,1.1039858301039573,0.374401558405869,0.3514513772646224
0.6,1.1139858301039576,0.378969948847643,0.35614887397238093
0.6,1.1239858301039574,0.3835124193317167,0.3608268515157754
0.6,1.1339858301039571,0.38802770086146116,0.36548387815964684
0.6,1.1439858301039574,0.39251455417419145,0.37011854819149004
0.6,1.1539858301039576,0.3969717706172522,0.3747294829852743
0.6,1.1639858301039574,0.4013981729869436,0.3793153320183457
0.6,1.1739858301039572,0.405792616330119,0.3838747738405289
0.6,1.1839858301039574,0.41015398870831365,0.3884065169946292
0.6,1.1939858301039576,0.41448121192433934,0.392909300887649
0.6,1.2039858301039574,0.4187732422113206,0.39738189661212714
0.6,1.2139858301039572,0.4230290708841983,0.40182310771710816
0.6,1.2239858301039575,0.42724772495377034,0.40623177092834667
0.6,1.2339858301039577,0.43142826770338166,0.4106067568174486
0.6,1.2439858301039575,0.4355697992284254,0.4149469704197543
0.6,1.2539858301039573,0.43967145693882914,0.4192513518008493
0.6,1.2639858301039575,0.4437324160247654,0.42351887657169607
0.6,1.2739858301039577,0.4477518898858264,0.4277485563524583
0.6,1.2839858301039575,0.4517291305239622,0.4319394391851957
0.6,1.2939858301039573,0.45566342890046785,0.4360906098956722
0.6,1.3039858301039575,0.4595541152573702,0.440201190404627
0.6,1.3139858301039578,0.46340055940354746,0.44427033998892557
0.6,1.3239858301039575,0.4672021709659544,0.44829725549309635
0.6,1.3339858301039573,0.47095839960633884,0.45228117149183605
0.6,1.3439858301039576,0.4746687352038268,0.45622136040413225
0.6,1.3539858301039578,0.4783327080037919,0.4601171325597367
0.6,1.3639858301039576,0.481949888733412,0.46396783621878307
0.6,1.3739858301039574,0.485519888684327,0.4677728575454138
0.6,1.3839858301039576,0.4890423597628132,0.47153162053633396
0.6,1.3939858301039578,0.49251699450789743,0.47524358690528656
0.6,1.4039858301039576,0.4959435260778212,0.47890825592448116
0.6,1.4139858301039574,0.4993217282052765,0.4825251642240739
0.6,1.4239858301039576,0.5026514151218225,0.48609388555084215
0.6,1.4339858301039579,0.5059324414518827,0.4896140304872371
0.6,1.4439858301039576,0.5091647020767402,0.49308524613205557
0.6,1.4539858301039574,0.5123481319689012,0.49650721574399337
0.6,1.4639858301039577,0.5154827059972344,0.4998796583493927
0.6,1.473985830103958,0.5185684387032503,0.5032023283155189
0.6,1.4839858301039577,0.5216053840488895,0.5064750148907387
0.6,1.4939858301039575,0.5245936351361837,0.5096975417129899
0.6,1.5039858301039577,0.5275333238991365,0.5128697662879623
0.6,1.513985830103958,0.5304246207681609,0.5159915794384203
0.6,1.5239858301039577,0.5332677343074099,0.5190629047261214
0.6,1.5339858301039575,0.5360629108253188,0.5220836978477928
0.6,1.5439858301039577,0.5388104339586699,0.5250539460066341
0.6,1.553985830103958,0.5415106242304919,0.5279736672608296
0.6,1.5639858301039578,0.5441638385820875,0.5308429098505453
0.6,1.5739858301039575,0.5467704698794801,0.5336617515048971
0.6,1.5839858301039578,0.5493309463945739,0.5364302987303625
0.6,1.593985830103958,0.5518457312613014,0.539148686082111
0.6,1.6039858301039578,0.5543153219070448,0.5418170754197164
0.6,1.6139858301039576,0.5567402494596088,0.5444356551487023
0.6,1.6239858301039578,0.5591210781300195,0.5470046394493621
0.6,1.633985830103958,0.5614584045714359,0.5495242674942711
0.6,1.6439858301039578,0.5637528572144501,0.5519948026559023
0.6,1.6539858301039576,0.5660050955790699,0.5544165317057229
0.6,1.6639858301039578,0.5682158095636756,0.5567897640061374
0.6,1.673985830103958,0.5703857187112469,0.5591148306966085
0.6,1.6839858301039579,0.5725155714531865,0.5613920838752724
0.6,1.6939858301039576,0.5746061443310465,0.5636218957773214
0.6,1.7039858301039579,0.5766582411965073,0.565804657951413
0.6,1.713985830103958,0.5786726923899552,0.5679407804353177
0.6,1.723985830103958,0.5806503538980285,0.5700306909319979
0.6,1.7339858301039577,0.582592106490521,0.5720748339872657
0.6,1.743985830103958,0.5844988548370501,0.5740736701701397
0.6,1.7539858301039581,0.5863715266039211,0.5760276752569757
0.6,1.763985830103958,0.5882110715316364,0.5779373394204199
0.6,1.7739858301039577,0.59001846049354,0.5798031664241822
0.6,1.783985830103958,0.5917946845360889,0.5816256728245979
0.6,1.7939858301039582,0.5935407539012972,0.5834053871799
0.6,1.803985830103958,0.5952576970319139,0.5851428492680879
0.6,1.8139858301039578,0.5969465595599219,0.5868386093142346
0.6,1.823985830103958,0.5986084032789927,0.5884932272280328
0.6,1.8339858301039582,0.6002443051015549,0.5901072718523448
0.6,1.843985830103958,0.6018553560011599,0.5916813202234691
0.6,1.8539858301039578,0.603442659940884,0.5932159568438057
0.6,1.863985830103958,0.6050073327885213,0.5947117729675534
0.6,1.8739858301039582,0.6065505012193624,0.5961693659000337
0.6,1.883985830103958,0.6080733016074007,0.597589338311193
0.6,1.8939858301039578,0.6095768789058256,0.5989722975637982
0.6,1.903985830103958,0.6110623855177091,0.600318855056793
0.6,1.9139858301039583,0.6125309801578327,0.6016296255842493
0.6,1.923985830103958,0.6139838267066204,0.602905226710303
0.6,1.9339858301039579,0.6154220930571939,0.6041462781604292
0.6,1.943985830103958,0.616846949956595,0.6053534012293692
0.6,1.9539858301039583,0.6182595698422465,0.6065272182059862
0.6,1.963985830103958,0.6196611256747746,0.6076683518152899
0.6,1.973985830103958,0.6210527897683227,0.6087774246778347
0.6,1.9839858301039581,0.6224357326195358,0.6098550587866574
0.6,1.9939858301039584,0.6238111217364128,0.6109018750018899
0.7000000000000001,-1.9960141698960454,0.01139309380672415,0.006396683150358513
0.7000000000000001,-1.9860141698960454,0.010818257065273586,0.006051767967458188
0.7000000000000001,-1.9760141698960454,0.010274457559736508,0.0057261450933436975
0.7000000000000001,-1.9660141698960454,0.009760436070254123,0.005419044283692574
0.7000000000000001,-1.9560141698960454,0.009274958071251014,0.005129707254666516
0.7000000000000001,-1.9460141698960454,0.008816814574537504,0.00485738841734666
0.7000000000000001,-1.9360141698960454,0.008384822903216963,0.004601355569994946
0.7000000000000001,-1.9260141698960453,0.007977827396546164,0.004360890547510789
0.7000000000000001,-1.9160141698960453,0.007594700046033631,0.004135289827556494
0.7000000000000001,-1.9060141698960453,0.007234341063262773,0.003923865092963209
0.7000000000000001,-1.8960141698960453,0.00689567938002293,0.0037259437501165906
0.7000000000000001,-1.8860141698960453,0.006577673081513055,0.003540869403152556
0.7000000000000001,-1.8760141698960453,0.006279309773506369,0.0033680022838979756
0.7000000000000001,-1.8660141698960453,0.005999606884506194,0.003206719637605036
0.7000000000000001,-1.8560141698960453,0.005737611904041452,0.0030564160646319033
0.7000000000000001,-1.8460141698960453,0.005492402558392573,0.002916503818338813
0.7000000000000001,-1.8360141698960453,0.005263086925132416,0.0027864130595615707
0.7000000000000001,-1.8260141698960453,0.005048803488005709,0.0026655920681410766
0.7000000000000001,-1.8160141698960452,0.004848721133740682,0.00255350741206904
0.7000000000000001,-1.8060141698960452,0.004662039092524984,0.0024496440749271747
0.7000000000000001,-1.7960141698960452,0.004487986823921735,0.0023535055423658763
0.7000000000000001,-1.7860141698960452,0.004325823850135287,0.0022646138484828443
0.7000000000000001,-1.7760141698960452,0.004174839538570869,0.0021825095830259452
0.7000000000000001,-1.7660141698960452,0.004034352835736303,0.0021067518604432883
0.7000000000000001,-1.7560141698960452,0.0039037119545477957,0.002036918251855648
0.7000000000000001,-1.7460141698960452,0.0037822940172369058,0.0019726046811395356
0.7000000000000001,-1.7360141698960452,0.0036695046560040537,0.0019134252863262876
0.7000000000000001,-1.7260141698960452,0.0035647775736896447,0.001859012247628909
0.7000000000000001,-1.7160141698960452,0.0034675740667225747,0.0018090155834437557
0.7000000000000001,-1.7060141698960452,0.0033773825126269135,0.0017631029157245811
0.7000000000000001,-1.6960141698960451,0.003293717824428315,0.0017209592061955589
0.7000000000000001,-1.6860141698960451,0.0032161208742601884,0.0016822864648853406
0.7000000000000001,-1.6760141698960451,0.003144157888517267,0.0016468034325231025
0.7000000000000001,-1.6660141698960451,0.003077419816872118,0.001614245238354179
0.7000000000000001,-1.656014169896045,0.0030155216774925687,0.0015843630349750035
0.7000000000000001,-1.646014169896045,0.002958101880740929,0.0015569236117867432
0.7000000000000001,-1.636014169896045,0.002904821533675755,0.0015317089887140086
0.7000000000000001,-1.626014169896045,0.0028553637275695785,0.0015085159918043242
0.7000000000000001,-1.616014169896045,0.0028094328107153652,0.0014871558123764868
0.7000000000000001,-1.606014169896045,0.0027667536486706184,0.0014674535513421081
0.7000000000000001,-1.596014169896045,0.0027270708741201975,0.001449247750358212
0.7000000000000001,-1.586014169896045,0.0026901481284261697,0.0014323899114259617
0.7000000000000001,-1.576014169896045,0.00265576729692726,0.0014167440065592947
0.7000000000000001,-1.566014169896045,0.0026237277399875376,0.0014021859791254086
0.7000000000000001,-1.556014169896045,0.0025938455216929918,0.001388603238413891
0.7000000000000001,-1.546014169896045,0.0025659526381024774,0.0013758941490001429
0.7000000000000001,-1.536014169896045,0.0025398962468214017,0.0013639675164002093
0.7000000000000001,-1.526014169896045,0.00251553789964481,0.001352742070502547
0.7000000000000001,-1.516014169896045,0.0024927527799300095,0.0013421459482152417
0.7000000000000001,-1.506014169896045,0.002471428946263097,0.0013321161767129628
0.7000000000000001,-1.496014169896045,0.002451466583954898,0.0013225981586456755
0.7000000000000001,-1.486014169896045,0.002432777265773645,0.0013135451605957246
0.7000000000000001,-1.476014169896045,0.002415283223272481,0.00130491780603286
0.7000000000000001,-1.466014169896045,0.0023989166299905927,0.0012966835739619217
0.7000000000000001,-1.456014169896045,0.002383618897700198,0.0012888163043877929
0.7000000000000001,-1.446014169896045,0.002369339986828752,0.0012812957116817532
0.7000000000000001,-1.436014169896045,0.0023560377320699655,0.0012741069068549979
0.7000000000000001,-1.426014169896045,0.002343677184143943,0.0012672399296961077
0.7000000000000001,-1.416014169896045,0.0023322299685648237,0.0012606892916544085
0.7000000000000001,-1.4060141698960449,0.00232167366221859,0.0012544535302982682
0.7000000000000001,-1.3960141698960449,0.0023119911884528143,0.001248534776100205
0.7000000000000001,-1.3860141698960449,0.002303170231324316,0.0012429383322457063
0.7000000000000001,-1.3760141698960449,0.0022952026695639556,0.0012376722680901761
0.7000000000000001,-1.3660141698960448,0.0022880840307465495,0.00123274702682411
0.7000000000000001,-1.3560141698960448,0.002281812966099581,0.0012281750478491836
0.7000000000000001,-1.3460141698960448,0.002276390746282933,0.0012239704042867415
0.7000000000000001,-1.3360141698960448,0.002271820778447758,0.001220148455997657
0.7000000000000001,-1.3260141698960448,0.0022681081447834925,0.0012167255184117273
0.7000000000000001,-1.3160141698960448,0.002265259162733733,0.001213718547419987
0.7000000000000001,-1.3060141698960448,0.002263280966970816,0.0012111448405067113
0.7000000000000001,-1.2960141698960448,0.002262181113202274,0.0012090217542594338
0.7000000000000001,-1.2860141698960448,0.002261967203800102,0.0012073664383237944
0.7000000000000001,-1.2760141698960448,0.0022626465352106303,0.0012061955858240533
0.7000000000000001,-1.2660141698960448,0.0022642257670686316,0.0012055252002244675
0.7000000000000001,-1.2560141698960448,0.0022667106128668067,0.0012053703785421296
0.7000000000000001,-1.2460141698960447,0.0022701055520348594,0.0012057451107971193
0.7000000000000001,-1.2360141698960447,0.0022744135632097266,0.0012066620955230776
0.7000000000000001,-1.2260141698960447,0.002279635878478893,0.0012081325711375444
0.7000000000000001,-1.2160141698960447,0.0022857717583270785,0.0012101661629220148
0.7000000000000001,-1.2060141698960447,0.002292818287005471,0.001212770745334498
0.7000000000000001,-1.1960141698960447,0.0023007701880247903,0.0012159523193485387
0.7000000000000001,-1.1860141698960447,0.0023096196594324476,0.0012197149044730856
0.7000000000000001,-1.1760141698960447,0.002319356228550131,0.0012240604450994372
0.7000000000000001,-1.1660141698960447,0.0023299666258124745,0.0012289887307882538
0.7000000000000001,-1.1560141698960447,0.002341434677340282,0.0012344973300929883
0.7000000000000001,-1.1460141698960447,0.002353741215896237,0.0012405815375122818
0.7000000000000001,-1.1360141698960446,0.0023668640098263743,0.0012472343331317779
0.7000000000000001,-1.1260141698960446,0.002380777709636126,0.0012544463545317672
0.7000000000000001,-1.1160141698960446,0.0023954538117958394,0.001262205880504239
0.7000000000000001,-1.1060141698960446,0.002410860639437178,0.00127049882615332
0.7000000000000001,-1.0960141698960446,0.0024269633395406125,0.001279308748920582
0.7000000000000001,-1.0860141698960446,0.002443723896254848,0.00128861686509793
0.7000000000000001,-1.0760141698960446,0.002461101160002401,0.0012984020763999547
0.7000000000000001,-1.0660141698960446,0.0024790508920046806,0.0013086410061615259
0.7000000000000001,-1.0560141698960446,0.002497525823898264,0.0013193080447520974
0.7000000000000001,-1.0460141698960446,0.0025164757320964783,0.0013303754037971847
0.7000000000000001,-1.0360141698960446,0.00253584752658746,0.0013418131788262907
0.7000000000000001,-1.0260141698960445,0.0025555853538519364,0.0013535894199739227
0.7000000000000001,-1.0160141698960445,0.0025756307135956866,0.0013656702103791304
0.7000000000000001,-1.0060141698960445,0.0025959225890302452,0.0013780197519636058
0.7000000000000001,-0.9960141698960445,0.0026163975903979895,0.0013906004582648597
0.7000000000000001,-0.9860141698960445,0.0026369901114917226,0.001403373054045903
0.7000000000000001,-0.9760141698960445,0.0026576324989111616,0.0014162966814174035
0.7000000000000001,-0.9660141698960445,0.002678255233812055,0.0014293290122343425
0.7000000000000001,-0.9560141698960445,0.0026987871259065224,0.0014424263665513823
0.7000000000000001,-0.9460141698960445,0.0027191555194880836,0.001455543836949533
0.7000000000000001,-0.9360141698960445,0.0027392865112647164,0.0014686354185742153
0.7000000000000001,-0.9260141698960445,0.0027591051797796373,0.0014816541447447548
0.7000000000000001,-0.9160141698960445,0.002778535826202112,0.0014945522280200238
0.7000000000000001,-0.9060141698960444,0.0027975022262963895,0.0015072812066409633
0.7000000000000001,-0.8960141698960444,0.002815927893346582,0.001519792096278357
0.7000000000000001,-0.8860141698960444,0.0028337363518307524,0.0015320355470455447
0.7000000000000001,-0.8760141698960444,0.002850851421645228,0.0015439620057623134
0.7000000000000001,-0.8660141698960444,0.0028671975126467394,0.0015555218834621006
0.7000000000000001,-0.8560141698960444,0.0028826999293079213,0.001566665728170757
0.7000000000000001,-0.8460141698960444,0.0028972851852516897,0.0015773444029914148
0.7000000000000001,-0.8360141698960444,0.002910881327421313,0.001587509269546302
0.7000000000000001,-0.8260141698960444,0.002923418269644252,0.0015971123768467352
0.7000000000000001,-0.8160141698960444,0.0029348281353195845,0.0016061066556668244
0.7000000000000001,-0.8060141698960444,0.002945045608951904,0.001614446118510575
0.7000000000000001,-0.7960141698960443,0.002954008296226479,0.0016220860652639466
0.7000000000000001,-0.7860141698960443,0.0029616570923280453,0.0016289832946420532
0.7000000000000001,-0.7760141698960443,0.0029679365581308658,0.001635096321517002
0.7000000000000001,-0.7660141698960443,0.002972795303932397,0.0016403856002462954
0.7000000000000001,-0.7560141698960443,0.0029761863803191976,0.001644813754088825
0.7000000000000001,-0.7460141698960443,0.002978067675761798,0.001648345810807824
0.7000000000000001,-0.7360141698960443,0.0029784023204887937,0.001650949444542544
0.7000000000000001,-0.7260141698960443,0.0029771590961787044,0.0016525952240286032
0.7000000000000001,-0.7160141698960443,0.002974312850956504,0.0016532568672227763
0.7000000000000001,-0.7060141698960443,0.0029698449191727107,0.0016529115023833593
0.7000000000000001,-0.6960141698960443,0.002963743545375812,0.0016515399356208846
0.7000000000000001,-0.6860141698960442,0.0029560043119113387,0.0016491269249411552
0.7000000000000001,-0.6760141698960442,0.0029466305694759933,0.001645661460742551
0.7000000000000001,-0.6660141698960442,0.0029356338699906043,0.0016411370527387268
0.7000000000000001,-0.6560141698960442,0.002923034401060151,0.0016355520232183194
0.7000000000000001,-0.6460141698960442,0.0029088614213021577,0.0016289098065465943
0.7000000000000001,-0.6360141698960442,0.0028931536957563595,0.0016212192547638558
0.7000000000000001,-0.6260141698960442,0.0028759599305772745,0.0016124949491120573
0.7000000000000001,-0.6160141698960442,0.002857339206152907,0.0016027575172717365
0.7000000000000001,-0.6060141698960442,0.0028373614077913966,0.0015920339560688542
0.7000000000000001,-0.5960141698960442,0.002816107653054846,0.0015803579593557555
0.7000000000000001,-0.5860141698960442,0.002793670714802132,0.001567770250735577
0.7000000000000001,-0.5760141698960441,0.0027701554389776475,0.0015543189207597992
0.7000000000000001,-0.5660141698960441,0.0027456791561395466,0.0015400597681768343
0.7000000000000001,-0.5560141698960441,0.002720372085711541,0.001525056644774256
0.7000000000000001,-0.5460141698960441,0.0026943777318964293,0.001509381803301235
0.7000000000000001,-0.5360141698960441,0.0026678532701955304,0.0014931162479272695
0.7000000000000001,-0.5260141698960441,0.0026409699234269993,0.0014763500866318776
0.7000000000000001,-0.5160141698960441,0.002613913326138221,0.0014591828848851982
0.7000000000000001,-0.5060141698960441,0.0025868838762925696,0.001441724019934327
0.7000000000000001,-0.4960141698960441,0.0025600970730742436,0.001424093034953707
0.7000000000000001,-0.48601416989604407,0.002533783839690727,0.0014064199922974448
0.7000000000000001,-0.47601416989604406,0.0025081908299891004,0.0013888458250197507
0.7000000000000001,-0.46601416989604405,0.0024835807177531577,0.0013715226858160476
0.7000000000000001,-0.45601416989604404,0.0024602324675081027,0.001354614292476883
0.7000000000000001,-0.44601416989604403,0.002438441585689401,0.0013382962689221475
0.7000000000000001,-0.436014169896044,0.002418520351025999,0.0013227564808401236
0.7000000000000001,-0.426014169896044,0.0024007980230010043,0.0013081953649230547
0.7000000000000001,-0.416014169896044,0.002385621027270581,0.0012948262506609672
0.7000000000000001,-0.406014169896044,0.0023733531169465453,0.0012828756736299426
0.7000000000000001,-0.396014169896044,0.0023643755086494318,0.001272583679174176
0.7000000000000001,-0.386014169896044,0.0023590869922891044,0.0012642041153705728
0.7000000000000001,-0.37601416989604397,0.0023579040135468373,0.0012580049141378477
0.7000000000000001,-0.36601416989604396,0.0023612607280709907,0.0012542683593379964
0.7000000000000001,-0.35601416989604395,0.0023696090264348243,0.00125329134070402
0.7000000000000001,-0.34601416989604394,0.002383418528938728,0.001255385592414596
0.7000000000000001,-0.33601416989604393,0.00240317654941311,0.0012608779151451585
0.7000000000000001,-0.3260141698960439,0.002429388027186512,0.0012701103804024913
0.7000000000000001,-0.3160141698960439,0.0024625754264651443,0.0012834405159667492
0.7000000000000001,-0.3060141698960439,0.002503278602429659,0.0013012414712730367
0.7000000000000001,-0.2960141698960439,0.0025520546333780585,0.0013239021615563471
0.7000000000000001,-0.2860141698960439,0.0026094776183704805,0.0013518273896310027
0.7000000000000001,-0.2760141698960439,0.002676138439819328,0.0013854379441546713
0.7000000000000001,-0.2660141698960439,0.002752644490615752,0.00142517067329017
0.7000000000000001,-0.25601416989604386,0.0028396193653940126,0.001471478532674527
0.7000000000000001,-0.24601416989604385,0.0029377025156565205,0.0015248306066602065
0.7000000000000001,-0.23601416989604385,0.0030475488685164902,0.0015857121018076155
0.7000000000000001,-0.22601416989604384,0.003169828408946279,0.0016546243116745915
0.7000000000000001,-0.21601416989604383,0.0033052257254496896,0.0017320845519668668
0.7000000000000001,-0.20601416989604382,0.003454439519198918,0.001818626065181956
0.7000000000000001,-0.1960141698960438,0.003618182076746982,0.001914797893923927
0.7000000000000001,-0.1860141698960438,0.0037971787065089932,0.00202116472212093
0.7000000000000001,-0.1760141698960438,0.003992167139309407,0.002138306683445986
0.7000000000000001,-0.16601416989604378,0.004203896893367651,0.0022668191362986605
0.7000000000000001,-0.15601416989604378,0.004433128604189082,0.0024073124047755295
0.7000000000000001,-0.14601416989604377,0.0046806333199204166,0.002560411485129401
0.7000000000000001,-0.13601416989604376,0.004947191762821152,0.0027267557172927
0.7000000000000001,-0.12601416989604375,0.005233593557584614,0.0029069984211136774
0.7000000000000001,-0.11601416989604374,0.005540636427335586,0.0031018064970357523
0.7000000000000001,-0.10601416989604373,0.0058691253582320805,0.0033118599910391426
0.7000000000000001,-0.09601416989604372,0.006219871733661135,0.003537851623735561
0.7000000000000001,-0.08601416989604371,0.006593692439139136,0.003780486283611048
0.7000000000000001,-0.0760141698960437,0.006991408939075743,0.004040480484482399
0.7000000000000001,-0.0660141698960437,0.007413846326672925,0.0043185617873375565
0.7000000000000001,-0.056014169896043686,0.007861832348304131,0.004615468186818504
0.7000000000000001,-0.04601416989604368,0.008336196403779956,0.004931947462688654
0.7000000000000001,-0.03601416989604367,0.008837768524014203,0.005268756496736446
0.7000000000000001,-0.02601416989604366,0.00936737832764345,0.0056266605556433355
0.7000000000000001,-0.01601416989604365,0.00992585395826004,0.006006432540457008
0.7000000000000001,-0.006014169896043642,0.010514021003936004,0.006408852203380006
0.7000000000000001,0.003985830103956367,0.011132701400849989,0.0068347053327134305
0.7000000000000001,0.013985830103956154,0.011782712322794368,0.007284782906840523
0.7000000000000001,0.023985830103956385,0.012464865058492243,0.007759880218276454
0.7000000000000001,0.033985830103956616,0.013179963878631644,0.008260795968863572
0.7000000000000001,0.0439858301039564,0.01392880489459784,0.008788331337294154
0.7000000000000001,0.05398583010395619,0.014712174910950877,0.009343289020242661
0.7000000000000001,0.06398583010395642,0.01553085027367089,0.009926472248441842
0.7000000000000001,0.07398583010395665,0.01638559571629355,0.010538683779155447
0.7000000000000001,0.08398583010395644,0.017277163206031967,0.011180724866551589
0.7000000000000001,0.09398583010395622,0.018206290792039424,0.011853394211576922
0.7000000000000001,0.10398583010395646,0.01917370145795709,0.012557486892990855
0.7000000000000001,0.11398583010395669,0.0201801019809204,0.013293793281299008
0.7000000000000001,0.12398583010395647,0.021226181799193125,0.014063097937385565
0.7000000000000001,0.13398583010395626,0.02231261189060335,0.014866178497709073
0.7000000000000001,0.1439858301039565,0.023440043663941968,0.015703804547980153
0.7000000000000001,0.15398583010395672,0.02460910786548854,0.01657673648730062
0.7000000000000001,0.1639858301039565,0.025820413502801377,0.017485724384787397
0.7000000000000001,0.1739858301039563,0.027074546787875527,0.01843150683074232
0.7000000000000001,0.18398583010395653,0.028372070101782068,0.019414809784487706
0.7000000000000001,0.19398583010395676,0.02971352098282584,0.02043634542100004
0.7000000000000001,0.20398583010395654,0.031099411140251203,0.021496810978518372
0.7000000000000001,0.21398583010395633,0.032530225495459725,0.022596887609316756
0.7000000000000001,0.22398583010395656,0.03400642125268853,0.023737239235865737
0.7000000000000001,0.2339858301039568,0.035528427000993616,0.02491851141459449
0.7000000000000001,0.24398583010395658,0.03709664184937786,0.026141330209500695
0.7000000000000001,0.25398583010395637,0.038711434596803096,0.0274063010778377
0.7000000000000001,0.2639858301039566,0.04037314293877655,0.028714007770113917
0.7000000000000001,0.27398583010395683,0.042082072712116225,0.030065011246623946
0.7000000000000001,0.2839858301039566,0.043838497179447766,0.03145984861272736
0.7000000000000001,0.2939858301039564,0.045642656354869214,0.03289903207505217
0.7000000000000001,0.30398583010395663,0.04749475637217824,0.03438304792079552
0.7000000000000001,0.31398583010395686,0.049394968896934024,0.03591235552224381
0.7000000000000001,0.32398583010395665,0.051343430583557,0.037487386368609044
0.7000000000000001,0.33398583010395644,0.053340242578564796,0.03910854312722915
0.7000000000000001,0.34398583010395667,0.055385470070963054,0.040776198736140704
0.7000000000000001,0.3539858301039569,0.05747914189068688,0.04249069552996699
0.7000000000000001,0.3639858301039567,0.059621250155917994,0.044252344401022256
0.7000000000000001,0.3739858301039565,0.061811749969966565,0.046061423997452146
0.7000000000000001,0.3839858301039567,0.06405055916834652,0.047918179960185575
0.7000000000000001,0.39398583010395694,0.06633755811652256,0.04982282420037782
0.7000000000000001,0.4039858301039567,0.0686725895587315,0.051775534218965004
0.7000000000000001,0.4139858301039565,0.07105545851817885,0.05377645246987035
0.7000000000000001,0.42398583010395674,0.07348593224876118,0.055825685768297564
0.7000000000000001,0.43398583010395697,0.07596374023843033,0.057923304745495306
0.7000000000000001,0.44398583010395676,0.07848857426413759,0.060069343351248736
0.7000000000000001,0.45398583010395654,0.08106008849823726,0.06226379840528383
0.7000000000000001,0.4639858301039568,0.08367789966610698,0.06450662919866386
0.7000000000000001,0.473985830103957,0.08634158725464483,0.0667977571461603
0.7000000000000001,0.4839858301039568,0.08905069377118788,0.06913706549047231
0.7000000000000001,0.4939858301039566,0.09180472505233087,0.07152439905907962
0.7000000000000001,0.5039858301039568,0.09460315062197339,0.07395956407438316
0.7000000000000001,0.513985830103957,0.09744540409788344,0.07644232801770551
0.7000000000000001,0.5239858301039568,0.10033088364594361,0.07897241954760174
0.7000000000000001,0.5339858301039566,0.1032589524811415,0.08154952847281176
0.7000000000000001,0.5439858301039568,0.10622893941432655,0.08417330578009942
0.7000000000000001,0.5539858301039571,0.10924013944362705,0.08684336371708969
0.7000000000000001,0.5639858301039569,0.11229181438935826,0.08955927593011162
0.7000000000000001,0.5739858301039567,0.11538319357119126,0.09232057765695402
0.7000000000000001,0.5839858301039569,0.11851347452624779,0.09512676597430796
0.7000000000000001,0.5939858301039571,0.12168182376674376,0.09797730009957999
0.7000000000000001,0.6039858301039569,0.12488737757574808,0.10087160174665077
0.7000000000000001,0.6139858301039567,0.12812924283952468,0.1038090555350263
0.7000000000000001,0.6239858301039569,0.1314064979149166,0.10678900945174777
0.7000000000000001,0.6339858301039571,0.1347181935301443,0.10981077536530155
0.7000000000000001,0.6439858301039569,0.13806335371738762,0.11287362959069197
0.7000000000000001,0.6539858301039567,0.14144097677542278,0.11597681350470826
0.7000000000000001,0.663985830103957,0.14485003626060922,0.11911953421035157
0.7000000000000001,0.6739858301039572,0.1482894820044502,0.12230096524927175
0.7000000000000001,0.683985830103957,0.15175824115594302,0.12552024736098183
0.7000000000000001,0.6939858301039568,0.15525521924692112,0.12877648928753366
0.7000000000000001,0.703985830103957,0.15877930127854248,0.1320687686222345
0.7000000000000001,0.7139858301039572,0.1623293528271199,0.1353961327009334
0.7000000000000001,0.723985830103957,0.1659042211674318,0.1387575995343002
0.7000000000000001,0.7339858301039568,0.16950273641168173,0.14215215877946127
0.7000000000000001,0.743985830103957,0.17312371266227755,0.14557877274928968
0.7000000000000001,0.7539858301039573,0.17676594917659827,0.14903637745757067
0.7000000000000001,0.763985830103957,0.1804282315419265,0.1525238836982089
0.7000000000000001,0.7739858301039568,0.1841093328587758,0.1560401781565969
0.7000000000000001,0.7839858301039571,0.1878080149308141,0.15958412455119145
0.7000000000000001,0.7939858301039573,0.19152302945964944,0.16315456480331667
0.7000000000000001,0.8039858301039571,0.19525311924276886,0.16675032023316727
0.7000000000000001,0.8139858301039569,0.19899701937292885,0.17037019277993404
0.7000000000000001,0.8239858301039571,0.20275345843737186,0.17401296624396123
0.7000000000000001,0.8339858301039573,0.2065211597152572,0.17767740754880312
0.7000000000000001,0.8439858301039571,0.210298842371748,0.18136226802103056
0.7000000000000001,0.8539858301039569,0.21408522264724478,0.1850662846856185
0.7000000000000001,0.8639858301039571,0.2178790150403112,0.18878818157473692
0.7000000000000001,0.8739858301039574,0.2216789334828669,0.19252667104774646
0.7000000000000001,0.8839858301039571,0.22548369250631808,0.19628045512021816
0.7000000000000001,0.8939858301039569,0.22929200839730862,0.2000482267997748
0.7000000000000001,0.9039858301039572,0.2331026003418718,0.2038286714265769
0.7000000000000001,0.9139858301039574,0.23691419155679694,0.20762046801627346
0.7000000000000001,0.9239858301039572,0.24072551040709653,0.21142229060325976
0.7000000000000001,0.933985830103957,0.24453529150853195,0.21523280958210603
0.7000000000000001,0.9439858301039572,0.24834227681420062,0.2190506930450395
0.7000000000000001,0.9539858301039574,0.25214521668425854,0.22287460811338752
0.7000000000000001,0.9639858301039572,0.2559428709379353,0.2267032222609436
0.7000000000000001,0.973985830103957,0.259734009887026,0.2305352046272198
0.7000000000000001,0.9839858301039572,0.2635174153501457,0.234369227318624
0.7000000000000001,0.9939858301039575,0.2672918816470673,0.2382039666956173
0.7000000000000001,1.0039858301039573,0.27105621657254814,0.24203810464397674
0.7000000000000001,1.013985830103957,0.2748092423490985,0.2458703298283218
0.7000000000000001,1.0239858301039573,0.2785497965582048,0.24969933892612534
0.7000000000000001,1.0339858301039575,0.2822767330496019,0.2535238378404925
0.7000000000000001,1.0439858301039573,0.28598892282820754,0.2573425428900355
0.7000000000000001,1.053985830103957,0.28968525491842984,0.26115418197425366
0.7000000000000001,1.0639858301039573,0.2933646372055808,0.26495749571287774
0.7000000000000001,1.0739858301039575,0.2970259972541952,0.26875123855771366
0.7000000000000001,1.0839858301039573,0.30066828310310273,0.27253417987558914
0.7000000000000001,1.0939858301039571,0.30429046403714866,0.2763051050010782
0.7000000000000001,1.1039858301039573,0.30789153133548625,0.28006281625774593
0.7000000000000001,1.1139858301039576,0.31147049899643653,0.283806133946741
0.7000000000000001,1.1239858301039574,0.31502640443892205,0.2875338973016335
0.7000000000000001,1.1339858301039571,0.31855830918052425,0.2912449654084685
0.7000000000000001,1.1439858301039574,0.32206529949225365,0.2949382180900935
0.7000000000000001,1.1539858301039576,0.32554648703014666,0.29861255675389037
0.7000000000000001,1.1639858301039574,0.3290010094438217,0.3022669052021192
0.7000000000000001,1.1739858301039572,0.33242803096216456,0.3059002104041714
0.7000000000000001,1.1839858301039574,0.33582674295631854,0.30951144323009505
0.7000000000000001,1.1939858301039576,0.33919636448017876,0.31309959914484525
0.7000000000000001,1.2039858301039574,0.34253614278860234,0.3166636988627888
0.7000000000000001,1.2139858301039572,0.3458453538335551,0.3202027889620705
0.7000000000000001,1.2239858301039575,0.34912330273841974,0.3237159424585262
0.7000000000000001,1.2339858301039577,0.35236932425069456,0.3272022593389043
0.7000000000000001,1.2439858301039575,0.3555827831733218,0.3306608670532416
0.7000000000000001,1.2539858301039573,0.3587630747748603,0.3340909209663017
0.7000000000000001,1.2639858301039575,0.3619096251787388,0.3374916047680702
0.7000000000000001,1.2739858301039577,0.36502189173179034,0.34086213084336514
0.7000000000000001,1.2839858301039575,0.3680993633522881,0.34420174060070274
0.7000000000000001,1.2939858301039573,0.37114156085765215,0.3475097047606137
0.7000000000000001,1.3039858301039575,0.3741480372720219,0.3507853236036871
0.7000000000000001,1.3139858301039578,0.37711837811382976,0.354027927178675
0.7000000000000001,1.3239858301039575,0.3800522016635296,0.3572368754710611
0.7000000000000001,1.3339858301039573,0.38294915921158257,0.36041155853255674
0.7000000000000001,1.3439858301039576,0.38580893528679494,0.36355139657204283
0.7000000000000001,1.3539858301039578,0.38863124786506953,0.36665584000854007
0.7000000000000001,1.3639858301039576,0.39141584855861433,0.3697243694868427
0.7000000000000001,1.3739858301039574,0.3941625227856152,0.37275649585650156
0.7000000000000001,1.3839858301039576,0.3968710899203508,0.37575176011489103
0.7000000000000001,1.3939858301039578,0.39954140342371736,0.3787097333151502
0.7000000000000001,1.4039858301039576,0.40217335095406775,0.38163001643982086
0.7000000000000001,1.4139858301039574,0.40476685445827576,0.3845122402410588
0.7000000000000001,1.4239858301039576,0.40732187024287847,0.38735606504832726
0.7000000000000001,1.4339858301039579,0.4098383890251328,0.390161180544517
0.7000000000000001,1.4439858301039576,0.41231643596380063,0.3929273055114817
0.7000000000000001,1.4539858301039574,0.41475607066942377,0.39565418754599463
0.7000000000000001,1.4639858301039577,0.4171573871938522,0.39834160274717223
0.7000000000000001,1.473985830103958,0.4195205139987379,0.40098935537642905
0.7000000000000001,1.4839858301039577,0.4218456139026998,0.4035972774910573
0.7000000000000001,1.4939858301039575,0.4241328840068236,0.4061652285525387
0.7000000000000001,1.5039858301039577,0.4263825555981593,0.4086930950107199
0.7000000000000001,1.513985830103958,0.42859489403083556,0.41118078986499107
0.7000000000000001,1.5239858301039577,0.4307701985844171,0.4136282522036279
0.7000000000000001,1.5339858301039575,0.43290880229908724,0.4160354467224598
0.7000000000000001,1.5439858301039577,0.43501107178725223,0.4184023632240365
0.7000000000000001,1.553985830103958,0.4370774070211355,0.4207290160984735
0.7000000000000001,1.5639858301039578,0.4391082410959185,0.4230154437871532
0.7000000000000001,1.5739858301039575,0.44110403996800357,0.42526170823046483
0.7000000000000001,1.5839858301039578,0.4430653021679388,0.42746789430075754
0.7000000000000001,1.593985830103958,0.44499255848756997,0.4296341092216821
0.7000000000000001,1.6039858301039578,0.44688637164098066,0.4317604819750864
0.7000000000000001,1.6139858301039576,0.4487473358987832,0.433847162696622
0.7000000000000001,1.6239858301039578,0.4505760766953459,0.43589432206121026
0.7000000000000001,1.633985830103958,0.45237325020853525,0.4379021506594972
0.7000000000000001,1.6439858301039578,0.454139542911596,0.4398708583664221
0.7000000000000001,1.6539858301039576,0.4558756710967845,0.44180067370299786
0.7000000000000001,1.6639858301039578,0.4575823803704167,0.4436918431923907
0.7000000000000001,1.673985830103958,0.45926044511900166,0.44554463071135986
0.7000000000000001,1.6839858301039579,0.4609106679461767,0.44735931683810753
0.7000000000000001,1.6939858301039576,0.4625338790801813,0.44913619819755285
0.7000000000000001,1.7039858301039579,0.46413093575165576,0.4508755868050321
0.7000000000000001,1.713985830103958,0.4657027215415782,0.4525778094093937
0.7000000000000001,1.723985830103958,0.4672501456992074,0.4542432068364357
0.7000000000000001,1.7339858301039577,0.4687741424299403,0.4558721333336022
0.7000000000000001,1.743985830103958,0.47027567015304306,0.4574649559168299
0.7000000000000001,1.7539858301039581,0.47175571072926414,0.45902205372040245
0.7000000000000001,1.763985830103958,0.4732152686583985,0.46054381735064703
0.7000000000000001,1.7739858301039577,0.47465537024692184,0.4620306482442701
0.7000000000000001,1.783985830103958,0.47607706274588135,0.4634829580321013
0.7000000000000001,1.7939858301039582,0.4774814134592792,0.46490116790898267
0.7000000000000001,1.803985830103958,0.4788695088232656,0.4662857080105074
0.7000000000000001,1.8139858301039578,0.4802424534565024,0.46763701679728054
0.7000000000000001,1.823985830103958,0.4816013691821502,0.46895554044733856
0.7000000000000001,1.8339858301039582,0.48294739402196973,0.4702417322573372
0.7000000000000001,1.843985830103958,0.4842816811631343,0.47149605205307676
0.7000000000000001,1.8539858301039578,0.4856053978983817,0.4727189656099075
0.7000000000000001,1.863985830103958,0.4869197245402397,0.473910944083519
0.7000000000000001,1.8739858301039582,0.4882258533101018,0.4750724634515892
0.7000000000000001,1.883985830103958,0.4895249872030248,0.4762040039667318
0.7000000000000001,1.8939858301039578,0.49081833882917947,0.47730604962115153
0.7000000000000001,1.903985830103958,0.49210712923295485,0.4783790876233819
0.7000000000000001,1.9139858301039583,0.49339258669079145,0.4794236078874486
0.7000000000000001,1.923985830103958,0.4946759454888982,0.4804401025347726
0.7000000000000001,1.9339858301039579,0.4959584446820564,0.4814290654090919
0.7000000000000001,1.943985830103958,0.49724132683479805,0.4823909916046535
0.7000000000000001,1.9539858301039583,0.49852583674630413,0.4833263770078951
0.7000000000000001,1.963985830103958,0.4998132201604438,0.48423571785280906
0.7000000000000001,1.973985830103958,0.5011047224624143,0.48511951029014944
0.7000000000000001,1.9839858301039581,0.5024015873635321,0.48597824997061745
0.7000000000000001,1.9939858301039584,0.503705055575761,0.4868124316421309
0.8,-1.9960141698960454,0.01079950707634765,0.004515305753194244
0.8,-1.9860141698960454,0.010271473862155607,0.004271836212323426
0.8,-1.9760141698960454,0.009771709724608118,0.0040419847717720215
0.8,-1.9660141698960454,0.009299039145084044,0.003825207729665346
0.8,-1.9560141698960454,0.008852312673587326,0.003620969826823422
0.8,-1.9460141698960454,0.008430407557032865,0.003428744765185877
0.8,-1.9360141698960454,0.008032228300504483,0.0032480156964670203
0.8,-1.9260141698960453,0.007656707162147371,0.003078275680595851
0.8,-1.9160141698960453,0.007302804582479222,0.00291902811356929
0.8,-1.9060141698960453,0.006969509549089526,0.002769787124444617
0.8,-1.8960141698960453,0.006655839897774661,0.0026300779412587695
0.8,-1.8860141698960453,0.0063608425513194695,0.002499437225754745
0.8,-1.8760141698960453,0.006083593697238617,0.002377413376869159
0.8,-1.8660141698960453,0.005823198905912121,0.002263566803015319
0.8,-1.8560141698960453,0.005578793190644876,0.0021574701632695783
0.8,-1.8460141698960453,0.005349541011299193,0.0020587085776509265
0.8,-1.8360141698960453,0.005134636223219132,0.0019668798067493435
0.8,-1.8260141698960453,0.004933301973279207,0.0018815944010407597
0.8,-1.8160141698960452,0.004744790544935026,0.001802475820284028
0.8,-1.8060141698960452,0.004568383154265612,0.0017291605234780055
0.8,-1.7960141698960452,0.0044033896990145005,0.0016612980299053242
0.8,-1.7860141698960452,0.004249148462743694,0.0015985509518702428
0.8,-1.7760141698960452,0.004105025776222001,0.0015405949997830198
0.8,-1.7660141698960452,0.003970415638246225,0.0014871189603129092
0.8,-1.7560141698960452,0.0038447392980801715,0.0014378246483686924
0.8,-1.7460141698960452,0.003727444801804413,0.0013924268337455544
0.8,-1.7360141698960452,0.0036180065047909994,0.001350653143289144
0.8,-1.7260141698960452,0.003515924552616223,0.0013122439395027593
0.8,-1.7160141698960452,0.003420724332686833,0.0012769521765485332
0.8,-1.7060141698960452,0.0033319558988500982,0.001244543234629116
0.8,-1.6960141698960451,0.003249193371293429,0.0012147947337851001
0.8,-1.6860141698960451,0.0031720343139728653,0.0011874963281543578
0.8,-1.6760141698960451,0.003100099091833177,0.0011624494817810134
0.8,-1.6660141698960451,0.003033030210026756,0.001139467227073538
0.8,-1.656014169896045,0.0029704916373384134,0.0011183739070411787
0.8,-1.646014169896045,0.0029121681159443953,0.001099004902437701
0.8,-1.636014169896045,0.0028577644596530292,0.0010812063449745942
0.8,-1.626014169896045,0.002807004842647574,0.0010648348177442286
0.8,-1.616014169896045,0.002759632080792456,0.0010497570440304613
0.8,-1.606014169896045,0.002715406907422906,0.0010358495656532525
0.8,-1.596014169896045,0.0026741072455538544,0.0010229984120175614
0.8,-1.586014169896045,0.002635527478316088,0.001011098761006561
0.8,-1.576014169896045,0.0025994777194084215,0.0010000545928653844
0.8,-1.566014169896045,0.0025657830852787505,0.0009897783382061705
0.8,-1.556014169896045,0.0025342829706351266,0.0009801905212333346
0.8,-1.546014169896045,0.002504830328885708,0.0009712193992942183
0.8,-1.536014169896045,0.002477290958959832,0.0009628005998119124
0.8,-1.526014169896045,0.00245154279993357,0.0009548767556488565
0.8,-1.516014169896045,0.002427475234790694,0.0009473971399166411
0.8,-1.506014169896045,0.0024049884045497264,0.00094031730120915
0.8,-1.496014169896045,0.002383992533955546,0.0009335987002204768
0.8,-1.486014169896045,0.002364407269804038,0.0009272083486558055
0.8,-1.476014169896045,0.0023461610329182305,0.0009211184513173129
0.8,-1.466014169896045,0.0023291903847158252,0.0009153060522084153
0.8,-1.456014169896045,0.0023134394092029164,0.0009097526854502066
0.8,-1.446014169896045,0.002298859111189228,0.0009044440317753551
0.8,-1.436014169896045,0.0022854068314080763,0.0008993695813094101
0.8,-1.426014169896045,0.002273045679176396,0.0008945223033148994
0.8,-1.416014169896045,0.002261743983134305,0.0008898983235207589
0.8,-1.4060141698960449,0.002251474760555132,0.0008854966096223068
0.8,-1.3960141698960449,0.0022422152056240947,0.0008813186654824975
0.8,-1.3860141698960449,0.0022339461970366297,0.0008773682345263809
0.8,-1.3760141698960449,0.0022266518251908194,0.000873651012769536
0.8,-1.3660141698960448,0.0022203189391869515,0.0008701743718758422
0.8,-1.3560141698960448,0.0022149367138044923,0.0008669470925994235
0.8,-1.3460141698960448,0.0022104962365366233,0.000863979108908288
0.8,-1.3360141698960448,0.002206990114750688,0.0008612812630571695
0.8,-1.3260141698960448,0.0022044121029562856,0.0008588650718200427
0.8,-1.3160141698960448,0.0022027567501474088,0.0008567425040611673
0.8,-1.3060141698960448,0.0022020190671074103,0.0008549257697694432
0.8,-1.2960141698960448,0.0022021942135622774,0.0008534271206537177
0.8,-1.2860141698960448,0.002203277204999036,0.0008522586623462078
0.8,-1.2760141698960448,0.002205262638946681,0.0008514321782287435
0.8,-1.2660141698960448,0.0022081444404963373,0.0008509589648643298
0.8,-1.2560141698960448,0.002211915626778614,0.000850849678970915
0.8,-1.2460141698960447,0.002216568090132385,0.00085111419585679
0.8,-1.2360141698960447,0.002222092399640007,0.0008517614791927605
0.8,-1.2260141698960447,0.0022284776207170767,0.000852799461979443
0.8,-1.2160141698960447,0.00223571115240592,0.0008542349385331868
0.8,-1.2060141698960447,0.0022437785820231555,0.0008560734672949397
0.8,-1.1960141698960447,0.002252663556805321,0.0008583192842460272
0.8,-1.1860141698960447,0.0022623476721671753,0.0008609752266868839
0.8,-1.1760141698960447,0.002272810376213806,0.0008640426671290143
0.8,-1.1660141698960447,0.0022840288901223487,0.0008675214570270026
0.8,-1.1560141698960447,0.002295978144011489,0.0008714098800656386
0.8,-1.1460141698960447,0.002308630727940232,0.0008757046147145517
0.8,-1.1360141698960446,0.002321956857641138,0.0008804007057400784
0.8,-1.1260141698960446,0.002335924354646233,0.000885491544375365
0.8,-1.1160141698960446,0.0023504986404167243,0.0008909688568265214
0.8,-1.1060141698960446,0.0023656427441604046,0.000896822700814108
0.8,-1.0960141698960446,0.0023813173239646424,0.0009030414698262931
0.8,-1.0860141698960446,0.002397480700918248,0.0009096119047750092
0.8,-1.0760141698960446,0.00241408890591276,0.000916519112752909
0.8,-1.0660141698960446,0.0024310957387959583,0.0009237465925846063
0.8,-1.0560141698960446,0.002448452839591216,0.0009312762668838334
0.8,-1.0460141698960446,0.002466109771480516,0.0009390885203274243
0.8,-1.0360141698960446,0.0024840141152869684,0.0009471622438773816
0.8,-1.0260141698960445,0.002502111575185143,0.0009554748846874746
0.8,-1.0160141698960445,0.002520346095379135,0.0009640025014440919
0.8,-1.0060141698960445,0.002538659987525745,0.0009727198249154863
0.8,-0.9960141698960445,0.0025569940686415867,0.0009816003234810774
0.8,-0.9860141698960445,0.002575287809284818,0.0009906162734441668
0.8,-0.9760141698960445,0.002593479491792,0.0009997388339416965
0.8,-0.9660141698960445,0.002611506378361182,0.0010089381262830652
0.8,-0.9560141698960445,0.002629304888771672,0.0010181833175656814
0.8,-0.9460141698960445,0.00264681078754253,0.0010274427084349643
0.8,-0.9360141698960445,0.0026639593803373784,0.0010366838248759165
0.8,-0.9260141698960445,0.002680685719415784,0.0010458735139374739
0.8,-0.9160141698960445,0.002696924817929436,0.001054978043308252
0.8,-0.9060141698960444,0.0027126118728828296,0.0010639632046877386
0.8,-0.8960141698960444,0.0027276824965434708,0.0010727944209023696
0.8,-0.8860141698960444,0.0027420729560974073,0.0010814368567380313
0.8,-0.8760141698960444,0.002755720421349429,0.0010898555334792799
0.8,-0.8660141698960444,0.002768563220229323,0.001098015447149718
0.8,-0.8560141698960444,0.0027805411018895915,0.0011058816904734755
0.8,-0.8460141698960444,0.0027915955071459927,0.001113419578582175
0.8,-0.8360141698960444,0.002801669845999992,0.0011205947785032718
0.8,-0.8260141698960444,0.0028107097819802234,0.0011273734424800481
0.8,-0.8160141698960444,0.0028186635230089945,0.0011337223451765817
0.8,-0.8060141698960444,0.002825482118490423,0.0011396090248309938
0.8,-0.7960141698960443,0.002831119762286861,0.0011450019284216092
0.8,-0.7860141698960443,0.002835534101256513,0.001149870560923802
0.8,-0.7760141698960443,0.0028386865489495724,0.0011541856387178836
0.8,-0.7660141698960443,0.002840542604104739,0.0011579192472326789
0.8,-0.7560141698960443,0.002841072173504903,0.001161045002886229
0.8,-0.7460141698960443,0.0028402498987599428,0.001163538219393758
0.8,-0.7360141698960443,0.002838055486540103,0.001165376078500619
0.8,-0.7260141698960443,0.002834474041774362,0.001166537805196661
0.8,-0.7160141698960443,0.0028294964032799614,0.0011670048474513714
0.8,-0.7060141698960443,0.0028231194812844787,0.0011667610605059005
0.8,-0.6960141698960443,0.0028153465962397046,0.001165792895732389
0.8,-0.6860141698960442,0.0028061878183548617,0.0011640895940761094
0.8,-0.6760141698960442,0.002795660307178356,0.0011616433840535652
0.8,-0.6660141698960442,0.002783788650600045,0.0011584496842861598
0.8,-0.6560141698960442,0.0027706052025585,0.0011545073105070488
0.8,-0.6460141698960442,0.002756150418759769,0.0011498186869740663
0.8,-0.6360141698960442,0.002740473189655263,0.0011443900621862508
0.8,-0.6260141698960442,0.002723631169925618,0.0011382317287849815
0.8,-0.6160141698960442,0.002705691103669827,0.0011313582474859315
0.8,-0.6060141698960442,0.002686729144509401,0.0011237886748721323
0.8,-0.5960141698960442,0.0026668311697667186,0.0011155467948393567
0.8,-0.5860141698960442,0.0026460930878726635,0.001106661353460407
0.8,-0.5760141698960441,0.0026246211381465213,0.001097166297006917
0.8,-0.5660141698960441,0.0026025321820622588,0.0010871010128307064
0.8,-0.5560141698960441,0.0025799539851195266,0.0010765105727818278
0.8,-0.5460141698960441,0.0025570254884068593,0.0010654459788008715
0.8,-0.5360141698960441,0.0025338970689652122,0.0010539644103016018
0.8,-0.5260141698960441,0.002510730788024213,0.0010421294729166194
0.8,-0.5160141698960441,0.0024877006262007235,0.0010300114481542574
0.8,-0.5060141698960441,0.002464992704750148,0.0010176875434830541
0.8,-0.4960141698960441,0.002442805491939622,0.0010052421423202636
0.8,-0.48601416989604407,0.0024213499936634325,0.0009927670533864316
0.8,-0.47601416989604406,0.00240084992737306,0.000980361758837471
0.8,-0.46601416989604405,0.002381541878459958,0.0009681336605760335
0.8,-0.45601416989604404,0.002363675438203805,0.0009561983241013291
0.8,-0.44601416989604403,0.002347513322443182,0.0009446797192391628
0.8,-0.436014169896044,0.0023333314701332554,0.0009337104570636165
0.8,-0.426014169896044,0.002321419120981349,0.0009234320222986267
0.8,-0.416014169896044,0.002312078871381912,0.0009139950004665651
0.8,-0.406014169896044,0.0023056267079091873,0.0009055592990329006
0.8,-0.396014169896044,0.002302392017638766,0.0008982943617700064
0.8,-0.386014169896044,0.0023027175746300143,0.0008923793755556983
0.8,-0.37601416989604397,0.0023069595019281166,0.0008880034688031865
0.8,-0.36601416989604396,0.002315487208491273,0.0008853659007091737
0.8,-0.35601416989604395,0.0023286833004929775,0.0008846762404969552
0.8,-0.34601416989604394,0.002346943466489544,0.0008861545358220676
0.8,-0.33601416989604393,0.002370676336022671,0.0008900314695142295
0.8,-0.3260141698960439,0.0024003033112393944,0.0008965485038135232
0.8,-0.3160141698960439,0.0024362583711965576,0.0009059580112706464
0.8,-0.3060141698960439,0.0024789878485782747,0.0009185233914868493
0.8,-0.2960141698960439,0.0025289501785783985,0.0009345191728633037
0.8,-0.2860141698960439,0.002586615619825906,0.0009542310985630605
0.8,-0.2760141698960439,0.0026524659472164187,0.0009779561958738856
0.8,-0.2660141698960439,0.0027269941166569145,0.0010060028282048257
0.8,-0.25601416989604386,0.0028107039017357784,0.0010386907289467247
0.8,-0.24601416989604385,0.00290410950244499,0.001076351016466028
0.8,-0.23601416989604385,0.003007735126107029,0.001119326189511258
0.8,-0.22601416989604384,0.003122114540780477,0.001167970102358535
0.8,-0.21601416989604383,0.003247790601437264,0.001222647919035435
0.8,-0.20601416989604382,0.003385314749314107,0.0012837360460107923
0.8,-0.1960141698960438,0.003535246484896571,0.0013516220427698307
0.8,-0.1860141698960438,0.0036981528150610687,0.001426704509732421
0.8,-0.1760141698960438,0.0038746076749866186,0.0015093929530206956
0.8,-0.16601416989604378,0.00406519132550491,0.0016001076256225838
0.8,-0.15601416989604378,0.004270489726631761,0.0016992793445474324
0.8,-0.14601416989604377,0.004491093888093973,0.0018073492836207532
0.8,-0.13601416989604376,0.0047275991977353115,0.0019247687416183762
0.8,-0.12601416989604375,0.004980604728743479,0.002051998885492007
0.8,-0.11601416989604374,0.005250712526708482,0.0021895104684958246
0.8,-0.10601416989604373,0.005538526877596815,0.0023377835230864535
0.8,-0.09601416989604372,0.0058446535577612434,0.0024973070285192194
0.8,-0.08601416989604371,0.00616969906719822,0.00266857855313721
0.8,-0.0760141698960437,0.006514269847284239,0.0028521038713993398
0.8,-0.0660141698960437,0.006878971484305076,0.0030483965557676863
0.8,-0.056014169896043686,0.007264407900134317,0.003257977543636591
0.8,-0.04601416989604368,0.007671180531447654,0.003481374679544932
0.8,-0.03601416989604367,0.0080998874989348,0.0037191222329904317
0.8,-0.02601416989604366,0.008551122767977558,0.003971760392218825
0.8,-0.01601416989604365,0.009025475302336602,0.004239834734440241
0.8,-0.006014169896043642,0.009523528212373445,0.004523895672974122
0.8,0.003985830103956367,0.010045857899435804,0.004824497881915362
0.8,0.013985830103956154,0.010593033197965705,0.005142199698946251
0.8,0.023985830103956385,0.011165614517008662,0.005477562507018672
0.8,0.033985830103956616,0.01176415298274682,0.005831150095668403
0.8,0.0439858301039564,0.012389189583718922,0.006203528002795873
0.8,0.05398583010395619,0.013041254320423336,0.006595262837818348
0.8,0.06398583010395642,0.01372086536094383,0.007006921587135417
0.8,0.07398583010395665,0.014428528204304847,0.007439070902933256
0.8,0.08398583010395644,0.015164734853206227,0.007892276376389356
0.8,0.09398583010395622,0.015929962997814663,0.008367101796407239
0.8,0.10398583010395646,0.016724675212249206,0.008864108395052367
0.8,0.11398583010395669,0.017549318165398543,0.009383854080916946
0.8,0.12398583010395647,0.01840432184767584,0.009926892661683928
0.8,0.13398583010395626,0.0192900988152949,0.010493773057206402
0.8,0.1439858301039565,0.0202070434536124,0.011085038504456577
0.8,0.15398583010395672,0.021155531261061688,0.011701225755741614
0.8,0.1639858301039565,0.02213591815515128,0.01234286427161463
0.8,0.1739858301039563,0.023148539801948406,0.013010475409935753
0.8,0.18398583010395653,0.024193710970456642,0.013704571612579555
0.8,0.19398583010395676,0.025271724913202502,0.014425655591294143
0.8,0.20398583010395654,0.02638285277432186,0.015174219514248261
0.8,0.21398583010395633,0.027527343026356305,0.015950744194811826
0.8,0.22398583010395656,0.028705420936941742,0.016755698284140516
0.8,0.2339858301039568,0.029917288066455244,0.017589537469125522
0.8,0.24398583010395658,0.031163121797672808,0.018452703677294607
0.8,0.25398583010395637,0.03244307489838273,0.019345624290238374
0.8,0.2639858301039566,0.033757275117844786,0.020268711367139234
0.8,0.27398583010395683,0.0351058248178962,0.02122236087996984
0.8,0.2839858301039566,0.03648880063945195,0.022206951961925195
0.8,0.2939858301039564,0.037906253205031375,0.023222846170625054
0.8,0.30398583010395663,0.03935820685790419,0.024270386767620368
0.8,0.31398583010395686,0.04084465943833061,0.025349898015701512
0.8,0.32398583010395665,0.04236558209730886,0.02646168449548873
0.8,0.33398583010395644,0.04392091914814677,0.02760603044274999
0.8,0.34398583010395667,0.045510587956105214,0.02878319910786402
0.8,0.3539858301039569,0.047134478866252175,0.029993432138800222
0.8,0.3639858301039567,0.0487924551696077,0.031236948988956882
0.8,0.3739858301039565,0.05048435310754518,0.032513946351142686
0.8,0.3839858301039567,0.052209981914367376,0.03382459761895452
0.8,0.39398583010395694,0.05396912389785123,0.03516905237673728
0.8,0.4039858301039567,0.055761534557497404,0.03654743591926941
0.8,0.4139858301039565,0.057586942740146765,0.03795984880226142
0.8,0.42398583010395674,0.05944505083249993,0.03940636642468063
0.8,0.43398583010395697,0.06133553499006876,0.040887038643879034
0.8,0.44398583010395676,0.06325804540194156,0.042401889424410866
0.8,0.45398583010395654,0.06521220659071404,0.043950916521376816
0.8,0.4639858301039568,0.06719761774684965,0.04553409119905683
0.8,0.473985830103957,0.06921385309666908,0.04715135798552491
0.8,0.4839858301039568,0.07126046230308737,0.0488026344638628
0.8,0.4939858301039566,0.07333697089818755,0.05048781110052678
0.8,0.5039858301039568,0.0754428807466078,0.05220675111132928
0.8,0.513985830103957,0.0775776705387155,0.05395929036543917
0.8,0.5239858301039568,0.07974079631245996,0.05574523732771887
0.8,0.5339858301039566,0.08193169200273014,0.05756437303963182
0.8,0.5439858301039568,0.08414977001704663,0.0594164511388937
0.8,0.5539858301039571,0.0863944218363293,0.061301197917945645
0.8,0.5639858301039569,0.08866501863945915,0.06321831242125525
0.8,0.5739858301039567,0.09096091195033904,0.0651674665813793
0.8,0.5839858301039569,0.09328143430608973,0.06714830539362913
0.8,0.5939858301039571,0.09562589994502524,0.06916044712911527
0.8,0.6039858301039569,0.09799360551303087,0.07120348358587113
0.8,0.6139858301039567,0.10038383078691793,0.07327698037766561
0.8,0.6239858301039569,0.10279583941335904,0.07538047726005723
0.8,0.6339858301039571,0.10522887966196709,0.07751348849315404
0.8,0.6439858301039569,0.10768218519111486,0.07967550324048844
0.8,0.6539858301039567,0.1101549758250446,0.08186598600332347
0.8,0.663985830103957,0.11264645834087347,0.08408437708965992
0.8,0.6739858301039572,0.11515582726407561,0.086330093117133
0.8,0.683985830103957,0.11768226567105067,0.08860252754892835
0.8,0.6939858301039568,0.12022494599741729,0.09090105126178845
0.8,0.703985830103957,0.12278303085065617,0.09322501314510667
0.8,0.7139858301039572,0.1253556738258082,0.09557374073007063
0.8,0.723985830103957,0.1279420203229146,0.09794654084774129
0.8,0.7339858301039568,0.13054120836494068,0.10034270031491384
0.8,0.743985830103957,0.1331523694149762,0.1027614866465574
0.8,0.7539858301039573,0.13577462919151967,0.1052021487935793
0.8,0.763985830103957,0.1384071084807007,0.10766391790461805
0.8,0.7739858301039568,0.14104892394438073,0.11014600811053897
0.8,0.7839858301039571,0.1436991889230576,0.11264761733025276
0.8,0.7939858301039573,0.14635701423260347,0.11516792809645882
0.8,0.8039858301039571,0.14902150895390812,0.11770610839988276
0.8,0.8139858301039569,0.15169178121452864,0.12026131255054165
0.8,0.8239858301039571,0.15436693896154466,0.12283268205456085
0.8,0.8339858301039573,0.15704609072485165,0.12541934650503747
0.8,0.8439858301039571,0.15972834637019,0.12802042448543333
0.8,0.8539858301039569,0.1624128178412768,0.130635024483966
0.8,0.8639858301039571,0.1650986198904672,0.13326224581746135
0.8,0.8739858301039574,0.1677848707974226,0.13590117956311512
0.8,0.8839858301039571,0.17047069307535118,0.13855090949662455
0.8,0.8939858301039569,0.17315521416442164,0.14121051303513513
0.8,0.9039858301039572,0.17583756711204024,0.14387906218346602
0.8,0.9139858301039574,0.17851689123971914,0.14655562448207535
0.8,0.9239858301039572,0.18119233279634062,0.14923926395524217
0.8,0.933985830103957,0.1838630455976849,0.15192904205795718
0.8,0.9439858301039572,0.18652819165213536,0.15462401862002784
0.8,0.9539858301039574,0.189186941772528,0.15732325278592058
0.8,0.9639858301039572,0.19183847617420874,0.16002580394890134
0.8,0.973985830103957,0.19448198505934677,0.16273073267803748
0.8,0.9839858301039572,0.19711666918767345,0.16543710163667574
0.8,0.9939858301039575,0.19974174043380766,0.16814397649102397
0.8,1.0039858301039573,0.20235642233141893,0.17085042680751297
0.8,1.013985830103957,0.20495995060448985,0.1735555269376389
0.8,1.0239858301039573,0.20755157368599347,0.1762583568890296
0.8,1.0339858301039575,0.21013055322434776,0.17895800318152408
0.8,1.0439858301039573,0.21269616457801144,0.18165355968708385
0.8,1.053985830103957,0.21524769729865384,0.18434412845241432
0.8,1.0639858301039573,0.21778445560332443,0.1870288205032078
0.8,1.0739858301039575,0.2203057588360896,0.18970675662897432
0.8,1.0839858301039573,0.22281094191961132,0.19237706814747466
0.8,1.0939858301039571,0.22529935579717142,0.19503889764781987
0.8,1.1039858301039573,0.22777036786562577,0.19769139971135002
0.8,1.1139858301039576,0.2302233623998191,0.2003337416094642
0.8,1.1239858301039574,0.2326577409689573,0.2029651039776236
0.8,1.1339858301039571,0.23507292284545356,0.20558468146480124
0.8,1.1439858301039574,0.2374683454067441,0.20819168335771307
0.8,1.1539858301039576,0.23984346453057698,0.21078533417921672
0.8,1.1639858301039574,0.24219775498424023,0.2133648742603194
0.8,1.1739858301039572,0.244530710808198,0.21592956028529744
0.8,1.1839858301039574,0.2468418456945679,0.21847866580947883
0.8,1.1939858301039576,0.2491306933608491,0.2210114817493025
0.8,1.2039858301039574,0.25139680791928765,0.22352731684432145
0.8,1.2139858301039572,0.2536397642422247,0.22602549809087327
0.8,1.2239858301039575,0.25585915832373884,0.2285053711471949
0.8,1.2339858301039577,0.25805460763785293,0.23096630070981478
0.8,1.2439858301039575,0.260225751493537,0.2334076708611117
0.8,1.2539858301039573,0.26237225138668857,0.23582888538797764
0.8,1.2639858301039575,0.26449379134922085,0.23822936807157896
0.8,1.2739858301039577,0.2665900782953436,0.2406085629482577
0.8,1.2839858301039575,0.2686608423650726,0.24296593454167248
0.8,1.2939858301039573,0.2707058372649278,0.24530096806631552
0.8,1.3039858301039575,0.2727248406057489,0.24761316960260263
0.8,1.3139858301039578,0.27471765423748007,0.24990206624377054
0.8,1.3239858301039575,0.276684104580724,0.2521672062148666
0.8,1.3339858301039573,0.2786240429548059,0.2544081589641577
0.8,1.3439858301039576,0.28053734590201473,0.2566245152273243
0.8,1.3539858301039578,0.2824239155076452,0.2588158870648518
0.8,1.3639858301039576,0.2842836797153861,0.26098190787306536
0.8,1.3739858301039574,0.2861165926375496,0.26312223236929516
0.8,1.3839858301039576,0.2879226348595655,0.2652365365516878
0.8,1.3939858301039578,0.2897018137381141,0.2673245176342236
0.8,1.4039858301039576,0.2914541636922031,0.26938589395752055
0.8,1.4139858301039574,0.29317974648643774,0.27142040487604147
0.8,1.4239858301039576,0.2948786515056897,0.2734278106223486
0.8,1.4339858301039579,0.29655099602028046,0.2754078921490708
0.8,1.4439858301039576,0.29819692544080306,0.27736045094928113
0.8,1.4539858301039574,0.29981661356157946,0.2792853088559962
0.8,1.4639858301039577,0.30141026279178196,0.2811823078215333
0.8,1.473985830103958,0.3029781043731362,0.28305130967747927
0.8,1.4839858301039577,0.3045203985831312,0.2848921958760404
0.8,1.4939858301039575,0.30603743492259683,0.2867048672135567
0.8,1.5039858301039577,0.3075295322864908,0.2884892435369787
0.8,1.513985830103958,0.30899703911669174,0.29024526343411133
0.8,1.5239858301039577,0.3104403335355941,0.29197288390844317
0.8,1.5339858301039575,0.3118598234592538,0.29367208003938333
0.8,1.5439858301039577,0.31325594668883017,0.2953428446287316
0.8,1.553985830103958,0.31462917097906806,0.29698518783421657
0.8,1.5639858301039578,0.3159799940825293,0.29859913679093164
0.8,1.5739858301039575,0.3173089437683121,0.3001847352215046
0.8,1.5839858301039578,0.318616577813977,0.30174204303582886
0.8,1.593985830103958,0.31990348396941914,0.3032711359211873
0.8,1.6039858301039578,0.3211702798914339,0.30477210492359036
0.8,1.6139858301039576,0.32241761304774785,0.3062450560211449
0.8,1.6239858301039578,0.32364616058930507,0.30769010969026606
0.8,1.633985830103958,0.3248566291896283,0.30910740046552737
0.8,1.6439858301039578,0.32604975485011856,0.3104970764939449
0.8,1.6539858301039576,0.3272263026701824,0.311859299084469
0.8,1.6639858301039578,0.32838706658113914,0.3131942422534522
0.8,1.673985830103958,0.3295328690428876,0.31450209226684217
0.8,1.6839858301039579,0.33066456070239303,0.31578304717984057
0.8,1.6939858301039576,0.33178302001309734,0.31703731637474314
0.8,1.7039858301039579,0.33288915281442766,0.31826512009766966
0.8,1.713985830103958,0.3339838918706479,0.3194666889948661
0.8,1.723985830103958,0.33506819636837004,0.3206422636492487
0.8,1.7339858301039577,0.33614305137213174,0.3217920941178368
0.8,1.743985830103958,0.33720946723750844,0.3229164394707034
0.8,1.7539858301039581,0.33826847898133916,0.3240155673320487
0.8,1.763985830103958,0.3393211456087194,0.32508975342398605
0.8,1.7739858301039577,0.3403685493965156,0.32613928111360235
0.8,1.783985830103958,0.3414117951332518,0.3271644409638362
0.8,1.7939858301039582,0.3424520093153206,0.3281655302886936
0.8,1.803985830103958,0.34349033929956907,0.3291428527132993
0.8,1.8139858301039578,0.34452795241242673,0.3300967177392568
0.8,1.823985830103958,0.34556603501582983,0.3310274403157683
0.8,1.8339858301039582,0.3466057915303291,0.33193534041694384
0.8,1.843985830103958,0.34764844341586076,0.3328207426257012
0.8,1.8539858301039578,0.34869522811078557,0.33368397572464054
0.8,1.863985830103958,0.3497473979298924,0.33452537229424867
0.8,1.8739858301039582,0.35080621892220465,0.3353452683187688
0.8,1.883985830103958,0.3518729696895161,0.3361440028000459
0.8,1.8939858301039578,0.35294894016669953,0.33692191737963634
0.8,1.903985830103958,0.3540354303649633,0.337679355969446
0.8,1.9139858301039583,0.3551337490793012,0.3384166643911401
0.8,1.923985830103958,0.35624521256153885,0.3391341900245453
0.8,1.9339858301039579,0.3573711431604436,0.3398322814652413
0.8,1.943985830103958,0.3585128679305021,0.34051128819152005
0.8,1.9539858301039583,0.3596717172110485,0.3411715602408671
0.8,1.963985830103958,0.36084902317754664,0.34181344789610046
0.8,1.973985830103958,0.3620461183669117,0.3424373013812819
0.8,1.9839858301039581,0.36326433417885673,0.3430434705674946
0.8,1.9939858301039584,0.36450499935533753,0.34363230468856293
0.9,-1.9960141698960454,0.00973339929942997,0.0023830780364080735
0.9,-1.9860141698960454,0.009279995650669198,0.002254580223170697
0.9,-1.9760141698960454,0.008850932222653214,0.0021332697406574556
0.9,-1.9660141698960454,0.008445131523157044,0.002018859635101155
0.9,-1.9560141698960454,0.008061544893148012,0.0019110674086012507
0.9,-1.9460141698960454,0.0076991528628119164,0.0018096152927369908
0.9,-1.9360141698960454,0.007356965440525872,0.0017142305064687053
0.9,-1.9260141698960453,0.007034022336110019,0.0016246454980922548
0.9,-1.9160141698960453,0.006729393119801255,0.0015405981710504585
0.9,-1.9060141698960453,0.006442177318565766,0.0014618320934568815
0.9,-1.8960141698960453,0.00617150445143056,0.0013880966912199063
0.9,-1.8860141698960453,0.005916534005662632,0.0013191474247038933
0.9,-1.8760141698960453,0.005676455355708724,0.0012547459489031672
0.9,-1.8660141698960453,0.005450487626911605,0.001194660257146974
0.9,-1.8560141698960453,0.0052378795060936695,0.0011386648083922775
0.9,-1.8460141698960453,0.005037909001196169,0.0010865406382046558
0.9,-1.8360141698960453,0.004849883152209476,0.0010380754535621536
0.9,-1.8260141698960453,0.004673137695718896,0.000993063711660401
0.9,-1.8160141698960452,0.004507036685410814,0.0009513066829276815
0.9,-1.8060141698960452,0.004350972070969444,0.0009126124985022807
0.9,-1.7960141698960452,0.0042043632377846115,0.0008767961824500323
0.9,-1.7860141698960452,0.0040666565099701305,0.0008436796690426282
0.9,-1.7760141698960452,0.003937324619170778,0.0008130918054410384
0.9,-1.7660141698960452,0.0038158661416835362,0.0007848683401651466
0.9,-1.7560141698960452,0.00370180490637526,0.0007588518977501433
0.9,-1.7460141698960452,0.0035946893759566867,0.0007348919400323759
0.9,-1.7360141698960452,0.0034940920040632054,0.0007128447145137149
0.9,-1.7260141698960452,0.0033996085706610047,0.000692573190293123
0.9,-1.7160141698960452,0.0033108574982284385,0.0006739469820672815
0.9,-1.7060141698960452,0.0032274791511266573,0.0006568422627209223
0.9,-1.6960141698960451,0.003149135120577909,0.0006411416650532474
0.9,-1.6860141698960451,0.0030755074975730118,0.0006267341731925778
0.9,-1.6760141698960451,0.00300629813602256,0.0006135150042733126
0.9,-1.6660141698960451,0.0029412279083808287,0.0006013854809554784
0.9,-1.656014169896045,0.0028800359559420802,0.0005902528953828444
0.9,-1.646014169896045,0.0028224789359010565,0.0005800303651754533
0.9,-1.636014169896045,0.0027683302672604202,0.0005706366820699248
0.9,-1.626014169896045,0.0027173793775136733,0.000561996153809454
0.9,-1.616014169896045,0.0026694309520458215,0.0005540384399049656
0.9,-1.606014169896045,0.002624304188027341,0.00054669838187255
0.9,-1.596014169896045,0.0025818320545678147,0.000539915828564824
0.9,-1.586014169896045,0.0025418605607439347,0.0005336354571979072
0.9,-1.576014169896045,0.002504248033074896,0.0005278065906789529
0.9,-1.566014169896045,0.002468864403920058,0.0005223830118310345
0.9,-1.556014169896045,0.0024355905121421716,0.0005173227750953711
0.9,-1.546014169896045,0.0024043174173575942,0.0005125880162941708
0.9,-1.536014169896045,0.0023749457289303417,0.0005081447610118427
0.9,-1.526014169896045,0.0023473849508212413,0.0005039627321480076
0.9,-1.516014169896045,0.002321552843295509,0.0005000151571782273
0.9,-1.506014169896045,0.002297374802377782,0.0004962785756381625
0.9,-1.496014169896045,0.0022747832578984698,0.000492732647338585
0.9,-1.486014169896045,0.002253717090834045,0.000489359961790564
0.9,-1.476014169896045,0.0022341210705835034,0.0004861458493063596
0.9,-1.466014169896045,0.002215945312736166,0.00048307819422110807
0.9,-1.456014169896045,0.00219914475777295,0.00048014725065427576
0.9,-1.446014169896045,0.002183678671098294,0.0004773454612147708
0.9,-1.436014169896045,0.002169510164682268,0.00047466727902441096
0.9,-1.426014169896045,0.0021566057405414344,0.0004721089934161969
0.9,-1.416014169896045,0.002144934856188532,0.0004696685596359561
0.9,-1.4060141698960449,0.0021344695121315507,0.00046734543285621754
0.9,-1.3960141698960449,0.002125183861410099,0.00046514040678242926
0.9,-1.3860141698960449,0.0021170538411106584,0.00046305545711114546
0.9,-1.3760141698960449,0.0021100568257287006,0.0004610935900728107
0.9,-1.3660141698960448,0.002104171302186795,0.00045925869626780566
0.9,-1.3560141698960448,0.0020993765662801027,0.0004575554099830291
0.9,-1.3460141698960448,0.002095652440235406,0.00045598897414604085
0.9,-1.3360141698960448,0.0020929790110644424,0.0004545651110579506
0.9,-1.3260141698960448,0.0020913363893125887,0.0004532898990161337
0.9,-1.3160141698960448,0.002090704487796547,0.00045216965492117164
0.9,-1.3060141698960448,0.0020910628198555965,0.0004512108229338728
0.9,-1.2960141698960448,0.002092390316646875,0.0004504198692339066
0.9,-1.2860141698960448,0.002094665162956297,0.000449803182904943
0.9,-1.2760141698960448,0.0020978646509878045,0.00044936698295405906
0.9,-1.2660141698960448,0.002101965051583631,0.00044911723145617407
0.9,-1.2560141698960448,0.0021069415022810564,0.00044905955279020513
0.9,-1.2460141698960447,0.0021127679116387595,0.000449199158924417
0.9,-1.2360141698960447,0.0021194168792190177,0.0004495407806850681
0.9,-1.2260141698960447,0.002126859630636952,0.00045008860493359493
0.9,-1.2160141698960447,0.002135065967061764,0.00045084621755918196
0.9,-1.2060141698960447,0.0021440042285687457,0.0004518165521834404
0.9,-1.1960141698960447,0.0021536412707467063,0.00045300184446318105
0.9,-1.1860141698960447,0.002163942453949442,0.0004544035918625221
0.9,-1.1760141698960447,0.002174871644618592,0.0004560225187625354
0.9,-1.1660141698960447,0.0021863912280928113,0.0004578585467642514
0.9,-1.1560141698960447,0.0021984621323331735,0.0004599107700346426
0.9,-1.1460141698960447,0.002211043862030335,0.00046217743554379117
0.9,-1.1360141698960446,0.002224094542535207,0.00046465592802948585
0.9,-1.1260141698960446,0.0022375709731198667,0.00046734275953144266
0.9,-1.1160141698960446,0.002251428689040245,0.00047023356332510853
0.9,-1.1060141698960446,0.0022656220319567304,0.0004733230920963348
0.9,-1.0960141698960446,0.002280104228223958,0.0004766052201860992
0.9,-1.0860141698960446,0.002294827474617723,0.00048007294974236603
0.9,-1.0760141698960446,0.0023097430310950245,0.00048371842061959087
0.9,-1.0660141698960446,0.0023248013201758537,0.00048753292386409785
0.9,-1.0560141698960446,0.0023399520325864897,0.0004915069186331344
0.9,-1.0460141698960446,0.002355144238798063,0.0004956300523950296
0.9,-1.0360141698960446,0.0023703265061416987,0.0004998911842686181
0.9,-1.0260141698960445,0.002385447021183178,0.0005042784113628339
0.9,-1.0160141698960445,0.0024004537170608234,0.0005087790979843819
0.9,-1.0060141698960445,0.0024152944055359352,0.0005133799075942845
0.9,-0.9960141698960445,0.0024299169134753005,0.0005180668373927909
0.9,-0.9860141698960445,0.002444269223544948,0.0005228252554288658
0.9,-0.9760141698960445,0.002458299618891892,0.0005276399401358955
0.9,-0.9660141698960445,0.002471956831608879,0.000532495122204951
0.9,-0.9560141698960445,0.0024851901947835903,0.0005373745287152208
0.9,-0.9460141698960445,0.0024979497979527475,0.0005422614294517868
0.9,-0.9360141698960445,0.0025101866457935547,0.0005471386853511782
0.9,-0.9260141698960445,0.0025218528198849223,0.0005519887990225557
0.9,-0.9160141698960445,0.0025329016433750734,0.0005567939673015775
0.9,-0.9060141698960444,0.002543287848420325,0.0005615361358074177
0.9,-0.8960141698960444,0.0025529677462317055,0.0005661970554762506
0.9,-0.8860141698960444,0.0025618993995831113,0.0005707583410561833
0.9,-0.8760141698960444,0.0025700427976448614,0.0005752015315585089
0.9,-0.8660141698960444,0.0025773600329747656,0.0005795081526623511
0.9,-0.8560141698960444,0.0025838154805295378,0.0005836597810832232
0.9,-0.8460141698960444,0.0025893759785317293,0.0005876381109183702
0.9,-0.8360141698960444,0.002594011011021796,0.0005914250219878379
0.9,-0.8260141698960444,0.0025976928919296057,0.0005950026501978032
0.9,-0.8160141698960444,0.002600396950475685,0.0005983534599543071
0.9,-0.8060141698960444,0.0026021017177099205,0.0006014603186608023
0.9,-0.7960141698960443,0.002602789113972783,0.0006043065733336271
0.9,-0.7860141698960443,0.002602444637078028,0.0006068761293764512
0.9,-0.7760141698960443,0.0026010575509476104,0.0006091535315455497
0.9,-0.7660141698960443,0.0025986210744820557,0.0006111240471505806
0.9,-0.7560141698960443,0.0025951325703747205,0.0006127737515232877
0.9,-0.7460141698960443,0.0025905937335956412,0.00061408961579115
0.9,-0.7360141698960443,0.002585010779234929,0.0006150595969864379
0.9,-0.7260141698960443,0.002578394629395375,0.0006156727305204599
0.9,-0.7160141698960443,0.002570761098784795,0.0006159192250437793
0.9,-0.7060141698960443,0.002562131078663125,0.0006157905597114475
0.9,-0.6960141698960443,0.0025525307187467625,0.0006152795838587609
0.9,-0.6860141698960442,0.002541991606710538,0.0006143806190957244
0.9,-0.6760141698960442,0.002530550944839361,0.0006130895638060483
0.9,-0.6660141698960442,0.0025182517234345596,0.0006114040000399177
0.9,-0.6560141698960442,0.0025051428905025104,0.0006093233027676091
0.9,-0.6460141698960442,0.0024912795172857905,0.000606848751458535
0.9,-0.6360141698960442,0.00247672295914843,0.0006039836439316324
0.9,-0.6260141698960442,0.0024615410113369295,0.0006007334124142959
0.9,-0.6160141698960442,0.002445808059101413,0.0005971057417286861
0.9,-0.6060141698960442,0.0024296052216826844,0.0005931106895158476
0.9,-0.5960141698960442,0.0024130204896303555,0.0005887608083874383
0.9,-0.5860141698960442,0.0023961488549243716,0.0005840712698818816
0.9,-0.5760141698960441,0.002379092433369455,0.000579059990086984
0.9,-0.5660141698960441,0.0023619605787142087,0.0005737477567717618
0.9,-0.5560141698960441,0.002344869987959971,0.0005681583578570757
0.9,-0.5460141698960441,0.0023279447973037,0.0005623187110337934
0.9,-0.5360141698960441,0.002311316668188797,0.0005562589943258454
0.9,-0.5260141698960441,0.0022951248629111748,0.0005500127773726603
0.9,-0.5160141698960441,0.0022795163092530725,0.0005436171531925248
0.9,-0.5060141698960441,0.0022646456536263328,0.000537112870171612
0.9,-0.4960141698960441,0.0022506753021926664,0.0005305444640023614
0.9,-0.48601416989604407,0.0022377754494863292,0.0005239603892872834
0.9,-0.47601416989604406,0.0022261240940229274,0.0005174131504975542
0.9,-0.46601416989604405,0.0022159070404490257,0.0005109594319706843
0.9,-0.45601416989604404,0.0022073178877664466,0.0005046602266090348
0.9,-0.44601416989604403,0.002200558003213118,0.0004985809629317804
0.9,-0.436014169896044,0.0021958364813928497,0.0004927916301169088
0.9,-0.426014169896044,0.002193370088274537,0.00048736690065760853
0.9,-0.416014169896044,0.00219338318971309,0.0004823862502462427
0.9,-0.406014169896044,0.0021961076641808302,0.00047793407448958644
0.9,-0.396014169896044,0.0022017827994101472,0.0004740998020452812
0.9,-0.386014169896044,0.0022106551727065016,0.0004709780037655074
0.9,-0.37601416989604397,0.0022229785147145137,0.00046866849742390403
0.9,-0.36601416989604396,0.0022390135564618278,0.00046727644759650844
0.9,-0.35601416989604395,0.0022590278595443895,0.00046691246026228195
0.9,-0.34601416989604394,0.0022832956293497913,0.0004676926716838691
0.9,-0.33601416989604393,0.002312097511286903,0.00046973883113251
0.9,-0.3260141698960439,0.002345720369992953,0.0004731783770126928
0.9,-0.3160141698960439,0.00238445705156335,0.00047814450594839674
0.9,-0.3060141698960439,0.002428606128898715,0.0004847762343958371
0.9,-0.2960141698960439,0.0024784716302738686,0.0004932184523445215
0.9,-0.2860141698960439,0.002534362751344734,0.0005036219686860597
0.9,-0.2760141698960439,0.002596593550778479,0.0005161435478223285
0.9,-0.2660141698960439,0.002665482629818977,0.0005309459371081025
0.9,-0.25601416989604386,0.0027413527960861235,0.0005481978847218825
0.9,-0.24601416989604385,0.0028245307120026908,0.0005680741475792925
0.9,-0.23601416989604385,0.0029153465282471687,0.0005907554889087195
0.9,-0.22601416989604384,0.0030141335027303855,0.0006164286651336713
0.9,-0.21601416989604383,0.003121227605589529,0.0006452864017131464
0.9,-0.20601416989604382,0.003236967110778339,0.0006775273576168071
0.9,-0.1960141698960438,0.003361692174862821,0.0007133560781285217
0.9,-0.1860141698960438,0.003495744403672371,0.0007529829356921112
0.9,-0.1760141698960438,0.0036394664075152326,0.0007966240585387006
0.9,-0.16601416989604378,0.0037932013456959037,0.0008445012468563637
0.9,-0.15601416989604378,0.00395729246111734,0.0008968418762889227
0.9,-0.14601416989604377,0.004132082605792149,0.0009538787885776198
0.9,-0.13601416989604376,0.004317913758126101,0.0010158501691874763
0.9,-0.12601416989604375,0.004515126532864044,0.0010829994117874484
0.9,-0.11601416989604374,0.004724059684625772,0.0011555749694839076
0.9,-0.10601416989604373,0.004945049606000605,0.0012338301927400726
0.9,-0.09601416989604372,0.00517842982117281,0.0013180231539406991
0.9,-0.08601416989604371,0.005424530476109395,0.0014084164586001943
0.9,-0.0760141698960437,0.005683677826327795,0.0015052770432385405
0.9,-0.0660141698960437,0.00595619372331108,0.001608875959988501
0.9,-0.056014169896043686,0.0062423951006472305,0.0017194881480304231
0.9,-0.04601416989604368,0.00654259346096634,0.0018373921919820474
0.9,-0.03601416989604367,0.006857094364792195,0.001962870067411617
0.9,-0.02601416989604366,0.007186196922398689,0.0020962068736710463
0.9,-0.01601416989604365,0.0075301932898037115,0.0022376905542879047
0.9,-0.006014169896043642,0.007889368169984782,0.0023876116051807865
0.9,0.003985830103956367,0.008263998320472142,0.002546262771010886
0.9,0.013985830103956154,0.008654352068375068,0.0027139387299994103
0.9,0.023985830103956385,0.009060688833986648,0.002890935767593188
0.9,0.033985830103956616,0.009483258664028157,0.0030775514393805463
0.9,0.0439858301039564,0.009922301775606114,0.003274084223697822
0.9,0.05398583010395619,0.010378048111961313,0.003480833164404128
0.9,0.06398583010395642,0.010850716911007719,0.0036980975043214705
0.9,0.07398583010395665,0.011340516287700626,0.003926176309881441
0.9,0.08398583010395644,0.01184764283119382,0.004165368087538827
0.9,0.09398583010395622,0.012372281217751632,0.004415970392548265
0.9,0.10398583010395646,0.01291460384032005,0.004678279430722083
0.9,0.11398583010395669,0.01347477045564376,0.0049525896538172775
0.9,0.12398583010395647,0.014052927849766089,0.005239193349222073
0.9,0.13398583010395626,0.014649209522711077,0.005538380224636713
0.9,0.1439858301039565,0.01526373539309444,0.005850436988463194
0.9,0.15398583010395672,0.015896611523378342,0.006175646926641408
0.9,0.1639858301039565,0.016547929866421757,0.0065142894766855005
0.9,0.1739858301039563,0.017217768033917828,0.006866639799688315
0.9,0.18398583010395653,0.01790618908729091,0.0072329683510836545
0.9,0.19398583010395676,0.018613241351527293,0.0076135404509607985
0.9,0.20398583010395654,0.01933895825238677,0.008008615854742138
0.9,0.21398583010395633,0.020083358177361052,0.008418448325039575
0.9,0.22398583010395656,0.02084644436071786,0.008843285205518607
0.9,0.2339858301039568,0.02162820479285702,0.009283366997594026
0.9,0.24398583010395658,0.0224286121541963,0.009738926940794377
0.9,0.25398583010395637,0.023247623773704033,0.01021019059762581
0.9,0.2639858301039566,0.024085181612151646,0.010697375443767929
0.9,0.27398583010395683,0.02494121227007852,0.011200690464428528
0.9,0.2839858301039566,0.0258156270204246,0.011720335757682741
0.9,0.2939858301039564,0.026708321865683775,0.012256502145607669
0.9,0.30398583010395663,0.027619177619409276,0.012809370794021861
0.9,0.31398583010395686,0.028548060011805543,0.013379112841620243
0.9,0.32398583010395665,0.02949481981909618,0.01396588903928572
0.9,0.33398583010395644,0.030459293016288608,0.014569849400340272
0.9,0.34398583010395667,0.03144130095290759,0.015191132862483789
0.9,0.3539858301039569,0.03244065055118967,0.015829866962144563
0.9,0.3639858301039567,0.0334571345261996,0.016486167521949466
0.9,0.3739858301039565,0.034490531627242256,0.017160138351991976
0.9,0.3839858301039567,0.03554060689993158,0.01785187096555933
0.9,0.39398583010395694,0.036607111968182365,0.018561444309944677
0.9,0.4039858301039567,0.037689785335369264,0.019288924512947742
0.9,0.4139858301039565,0.03878835270385719,0.020034364645637973
0.9,0.42398583010395674,0.039902527312018224,0.020797804501914777
0.9,0.43398583010395697,0.04103201028788159,0.021579270395380604
0.9,0.44398583010395676,0.042176491018451945,0.022378774973994625
0.9,0.45398583010395654,0.04333564753374469,0.023196317052948875
0.9,0.4639858301039568,0.04450914690453592,0.024031881466168886
0.9,0.473985830103957,0.04569664565280468,0.024885438936804817
0.9,0.4839858301039568,0.04689779017380255,0.025756945967038702
0.9,0.4939858301039566,0.04811221716870326,0.026646344747500248
0.9,0.5039858301039568,0.04933955408670973,0.0275535630865349
0.9,0.513985830103957,0.05057941957554368,0.028478514359537344
0.9,0.5239858301039568,0.051831423939195154,0.02942109747851829
0.9,0.5339858301039566,0.05309516960179758,0.030381196882027908
0.9,0.5439858301039568,0.05437025157653434,0.03135868254552723
0.9,0.5539858301039571,0.055656257938438675,0.0323534100122491
0.9,0.5639858301039569,0.05695277029997524,0.03336522044455138
0.9,0.5739858301039567,0.05825936428831363,0.034393940695727966
0.9,0.5839858301039569,0.059575610023184455,0.03543938340219316
0.9,0.5939858301039571,0.06090107259425617,0.036501347095921954
0.9,0.6039858301039569,0.06223531253699516,0.03757961633698754
0.9,0.6139858301039567,0.06357788630595543,0.03867396186599019
0.9,0.6239858301039569,0.06492834674452924,0.03978414077614132
0.9,0.6339858301039571,0.06628624355017176,0.040909896704720186
0.9,0.6439858301039569,0.06765112373420173,0.04205096004359112
0.9,0.6539858301039567,0.06902253207525691,0.04320704816842072
0.9,0.663985830103957,0.07040001156558531,0.044377865686209404
0.9,0.6739858301039572,0.07178310384936065,0.04556310470070908
0.9,0.683985830103957,0.0731713496522724,0.04676244509526774
0.9,0.6939858301039568,0.0745642892017025,0.047975554832610574
0.9,0.703985830103957,0.0759614626368233,0.04920209027102852
0.9,0.7139858301039572,0.07736241040805353,0.050441696496426165
0.9,0.723985830103957,0.07876667366532597,0.051694007669641245
0.9,0.7339858301039568,0.0801737946347012,0.05295864738842675
0.9,0.743985830103957,0.08158331698293081,0.05423522906346086
0.9,0.7539858301039573,0.08299478616962236,0.055523356307722406
0.9,0.763985830103957,0.0844077497867195,0.056822623338548414
0.9,0.7739858301039568,0.08582175788511345,0.058132615391673345
0.9,0.7839858301039571,0.08723636328821666,0.05945290914652229
0.9,0.7939858301039573,0.08865112189243574,0.06078307316201993
0.9,0.8039858301039571,0.09006559295454702,0.06212266832216035
0.9,0.8139858301039569,0.09147933936601005,0.06347124829056365
0.9,0.8239858301039571,0.09289192791437556,0.06482835997324045
0.9,0.8339858301039573,0.094302929531967,0.06619354398876978
0.9,0.8439858301039571,0.09571191953210345,0.0675663351450898
0.9,0.8539858301039569,0.09711847783319277,0.06894626292209316
0.9,0.8639858301039571,0.09852218917109146,0.07033285195921571
0.9,0.8739858301039574,0.09992264330016787,0.07172562254719965
0.9,0.8839858301039571,0.10131943518361286,0.07312409112321852
0.9,0.8939858301039569,0.10271216517354109,0.07452777076854354
0.9,0.9039858301039572,0.1041004391815335,0.07593617170794041
0.9,0.9139858301039574,0.10548386884029576,0.07734880180998423
0.9,0.9239858301039572,0.10686207165715844,0.07876516708748893
0.9,0.933985830103957,0.10823467116021623,0.08018477219725519
0.9,0.9439858301039572,0.1096012970379151,0.08160712093834804
0.9,0.9539858301039574,0.11096158527295219,0.08303171674812476
0.9,0.9639858301039572,0.11231517827140514,0.0844580631952535
0.9,0.973985830103957,0.11366172498800287,0.08588566446896423
0.9,0.9839858301039572,0.11500088104851869,0.08731402586380109
0.9,0.9939858301039575,0.11633230887025303,0.08874265425915154
0.9,1.0039858301039573,0.11765567778163322,0.09017105859285407
0.9,1.013985830103957,0.11897066414193308,0.09159875032819831
0.9,1.0239858301039573,0.12027695146214878,0.09302524391365452
0.9,1.0339858301039575,0.12157423052807642,0.09445005723469327
0.9,1.0439858301039573,0.12286219952661437,0.09587271205707204
0.9,1.053985830103957,0.12414056417633418,0.09729273446099646
0.9,1.0639858301039573,0.12540903786334168,0.0987096552655819
0.9,1.0739858301039575,0.12666734178343064,0.10012301044306979
0.9,1.0839858301039573,0.12791520509152765,0.1015323415222783
0.9,1.0939858301039571,0.12915236505939487,0.10293719598079383
0.9,1.1039858301039573,0.13037856724250996,0.10433712762543473
0.9,1.1139858301039576,0.13159356565704317,0.10573169696055056
0.9,1.1239858301039574,0.13279712296778678,0.10712047154374581
0.9,1.1339858301039571,0.13398901068784452,0.10850302632864511
0.9,1.1439858301039574,0.13516900939086013,0.10987894399434857
0.9,1.1539858301039576,0.13633690893649875,0.11124781526125327
0.9,1.1639858301039574,0.1374925087098257,0.11260923919294634
0.9,1.1739858301039572,0.13863561787518552,0.11396282348390699
0.9,1.1839858301039574,0.1397660556451067,0.1153081847327805
0.9,1.1939858301039576,0.1408836515646804,0.11664494870102077
0.9,1.2039858301039574,0.1419882458117983,0.11797275055672521
0.9,1.2139858301039572,0.14307968951355776,0.11929123510351645
0.9,1.2239858301039575,0.14415784507903995,0.12060005699435287
0.9,1.2339858301039577,0.1452225865486103,0.12189888093018002
0.9,1.2439858301039575,0.14627379995979428,0.12318738184336452
0.9,1.2539858301039573,0.14731138372967,0.1244652450658771
0.9,1.2639858301039575,0.14833524905366025,0.12573216648222224
0.9,1.2739858301039577,0.14934532032049908,0.12698785266713603
0.9,1.2839858301039575,0.15034153554304375,0.12823202100810493
0.9,1.2939858301039573,0.15132384680451894,0.12946439981277763
0.9,1.3039858301039575,0.15229222071967863,0.1306847284013736
0.9,1.3139858301039578,0.15324663891027712,0.13189275718421223
0.9,1.3239858301039575,0.15418709849412804,0.13308824772451294
0.9,1.3339858301039573,0.15511361258696055,0.1342709727866388
0.9,1.3439858301039576,0.15602621081615087,0.13544071636997673
0.9,1.3539858301039578,0.15692493984534261,0.13659727372867178
0.9,1.3639858301039576,0.1578098639088491,0.1377404513774512
0.9,1.3739858301039574,0.15868106535466187,0.13887006708379468
0.9,1.3839858301039576,0.15953864519476868,0.1399859498467241
0.9,1.3939858301039578,0.16038272366143258,0.14108793986250692
0.9,1.4039858301039576,0.16121344076796584,0.1421758884775803
0.9,1.4139858301039574,0.16203095687246172,0.1432496581290219
0.9,1.4239858301039576,0.16283545324287985,0.14430912227290624
0.9,1.4339858301039579,0.16362713262178152,0.14535416530089848
0.9,1.4439858301039576,0.1644062197889674,0.14638468244545394
0.9,1.4539858301039574,0.16517296212017207,0.14740057967399797
0.9,1.4639858301039577,0.16592763013994227,0.14840177357247591
0.9,1.473985830103958,0.16667051806675004,0.14938819121866964
0.9,1.4839858301039577,0.1674019443483269,0.150359770045688
0.9,1.4939858301039575,0.16812225218520083,0.15131645769604382
0.9,1.5039858301039577,0.1688318100403362,0.15225821186673877
0.9,1.513985830103958,0.16953101213276545,0.153185000145781
0.9,1.5239858301039577,0.17022027891306812,0.15409679984056726
0.9,1.5339858301039575,0.17090005751854387,0.15499359779856345
0.9,1.5439858301039577,0.1715708222058815,0.15587539022071947
0.9,1.553985830103958,0.17223307475916172,0.15674218246805874
0.9,1.5639858301039578,0.17288734487099333,0.15759398886188059
0.9,1.5739858301039575,0.1735341904946165,0.15843083247801631
0.9,1.5839858301039578,0.17417419816480462,0.15925274493557634
0.9,1.593985830103958,0.1748079832854268,0.16005976618062667
0.9,1.6039858301039578,0.17543619038155855,0.16085194426522825
0.9,1.6139858301039576,0.1760594933140659,0.16162933512227093
0.9,1.6239858301039578,0.1766785954546337,0.1623920023365293
0.9,1.633985830103958,0.1772942298192548,0.16314001691236169
0.9,1.6439858301039578,0.17790715915826183,0.16387345703847095
0.9,1.6539858301039576,0.1785181760010368,0.16459240785013646
0.9,1.6639858301039578,0.17912810265363188,0.165296961189322
0.9,1.673985830103958,0.17973779114757737,0.1659872153630556
0.9,1.6839858301039579,0.1803481231382731,0.16666327490047142
0.9,1.6939858301039576,0.18096000975142656,0.16732525030889223
0.9,1.7039858301039579,0.1815743913761264,0.16797325782932568
0.9,1.713985830103958,0.18219223740321155,0.1686074191917349
0.9,1.723985830103958,0.1828145459077437,0.1692278613704368
0.9,1.7339858301039577,0.18344234327447784,0.16983471633996944
0.9,1.743985830103958,0.1840766837653668,0.17042812083176015
0.9,1.7539858301039581,0.18471864902825286,0.17100821609191463
0.9,1.763985830103958,0.18536934754603596,0.1715751476404371
0.9,1.7739858301039577,0.18602991402574254,0.17212906503217903
0.9,1.783985830103958,0.1867015087270627,0.17267012161980244
0.9,1.7939858301039582,0.18738531673004977,0.17319847431903274
0.9,1.803985830103958,0.18808254714186345,0.17371428337646352
0.9,1.8139858301039578,0.1887944322425379,0.17421771214016332
0.9,1.823985830103958,0.18952222656993412,0.17470892683332218
0.9,1.8339858301039582,0.19026720594421176,0.1751880963311648
0.9,1.843985830103958,0.19103066643224975,0.17565539194134233
0.9,1.8539858301039578,0.19181392325267177,0.17611098718800475
0.9,1.863985830103958,0.19261830962223736,0.17655505759974238
0.9,1.8739858301039582,0.19344517554454277,0.17698778050157243
0.9,1.883985830103958,0.1942958865421306,0.17740933481113536
0.9,1.8939858301039578,0.1951718223332517,0.17781990083925253
0.9,1.903985830103958,0.1960743754546831,0.17821966009498538
0.9,1.9139858301039583,0.19700494983218164,0.17860879509532396
0.9,1.923985830103958,0.19796495930025026,0.17898748917962115
0.9,1.9339858301039579,0.1989558260731067,0.17935592632887737
0.9,1.943985830103958,0.19997897916884144,0.17971429098996894
0.9,1.9539858301039583,0.20103585278891445,0.18006276790490208
0.9,1.963985830103958,0.20212788465527332,0.18040154194516414
0.9,1.973985830103958,0.20325651430751535,0.18073079795123212
0.9,1.9839858301039581,0.20442318136263649,0.18105072057728885
0.9,1.9939858301039584,0.20562932374002263,0.18136149414118602
