Kallus GP,Kallus RF,GP obs,GP exp,ICM
41.62118702929054,39.07052467252291,57.89301578139973,43.1741055618713,37.86435169763139
